Date,Open Price,High Price,Low Price,Close Price,WAP,No.of Shares,No. of Trades,Total Turnover (Rs.),Deliverable Quantity,% Deli. Qty to Traded Qty,Spread High-Low,Spread Close-Open
21-April-2022,18150.00,18572.95,17772.90,18205.80,18130.183442265795206971,4590,1770,83217542.00,950,20.70,800.05,55.80
20-April-2022,18100.10,18415.00,18017.15,18313.70,18295.559070687098368759,6069,1321,111035748.00,4677,77.06,397.85,213.60
19-April-2022,18470.05,18718.00,17845.60,17943.15,18355.093319559228650137,2904,716,53303191.00,1619,55.75,872.40,-526.90
18-April-2022,18294.50,18684.50,18294.50,18549.85,18511.224598930481283422,1496,586,27692792.00,557,37.23,390.00,255.35
13-April-2022,18371.20,18549.30,18248.25,18343.90,18388.967826086956521739,1150,550,21147313.00,573,49.83,301.05,-27.30
12-April-2022,18339.00,18497.00,18216.30,18430.00,18390.222000000000000000,2000,537,36780444.00,1412,70.60,280.70,91.00
11-April-2022,18499.00,18518.35,18225.00,18422.70,18385.862359550561797752,712,364,13090734.00,305,42.84,293.35,-76.30
8-April-2022,18180.00,18500.00,18101.00,18431.10,18361.677527151211361737,1197,514,21978928.00,534,44.61,399.00,251.10
7-April-2022,18198.60,18245.95,17986.75,18175.55,18131.799564270152505446,918,357,16644992.00,240,26.14,259.20,-23.05
6-April-2022,17900.00,18255.35,17871.20,18207.60,18096.243542435424354243,813,397,14712246.00,341,41.94,384.15,307.60
5-April-2022,17849.00,18050.00,17738.75,18014.50,17924.610995850622406639,964,529,17279325.00,351,36.41,311.25,165.50
4-April-2022,17645.60,17868.00,17461.10,17782.20,17707.131386861313868613,1370,558,24258770.00,698,50.95,406.90,136.60
1-April-2022,17340.00,17607.65,17250.00,17544.95,17376.882779456193353474,1655,376,28758741.00,1150,69.49,357.65,204.95
31-March-2022,17295.55,17427.70,17209.05,17376.80,17336.425324675324675324,1232,513,21358476.00,466,37.82,218.65,81.25
30-March-2022,17050.00,17338.15,17050.00,17295.55,17184.150924702774108322,3028,1295,52033609.00,1762,58.19,288.15,245.55
29-March-2022,16866.00,16998.25,16822.50,16922.85,16903.570858283433133732,3006,1199,50812134.00,1726,57.42,175.75,56.85
28-March-2022,17170.00,17281.40,16791.40,16863.45,16895.282588367308771273,5347,2023,90339076.00,3513,65.70,490.00,-306.55
25-March-2022,17375.05,17375.05,17075.00,17177.10,17199.181929181929181929,1638,743,28172260.00,969,59.16,300.05,-197.95
24-March-2022,17399.00,17493.95,17255.50,17392.85,17382.913725490196078431,1275,632,22163215.00,625,49.02,238.45,-6.15
23-March-2022,17498.30,17544.00,17304.50,17349.10,17418.171622769753610875,1177,530,20501188.00,560,47.58,239.50,-149.20
22-March-2022,17815.30,17815.35,17260.00,17415.65,17397.529615861214374225,4035,1257,70199032.00,1627,40.32,555.35,-399.65
21-March-2022,18495.00,18495.00,17804.90,17859.55,18027.351114112086428089,1481,539,26698507.00,541,36.53,690.10,-635.45
17-March-2022,17804.00,18361.70,17804.00,18269.40,18058.050496688741721854,1208,624,21814125.00,368,30.46,557.70,465.40
16-March-2022,17500.00,17865.00,17471.00,17804.00,17650.632478632478632478,2925,956,51628100.00,2172,74.26,394.00,304.00
15-March-2022,17449.00,17550.00,17258.50,17475.65,17420.889232673267326732,1616,742,28152157.00,715,44.24,291.50,26.65
14-March-2022,17448.00,17448.00,17154.10,17376.95,17275.464446444644464446,1111,489,19193041.00,428,38.52,293.90,-71.05
11-March-2022,17664.00,17664.00,17235.15,17322.80,17461.272518382352941176,4352,809,75991458.00,1224,28.12,428.85,-341.20
10-March-2022,17250.00,17686.70,17247.15,17633.95,17459.736050460941290635,2061,886,35984516.00,810,39.30,439.55,383.95
9-March-2022,17349.95,17349.95,17070.10,17147.35,17153.317755289788408463,10870,1531,186456564.00,9360,86.11,279.85,-202.60
8-March-2022,17225.00,17518.00,16975.00,17299.70,17232.735026535253980288,2638,1280,45459955.00,1036,39.27,543.00,74.70
7-March-2022,17394.00,17408.00,17048.75,17342.50,17271.919270833333333333,8448,1979,145913174.00,6445,76.29,359.25,-51.50
4-March-2022,17331.50,17550.75,17025.00,17389.60,17290.530270270270270270,1850,1149,31987481.00,817,44.16,525.75,58.10
3-March-2022,17926.60,17926.60,17402.95,17450.80,17587.694258016405667412,1341,644,23585098.00,393,29.31,523.65,-475.80
2-March-2022,17659.65,17878.20,17467.10,17840.10,17665.311663479923518164,1046,654,18477916.00,219,20.94,411.10,180.45
28-February-2022,17680.00,17758.15,17329.15,17603.05,17455.938207136640557006,2298,853,40113746.00,,,429.00,-76.95
25-February-2022,17727.75,17901.25,17584.70,17706.50,17724.901160862354892205,3015,1213,53440577.00,858,28.46,316.55,-21.25
24-February-2022,17730.00,17952.65,17553.55,17727.75,17698.206863218946350894,4138,2318,73235180.00,1783,43.09,399.10,-2.25
23-February-2022,18265.50,18265.50,17865.00,17949.45,18019.632825719120135363,1182,578,21299206.00,612,51.78,400.50,-316.05
22-February-2022,17999.00,18140.50,17782.65,18091.30,17976.117857142857142857,840,433,15099939.00,287,34.17,357.85,92.30
21-February-2022,17901.05,18162.85,17826.95,18090.45,17982.053238686779059449,1127,698,20265774.00,566,50.22,335.90,189.40
18-February-2022,17582.20,18216.00,17582.20,18059.00,18026.503314724354501046,5732,1886,103327917.00,1903,33.20,633.80,476.80
17-February-2022,18305.05,18572.95,17969.30,18084.55,18242.184400065477164838,12218,3111,222883009.00,1948,15.94,603.65,-220.50
16-February-2022,18188.00,18398.15,18048.50,18244.35,18216.174857142857142857,875,565,15939153.00,349,39.89,349.65,56.35
15-February-2022,17663.75,18315.65,17570.55,18181.00,18054.317209302325581395,2150,1136,38816782.00,782,36.37,745.10,517.25
14-February-2022,17550.05,17805.35,17424.45,17663.75,17610.349116873355881247,2661,1601,46861139.00,1227,46.11,380.90,113.70
11-February-2022,18058.60,18120.00,17630.00,17815.20,17747.165153480328577604,2313,1048,41049193.00,995,43.02,490.00,-243.40
10-February-2022,18140.00,18200.00,18018.05,18098.30,18098.381944444444444444,576,343,10424668.00,240,41.67,181.95,-41.70
9-February-2022,18134.85,18232.30,18034.95,18127.00,18109.095733610822060353,961,441,17402841.00,426,44.33,197.35,-7.85
8-February-2022,18100.10,18134.95,17987.55,18082.35,18066.219127205199628597,1077,692,19457318.00,444,41.23,147.40,-17.75
7-February-2022,18449.95,18449.95,17910.05,18091.85,18062.395339954163483575,2618,1033,47287351.00,1367,52.22,539.90,-358.10
4-February-2022,18474.00,18474.00,18190.35,18329.90,18310.489219330855018587,1345,679,24627608.00,480,35.69,283.65,-144.10
3-February-2022,18500.00,18544.25,18250.00,18312.30,18329.481939163498098859,1052,475,19282615.00,581,55.23,294.25,-187.70
2-February-2022,18750.00,18817.80,18450.00,18493.95,18549.281231497927767910,1689,701,31329736.00,884,52.34,367.80,-256.05
1-February-2022,18724.95,18770.60,18422.85,18662.95,18660.533223954060705496,1219,670,22747190.00,443,36.34,347.75,-62.00
31-January-2022,18549.95,18629.30,18440.00,18527.65,18538.499374217772215269,799,485,14812261.00,337,42.18,189.30,-22.30
28-January-2022,18410.00,18650.00,18330.60,18376.85,18495.457653457653457653,1287,768,23803654.00,607,47.16,319.40,-33.15
27-January-2022,18420.15,18581.70,18224.10,18391.90,18386.353505535055350553,2710,1854,49827018.00,1058,39.04,357.60,-28.25
25-January-2022,18718.95,18860.05,18319.25,18795.25,18562.818035426731078904,1242,850,23055020.00,422,33.98,540.80,76.30
24-January-2022,19000.00,19037.05,18606.50,18710.15,18878.112186537615486141,2273,1009,42909949.00,1095,48.17,430.55,-289.85
21-January-2022,18750.00,19040.50,18620.00,18958.55,18713.128639545500659429,9857,1166,184455309.00,8592,87.17,420.50,208.55
20-January-2022,18931.60,19074.90,18618.40,18758.75,18834.901427913403961308,2171,1161,40890571.00,987,45.46,456.50,-172.85
19-January-2022,19369.00,19425.60,18671.00,18903.30,18999.347912524850894632,1509,663,28670016.00,806,53.41,754.60,-465.70
18-January-2022,19300.00,19430.00,19190.55,19370.75,19278.822134387351778656,759,417,14632626.00,346,45.59,239.45,70.75
17-January-2022,19410.00,19524.70,19127.85,19328.80,19359.947234583598219961,1573,973,30453197.00,729,46.34,396.85,-81.20
14-January-2022,19757.35,19757.35,19272.55,19409.55,19415.941176470588235294,1241,543,24095183.00,619,49.88,484.80,-347.80
13-January-2022,19702.00,19742.40,19605.45,19677.00,19654.476340694006309148,634,339,12460938.00,240,37.85,136.95,-25.00
12-January-2022,19777.50,19843.35,19655.40,19700.05,19748.961428571428571428,700,501,13824273.00,379,54.14,187.95,-77.45
11-January-2022,19600.00,19822.55,19600.00,19776.30,19732.062500000000000000,592,459,11681381.00,263,44.43,222.55,176.30
10-January-2022,19923.50,19925.35,19686.80,19707.05,19767.739602169981916817,1106,621,21863120.00,578,52.26,238.55,-216.45
7-January-2022,19680.00,19953.20,19596.25,19923.50,19725.660056657223796033,1412,617,27852632.00,576,40.79,356.95,243.50
6-January-2022,19843.95,19910.40,19547.55,19647.50,19680.125886524822695035,564,372,11099591.00,166,29.43,362.85,-196.45
5-January-2022,19999.00,20025.00,19867.35,19925.10,19941.978915662650602409,664,387,13241474.00,230,34.64,157.65,-73.90
4-January-2022,19699.95,19940.00,19644.85,19878.75,19817.439924314096499526,1057,528,20947034.00,508,48.06,295.15,178.80
3-January-2022,19601.05,19800.00,19601.05,19671.00,19720.786948176583493282,1563,861,30823590.00,710,45.43,198.95,69.95
31-December-2021,19400.00,19795.00,19361.60,19708.55,19640.546824542518837459,929,473,18246068.00,520,55.97,433.40,308.55
30-December-2021,19405.00,19582.00,19323.75,19399.85,19460.344801223241590214,1308,709,25454131.00,717,54.82,258.25,-5.15
29-December-2021,19398.95,19450.00,19265.50,19404.05,19390.325254654021777309,2847,693,55204256.00,2207,77.52,184.50,5.10
28-December-2021,19331.60,19466.95,19253.05,19353.10,19374.703773584905660377,1060,693,20537186.00,505,47.64,213.90,21.50
27-December-2021,19200.00,19385.35,19106.95,19305.75,19252.082089552238805970,536,315,10319116.00,186,34.70,278.40,105.75
24-December-2021,19214.00,19425.00,19170.75,19218.10,19295.662239089184060721,1054,400,20337628.00,603,57.21,254.25,4.10
23-December-2021,19237.85,19296.05,19158.35,19207.00,19207.453857791225416036,661,335,12696127.00,351,53.10,137.70,-30.85
22-December-2021,19155.00,19332.40,19019.75,19184.35,19143.642375168690958164,1482,899,28370878.00,456,30.77,312.65,29.35
21-December-2021,19080.00,19271.45,18902.60,19227.70,19115.148638704930095658,1359,889,25977487.00,499,36.72,368.85,147.70
20-December-2021,19074.95,19254.00,18606.30,18893.70,18859.042756539235412474,1988,982,37491777.00,958,48.19,647.70,-181.25
17-December-2021,19080.00,19226.00,19001.00,19055.55,19109.928151534944480731,1531,925,29257300.00,659,43.04,225.00,-24.45
16-December-2021,19151.35,19329.05,19129.50,19268.70,19218.846235418875927889,943,436,18123372.00,580,61.51,199.55,117.35
15-December-2021,19198.00,19300.00,19048.10,19151.35,19158.592989289191820837,1027,567,19675875.00,173,16.85,251.90,-46.65
14-December-2021,18926.00,19314.15,18925.00,19197.90,19154.992495309568480300,1599,928,30628833.00,752,47.03,389.15,271.90
13-December-2021,19260.00,19348.30,18925.60,19001.75,19070.077815188926300037,2673,1347,50974318.00,1161,43.43,422.70,-258.25
10-December-2021,19298.95,19312.45,19039.00,19273.45,19197.234749828649760109,2918,883,56017531.00,1951,66.86,273.45,-25.50
9-December-2021,19532.35,19554.95,19175.00,19283.00,19259.026139817629179331,1645,580,31681098.00,1040,63.22,379.95,-249.35
8-December-2021,19359.60,19510.00,19310.65,19476.15,19382.401478311612526745,5141,578,99644926.00,432,8.40,199.35,116.55
7-December-2021,19206.60,19430.00,18972.10,19336.10,19188.780279862848670188,10791,929,207066128.00,4600,42.63,457.90,129.50
6-December-2021,19480.00,19480.00,18925.45,18993.20,19148.244138634046890927,1962,673,37568855.00,1282,65.34,554.55,-486.80
3-December-2021,19400.00,19438.60,19136.10,19305.40,19290.229247730220492866,3084,1538,59491067.00,1655,53.66,302.50,-94.60
2-December-2021,19440.00,19640.00,19230.15,19503.95,19481.518601798855273916,4892,1321,95303589.00,4044,82.67,409.85,63.95
1-December-2021,19258.05,19438.00,19182.80,19388.50,19369.160941475826972010,1572,894,30448321.00,652,41.48,255.20,130.45
30-November-2021,19099.00,19417.25,18972.20,19159.10,19146.316380839739798935,5073,2245,97129263.00,3606,71.08,445.05,60.10
29-November-2021,19170.00,19170.00,18802.00,19005.75,19008.702510917030567685,1832,931,34823943.00,825,45.03,368.00,-164.25
26-November-2021,19149.00,19430.00,18987.05,19210.35,19215.350433044636908727,4503,1539,86526723.00,3115,69.18,442.95,61.35
25-November-2021,18953.30,19211.15,18925.00,19188.35,19063.688288288288288288,1110,720,21160694.00,355,31.98,286.15,235.05
24-November-2021,19105.00,19500.00,18947.80,19105.45,19165.902186421173762945,869,572,16655169.00,281,32.34,552.20,0.45
23-November-2021,19100.00,19246.05,18893.25,19164.00,19090.780634104541559554,1167,840,22278941.00,392,33.59,352.80,64.00
22-November-2021,19400.00,19500.00,18850.00,19005.70,19131.477419354838709677,1085,641,20757653.00,428,39.45,650.00,-394.30
18-November-2021,19158.00,19470.70,19158.00,19400.20,19401.336375488917861799,767,500,14880825.00,184,23.99,312.70,242.20
17-November-2021,19403.55,19560.00,19371.20,19462.25,19479.626110124333925399,1126,723,21934059.00,584,51.86,188.80,58.70
16-November-2021,19352.05,19588.75,19331.70,19463.15,19436.210420841683366733,998,506,19397338.00,441,44.19,257.05,111.10
15-November-2021,19210.80,19498.90,19089.05,19425.35,19337.442826812253563845,3297,1077,63755549.00,2499,75.80,409.85,214.55
12-November-2021,18817.35,19250.00,18817.35,19134.60,19074.110936887495099960,2551,1325,48658057.00,1070,41.94,432.65,317.25
11-November-2021,18949.00,18949.00,18674.05,18880.65,18799.153121319199057714,1698,962,31920962.00,604,35.57,274.95,-68.35
10-November-2021,18940.05,19030.75,18803.40,18954.40,18906.096534653465346534,808,475,15276126.00,231,28.59,227.35,14.35
9-November-2021,19070.00,19070.00,18800.05,18914.55,18901.503036996134732192,1811,1024,34230622.00,616,34.01,269.95,-155.45
8-November-2021,18970.00,19085.55,18678.05,19050.30,18909.913742690058479532,2052,1249,38803143.00,997,48.59,407.50,80.30
4-November-2021,18914.50,18947.55,18850.00,18895.95,18896.902887139107611548,381,261,7199720.00,288,75.59,97.55,-18.55
3-November-2021,18890.00,18890.00,18569.00,18727.25,18707.014129736673089274,1557,760,29126821.00,633,40.66,321.00,-162.75
2-November-2021,18870.00,19025.80,18708.55,18773.80,18839.029185867895545314,1953,1008,36792624.00,943,48.28,317.25,-96.20
1-November-2021,19100.00,19100.00,18741.55,18957.25,18881.370566037735849056,1325,852,25017816.00,545,41.13,358.45,-142.75
29-October-2021,19089.95,19107.05,18762.80,19002.00,18927.821098687408847836,2057,1352,38934528.00,635,30.87,344.25,-87.95
28-October-2021,19076.90,19100.00,18861.45,18997.35,18996.173402868318122555,767,517,14570065.00,294,38.33,238.55,-79.55
27-October-2021,19218.00,19415.00,18911.45,19004.15,19211.345823095823095823,1628,840,31276071.00,436,26.78,503.55,-213.85
26-October-2021,18799.00,19273.80,18637.70,19214.10,18955.199625993454885460,2139,1138,40545172.00,643,30.06,636.10,415.10
25-October-2021,18950.00,19009.95,18611.00,18692.00,18714.392804044008325899,3363,1771,62936503.00,1546,45.97,398.95,-258.00
22-October-2021,19445.00,19445.00,18850.00,19009.95,19075.228142076502732240,2928,1568,55852268.00,1140,38.93,595.00,-435.05
21-October-2021,19549.00,19549.00,19060.15,19247.15,19250.961285609934258582,1369,834,26354566.00,410,29.95,488.85,-301.85
20-October-2021,19499.00,20200.00,19054.45,19273.70,19443.833414844314026875,42939,5278,834898763.00,34208,79.67,1145.55,-225.30
19-October-2021,19544.70,19733.50,19285.40,19377.50,19516.166254125412541254,2424,1269,47307187.00,699,28.84,448.10,-167.20
18-October-2021,19501.05,19599.95,19211.00,19427.25,19396.564173591874422899,2166,946,42012958.00,1121,51.75,388.95,-73.80
14-October-2021,19500.00,19500.00,19227.30,19320.15,19322.622574955908289241,1134,665,21911854.00,445,39.24,272.70,-179.85
13-October-2021,19480.00,19480.00,19220.65,19318.80,19309.051574510290106620,8066,1008,155746810.00,1833,22.72,259.35,-161.20
12-October-2021,19099.00,19440.40,18990.50,19414.65,19095.902527402844460548,11039,1570,210799668.00,1834,16.61,449.90,315.65
11-October-2021,18999.00,19197.85,18999.00,19072.85,18994.478957092999384110,34097,1220,647654749.00,32274,94.65,198.85,73.85
8-October-2021,18998.00,19160.70,18945.00,18996.05,19034.773612642410878353,2721,1433,51793619.00,988,36.31,215.70,-1.95
7-October-2021,19201.00,19298.50,18998.00,19049.60,19152.584555229716520039,2046,1192,39186188.00,1224,59.82,300.50,-151.40
6-October-2021,19399.85,19619.80,19080.15,19171.95,19329.372009569377990430,2508,1227,48478065.00,1066,42.50,539.65,-227.90
5-October-2021,19661.65,19661.65,19350.00,19399.85,19452.317880794701986754,755,442,14686500.00,388,51.39,311.65,-261.80
4-October-2021,19549.90,19645.10,19398.80,19494.55,19520.329405162738496071,1782,899,34785227.00,769,43.15,246.30,-55.35
1-October-2021,19475.00,19640.45,19244.85,19553.50,19398.525921299188007495,1601,892,31057040.00,645,40.29,395.60,78.50
30-September-2021,19618.90,19618.90,19320.35,19450.75,19464.651913875598086124,836,513,16272449.00,279,33.37,298.55,-168.15
29-September-2021,19480.00,19704.35,19424.15,19472.40,19525.424816625916870415,4908,1270,95830785.00,3554,72.41,280.20,-7.60
28-September-2021,19697.00,19714.20,19480.00,19555.00,19587.319343945972021225,2073,1114,40604513.00,929,44.81,234.20,-142.00
27-September-2021,19850.00,19899.50,19620.00,19656.70,19714.314549506526583890,3141,1591,61922662.00,1303,41.48,279.50,-193.30
24-September-2021,19855.00,19979.85,19790.80,19892.00,19878.226800296956198960,2694,915,53551943.00,1877,69.67,189.05,37.00
23-September-2021,20128.90,20128.90,19815.00,19841.70,19925.390965313256251680,33471,871,666922761.00,32815,98.04,313.90,-287.20
22-September-2021,20153.00,20153.00,19850.35,19929.80,19956.097654118930714675,5499,1500,109738581.00,4016,73.03,302.65,-223.20
21-September-2021,20350.00,20350.00,20025.00,20152.00,20206.987612612612612612,888,512,17943805.00,311,35.02,325.00,-198.00
20-September-2021,20199.00,20389.90,20110.05,20312.05,20299.851277372262773722,2192,1220,44497274.00,1613,73.59,279.85,113.05
17-September-2021,20240.00,20287.35,20097.80,20179.45,20221.801928783382789317,2696,1142,54517978.00,1747,64.80,189.55,-60.55
16-September-2021,20259.35,20259.35,19975.85,20043.85,20044.080730701237477902,1697,829,34014805.00,1055,62.17,283.50,-215.50
15-September-2021,20400.00,20400.00,20090.00,20118.20,20190.890234059725585149,1239,793,25016513.00,563,45.44,310.00,-281.80
14-September-2021,20452.00,20599.95,20178.85,20232.20,20336.193021529324424647,1347,629,27392852.00,451,33.48,421.10,-219.80
13-September-2021,20400.00,20500.25,20243.80,20434.60,20417.372402327514546965,1203,496,24562099.00,373,31.01,256.45,34.60
9-September-2021,19940.00,20527.10,19850.00,20439.45,20254.629017341040462427,8650,2927,175202541.00,5863,67.78,677.10,499.45
8-September-2021,20370.00,20517.90,19783.60,19876.65,20008.960535117056856187,4485,2205,89740188.00,1712,38.17,734.30,-493.35
7-September-2021,20250.00,20397.30,20217.70,20373.25,20324.193337687785760940,1531,740,31116340.00,420,27.43,179.60,123.25
6-September-2021,20265.00,20346.85,20169.55,20209.45,20231.966400000000000000,1250,595,25289958.00,440,35.20,177.30,-55.55
3-September-2021,20255.00,20333.30,20102.55,20260.15,20214.017669795692987299,1811,1055,36607586.00,899,49.64,230.75,5.15
2-September-2021,19801.05,20284.75,19774.40,20242.30,20025.298033282904689863,3305,1581,66183610.00,1802,54.52,510.35,441.25
1-September-2021,19797.95,19883.45,19581.00,19832.60,19723.993846153846153846,2275,913,44872086.00,879,38.64,302.45,34.65
31-August-2021,19800.00,19831.00,19352.20,19458.10,19546.271688099612165748,4899,2254,95757185.00,1987,40.56,478.80,-341.90
30-August-2021,20000.00,20092.40,19701.00,19763.60,19869.357446808510638297,1880,982,37354392.00,758,40.32,391.40,-236.40
27-August-2021,20149.95,20149.95,19915.35,19953.95,19964.662259615384615384,832,404,16610599.00,369,44.35,234.60,-196.00
26-August-2021,19999.00,20112.85,19816.15,20046.80,19945.775862068965517241,1740,753,34705650.00,759,43.62,296.70,47.80
25-August-2021,19810.00,20333.80,19810.00,19907.40,20061.085767702734283711,4279,1850,85841386.00,1319,30.82,523.80,97.40
24-August-2021,20080.00,20144.10,19666.50,19785.20,19827.770009800718719372,3061,1295,60692804.00,482,15.75,477.60,-294.80
23-August-2021,19700.00,20083.75,19556.00,20016.50,19824.524199373946544666,4153,2187,82331249.00,1296,31.21,527.75,316.50
20-August-2021,18690.00,19632.25,18598.75,19552.80,19288.445062923523717328,4132,1791,79699855.00,1441,34.87,1033.50,862.80
18-August-2021,18730.00,18958.15,18730.00,18910.00,18858.949922958397534668,1298,548,24478917.00,499,38.44,228.15,180.00
17-August-2021,18300.00,18790.00,18300.00,18729.95,18586.081401475237091675,3796,1715,70552765.00,2349,61.88,490.00,429.95
16-August-2021,18250.00,18488.00,18216.35,18297.00,18349.720068906115417743,1161,594,21304025.00,469,40.40,271.65,47.00
13-August-2021,18136.55,18280.65,18136.55,18268.30,18238.086647727272727272,1408,719,25679226.00,799,56.75,144.10,131.75
12-August-2021,18138.50,18235.20,18072.80,18136.55,18142.941495124593716143,923,433,16745935.00,277,30.01,162.40,-1.95
11-August-2021,18250.00,18277.00,18025.00,18164.15,18137.258823529411764705,1190,685,21583338.00,485,40.76,252.00,-85.85
10-August-2021,18311.00,18360.00,18088.70,18277.90,18246.126968503937007874,1016,496,18538065.00,321,31.59,271.30,-33.10
9-August-2021,18150.00,18228.00,18021.90,18196.85,18148.850372376438727149,1477,836,26805852.00,817,55.31,206.10,46.85
6-August-2021,18280.00,18280.00,17988.00,18095.05,18074.771854174833398667,2551,739,46108743.00,1583,62.05,292.00,-184.95
5-August-2021,18180.00,18280.10,18000.00,18214.25,18146.234992679355783308,1366,647,24787757.00,287,21.01,280.10,34.25
4-August-2021,18320.00,18336.10,18010.00,18050.80,18152.494147582697201017,1965,1011,35669651.00,672,34.20,326.10,-269.20
3-August-2021,17735.00,18409.00,17666.45,18287.80,18075.721093202522775052,2854,972,51588108.00,1040,36.44,742.55,552.80
2-August-2021,17703.05,17900.00,17675.05,17709.05,17786.662825955124317768,1649,844,29330207.00,624,37.84,224.95,6.00
30-July-2021,17914.00,17932.70,17664.90,17702.75,17771.199555308504724847,1799,798,31970388.00,603,33.52,267.80,-211.25
29-July-2021,17967.00,18155.90,17796.25,17909.90,17912.457400863761287789,2547,1352,45623029.00,495,19.43,359.65,-57.10
28-July-2021,18338.00,18338.00,17900.00,18012.60,17981.031432139883430474,4804,1687,86380875.00,3077,64.05,438.00,-325.40
27-July-2021,18000.20,18446.55,17979.25,18238.45,18278.203504579848665870,2511,1237,45896569.00,754,30.03,467.30,238.25
26-July-2021,18000.00,18173.95,18000.00,18077.55,18106.360381861575178997,1257,646,22759695.00,406,32.30,173.95,77.55
23-July-2021,17999.00,18218.00,17890.90,18122.85,18076.083126550868486352,3224,1616,58277292.00,1777,55.12,327.10,123.85
22-July-2021,17895.00,18026.40,17723.65,17995.20,17905.683475298126064735,2935,1094,52553181.00,1742,59.35,302.75,100.20
20-July-2021,17799.00,17898.45,17710.10,17829.40,17808.620448179271708683,1428,641,25430710.00,493,34.52,188.35,30.40
19-July-2021,17575.00,17848.60,17575.00,17749.20,17667.463656387665198237,17252,881,304799083.00,15938,92.38,273.60,174.20
16-July-2021,17698.00,17714.70,17549.65,17650.10,17659.004815409309791332,623,216,11001560.00,349,56.02,165.05,-47.90
15-July-2021,17550.00,17650.00,17447.70,17618.80,17593.838884585592563903,1291,420,22713646.00,732,56.70,202.30,68.80
14-July-2021,17720.00,17720.00,17508.95,17535.55,17557.127828054298642533,884,440,15520501.00,303,34.28,211.05,-184.45
13-July-2021,17650.00,17726.60,17625.20,17673.80,17688.324725629438347320,1549,693,27399215.00,969,62.56,101.40,23.80
12-July-2021,17631.00,17725.00,17574.00,17645.35,17637.661971830985915492,16969,989,299293486.00,15944,93.96,151.00,14.35
9-July-2021,17620.00,17669.00,17557.75,17640.75,17635.738650306748466257,1630,688,28746254.00,1266,77.67,111.25,20.75
8-July-2021,17600.00,17683.50,17545.00,17618.80,17602.296062992125984251,635,313,11177458.00,184,28.98,138.50,18.80
7-July-2021,17521.80,17776.00,17361.95,17714.80,17645.102298206278026905,3568,1691,62957725.00,2684,75.22,414.05,193.00
6-July-2021,17601.00,17606.05,17425.00,17489.65,17485.049300060864272671,1643,685,28727936.00,657,39.99,181.05,-111.35
5-July-2021,17684.95,17706.00,17531.30,17634.55,17626.083463338533541341,1282,704,22596639.00,633,49.38,174.70,-50.40
2-July-2021,17641.60,17641.60,17497.00,17602.75,17564.919799498746867167,798,354,14016806.00,308,38.60,144.60,-38.85
1-July-2021,17765.00,17765.00,17574.90,17641.60,17647.353433835845896147,1194,607,21070940.00,516,43.22,190.10,-123.40
30-June-2021,17650.00,17746.15,17575.55,17676.75,17678.416377515614156835,1441,520,25474598.00,757,52.53,170.60,26.75
29-June-2021,17570.00,17719.95,17501.90,17578.70,17625.625124295657938349,3017,1148,53176511.00,1425,47.23,218.05,8.70
28-June-2021,17505.00,17610.65,17468.55,17508.10,17543.477064220183486238,654,319,11473434.00,166,25.38,142.10,3.10
25-June-2021,17600.00,17651.30,17440.00,17501.50,17522.350386100386100386,1036,396,18153155.00,386,37.26,211.30,-98.50
24-June-2021,17450.00,17670.35,17334.35,17596.40,17481.429981718464351005,2735,736,47811711.00,1493,54.59,336.00,146.40
23-June-2021,17500.00,17553.00,17367.15,17406.05,17438.573821302974310067,16777,1027,292566953.00,15660,93.34,185.85,-93.95
22-June-2021,17798.95,17798.95,17415.00,17451.20,17489.177969762419006479,2315,970,40487447.00,1040,44.92,383.95,-347.75
21-June-2021,17650.00,17692.90,17513.10,17642.50,17587.455835962145110410,3170,1031,55752235.00,1788,56.40,179.80,-7.50
18-June-2021,18047.90,18075.80,17600.00,17678.30,17914.071255306246209824,3298,1198,59080607.00,1806,54.76,475.80,-369.60
17-June-2021,17972.45,18175.00,17896.40,18053.50,18092.908391214567298667,5327,2252,96380923.00,2860,53.69,278.60,81.05
16-June-2021,17700.00,18051.95,17599.95,17972.45,17919.031469979296066252,4830,1731,86548922.00,2097,43.42,452.00,272.45
15-June-2021,17698.00,17710.00,17518.20,17679.50,17582.949281097480543463,15162,460,266592677.00,14767,97.39,191.80,-18.50
14-June-2021,17495.00,17626.00,17410.65,17575.15,17551.427209387605427209,2727,1225,47862742.00,1836,67.33,215.35,80.15
11-June-2021,17600.00,17600.05,17369.10,17543.05,17489.250464972101673899,1613,667,28210161.00,599,37.14,230.95,-56.95
10-June-2021,17562.00,17670.00,17485.55,17547.10,17607.726466863655550865,2369,1195,41712704.00,1545,65.22,184.45,-14.90
9-June-2021,17489.00,17612.00,17436.05,17562.25,17511.395842355998267648,2309,1154,40433813.00,1499,64.92,175.95,73.25
8-June-2021,17535.00,17616.45,17414.60,17487.65,17496.342242019302152932,1347,611,23567573.00,586,43.50,201.85,-47.35
7-June-2021,17450.05,17588.05,17350.15,17532.20,17455.490131578947368421,3648,1790,63677628.00,1935,53.04,237.90,82.15
4-June-2021,17640.00,17683.75,17387.20,17445.15,17524.566811062979006997,9003,1699,157773675.00,6403,71.12,296.55,-194.85
3-June-2021,17670.00,17850.00,17557.45,17795.70,17699.009969325153374233,1304,733,23079509.00,558,42.79,292.55,125.70
2-June-2021,17633.65,17808.00,17520.00,17645.85,17660.301743264659270998,3155,1547,55718252.00,1538,48.75,288.00,12.20
1-June-2021,17600.00,17800.00,17500.00,17765.50,17706.963941086846114779,1969,841,34865012.00,908,46.11,300.00,165.50
31-May-2021,17510.00,17740.95,17421.00,17692.70,17642.084363245566899516,1861,842,32831919.00,550,29.55,319.95,182.70
28-May-2021,17620.00,17829.20,17475.95,17507.60,17611.127667140825035561,2812,1441,49522491.00,1260,44.81,353.25,-112.40
27-May-2021,17530.00,17894.00,17431.20,17772.55,17636.610469068660774983,1471,694,25943454.00,814,55.34,462.80,242.55
26-May-2021,17525.00,17590.45,17370.05,17526.80,17485.963653754184600669,2091,979,36563150.00,806,38.55,220.40,1.80
25-May-2021,17510.00,17750.00,17450.00,17529.00,17640.659462734801050292,4951,2275,87338905.00,1964,39.67,300.00,19.00
24-May-2021,17450.00,17577.60,17310.25,17375.75,17441.952030947775628626,2585,975,45087446.00,780,30.17,267.35,-74.25
21-May-2021,17350.00,17550.00,17279.25,17491.95,17432.934829059829059829,1872,914,32634454.00,642,34.29,270.75,141.95
20-May-2021,17480.00,17500.00,17217.75,17277.10,17284.061481136469492314,2147,810,37108880.00,400,18.63,282.25,-202.90
19-May-2021,17200.00,17467.75,17200.00,17444.25,17398.909684439608269858,2757,955,47968794.00,1094,39.68,267.75,244.25
18-May-2021,17035.00,17248.60,17035.00,17173.85,17131.194478527607361963,1630,646,27923847.00,713,43.74,213.60,138.85
17-May-2021,17250.00,17281.10,17004.05,17037.00,17111.595362318840579710,1725,685,29517502.00,428,24.81,277.05,-213.00
14-May-2021,16750.00,17250.00,16714.00,17217.55,17046.527115613825983313,3356,1119,57208145.00,1459,43.47,536.00,467.55
12-May-2021,16939.95,16939.95,16621.00,16713.75,16684.704486626402070750,2318,1013,38675145.00,1022,44.09,318.95,-226.20
11-May-2021,16760.00,16945.55,16707.00,16870.95,16787.570149253731343283,1340,565,22495344.00,502,37.46,238.55,110.95
10-May-2021,16767.00,16844.40,16673.60,16763.60,16772.706385118149824032,1989,676,33360913.00,537,27.00,170.80,-3.40
7-May-2021,16780.00,16795.00,16660.10,16753.55,16742.759919028340080971,2470,1036,41354617.00,1557,63.04,134.90,-26.45
6-May-2021,16588.00,16767.00,16561.20,16727.00,16681.474042338709677419,3968,1352,66192089.00,2800,70.56,205.80,139.00
5-May-2021,16585.00,16602.00,16457.80,16550.20,16533.957070707070707070,792,359,13094894.00,288,36.36,144.20,-34.80
4-May-2021,16564.80,16627.50,16391.50,16538.10,16542.249625561657513729,2003,543,33134126.00,808,40.34,236.00,-26.70
3-May-2021,16352.00,16570.00,16267.05,16500.70,16473.966204287515762925,3965,1408,65319276.00,1642,41.41,302.95,148.70
30-April-2021,16510.00,16567.75,16271.45,16311.10,16392.447355652595827268,4122,1840,67569668.00,2358,57.21,296.30,-198.90
29-April-2021,16697.00,16709.95,16490.00,16506.95,16540.966924398625429553,2328,976,38507371.00,1260,54.12,219.95,-190.05
28-April-2021,16849.00,16849.00,16601.35,16622.00,16669.701749815466110894,23031,1484,383919901.00,20931,90.88,247.65,-227.00
27-April-2021,16870.00,16910.05,16755.15,16783.20,16809.131137352392790553,1609,435,27045892.00,448,27.84,154.90,-86.80
26-April-2021,16800.05,16887.90,16700.00,16866.45,16815.762833675564681724,1948,549,32757106.00,422,21.66,187.90,66.40
23-April-2021,16850.00,16850.00,16580.00,16624.45,16665.586847073631214600,3178,869,52963235.00,1997,62.84,270.00,-225.55
22-April-2021,17199.00,17199.00,16552.60,16778.65,16847.635593952483801295,11575,2556,195011382.00,2431,21.00,646.40,-420.35
20-April-2021,17302.20,17371.50,16885.50,17086.25,17111.911415289256198347,3872,1576,66257321.00,1111,28.69,486.00,-215.95
19-April-2021,17239.50,17239.50,16952.10,17090.35,17083.175507020280811232,1282,538,21900631.00,479,37.36,287.40,-149.15
16-April-2021,17000.00,17328.00,16870.20,17238.10,17081.109581181870338496,1743,643,29772374.00,650,37.29,457.80,238.10
15-April-2021,17490.00,17490.00,16775.00,16871.90,16990.346976401179941002,2712,1053,46077821.00,946,34.88,715.00,-618.10
13-April-2021,17450.05,17597.20,17040.20,17162.15,17231.823019086176980913,1729,704,29793822.00,562,32.50,557.00,-287.90
12-April-2021,17401.30,17620.70,17341.60,17495.70,17497.062023562023562023,2886,797,50496521.00,1180,40.89,279.10,94.40
9-April-2021,17554.70,17848.00,17518.30,17580.60,17649.754050073637702503,2037,777,35952549.00,398,19.54,329.70,25.90
8-April-2021,17421.00,17750.00,17322.45,17667.90,17465.846453003467341392,21342,2272,372756095.00,18545,86.89,427.55,246.90
7-April-2021,17080.00,17863.85,17050.00,17420.65,17455.525352952873334658,5029,1650,87783837.00,1514,30.11,813.85,340.65
6-April-2021,16935.50,17111.00,16820.00,17078.30,17011.229015544041450777,2895,1176,49247508.00,1365,47.15,291.00,142.80
5-April-2021,17125.00,17149.60,16721.80,16909.20,16917.052643495980980414,8833,2384,149428326.00,6323,71.58,427.80,-215.80
1-April-2021,17105.00,17143.05,16968.90,17102.15,17072.497749015194147439,3554,1144,60675657.00,1041,29.29,174.15,-2.85
31-March-2021,17135.00,17261.45,16952.80,17170.25,17166.195961995249406175,5052,1412,86723622.00,3001,59.40,308.65,35.25
30-March-2021,16570.00,17218.00,16570.00,17114.05,16984.081882533001721828,5227,1789,88775796.00,2034,38.91,648.00,544.05
26-March-2021,16398.00,16600.05,16250.50,16568.30,16454.940673828125000000,4096,1393,67399437.00,2282,55.71,349.55,170.30
25-March-2021,16493.00,16583.00,16116.00,16173.85,16329.646695197337137422,4206,1515,68682494.00,1394,33.14,467.00,-319.15
24-March-2021,16600.00,16762.45,16409.00,16452.60,16593.074392339798674195,4073,1225,67583592.00,2104,51.66,353.45,-147.40
23-March-2021,16599.00,16747.70,16498.90,16693.60,16693.279033232628398791,8275,2124,138136884.00,5436,65.69,248.80,94.60
22-March-2021,16415.00,16672.65,16350.05,16594.25,16505.434017595307917888,2728,888,45026824.00,1481,54.29,322.60,179.25
19-March-2021,16202.00,16590.10,16075.15,16444.35,16409.486359360301034807,6378,2122,104659704.00,3191,50.03,514.95,242.35
18-March-2021,16458.00,16625.00,16172.75,16202.70,16346.306188268494255190,4961,2102,81094025.00,2356,47.49,452.25,-255.30
17-March-2021,16749.00,16749.35,16350.00,16458.10,16447.173572996706915477,7288,2195,119867001.00,4008,54.99,399.35,-290.90
16-March-2021,16850.05,17031.00,16690.00,16749.25,16811.859125188536953242,3315,1339,55731313.00,1621,48.90,341.00,-100.80
15-March-2021,16767.00,16860.00,16596.00,16831.25,16761.093377018488181605,4273,1582,71620152.00,2134,49.94,264.00,64.25
12-March-2021,16850.00,16990.00,16649.40,16766.20,16850.919096401365904912,7614,1760,128302898.00,5268,69.19,340.60,-83.80
10-March-2021,16913.35,16999.35,16785.45,16936.70,16919.902159867085102455,5417,1608,91655110.00,3846,71.00,213.90,23.35
9-March-2021,16900.00,16930.00,16660.00,16899.35,16789.146674246731097214,1759,668,29532109.00,589,33.48,270.00,-0.65
8-March-2021,16780.00,16888.00,16631.00,16851.35,16837.018861334264757247,5726,1131,96408770.00,3832,66.92,257.00,71.35
5-March-2021,16405.15,16836.70,16405.15,16774.45,16703.773403595784252944,3226,1148,53886373.00,1666,51.64,431.55,369.30
4-March-2021,16790.00,16790.00,16450.00,16649.40,16640.676264396594892338,11982,945,199388583.00,9974,83.24,340.00,-140.60
3-March-2021,16780.00,16780.00,16553.30,16694.85,16634.461651196873473375,2047,731,34050743.00,502,24.52,226.70,-85.15
2-March-2021,16399.00,16631.55,16290.30,16571.95,16486.017927761666227260,3793,1347,62531466.00,1884,49.67,341.25,172.95
1-March-2021,16274.95,16360.00,16090.70,16288.20,16208.359259259259259259,4590,1337,74396369.00,2100,45.75,269.30,13.25
26-February-2021,16075.00,16287.20,16010.00,16097.70,16117.889973057598485400,13733,4290,221346983.00,6701,48.79,277.20,22.70
25-February-2021,16394.70,16394.70,16102.00,16114.35,16274.070349613023752335,18735,3054,304894708.00,13665,72.94,292.70,-280.35
24-February-2021,16249.00,16800.00,15900.00,16351.75,16198.020041081441181369,18013,3824,291774935.00,12699,70.50,900.00,102.75
23-February-2021,16123.00,16250.00,16003.00,16165.25,16144.505031145184475323,6261,1860,101080746.00,1873,29.92,247.00,42.25
22-February-2021,16400.00,16531.05,16024.60,16099.20,16201.359076345155231466,9051,3526,146638501.00,4625,51.10,506.45,-300.80
19-February-2021,16395.00,16477.60,16214.45,16386.10,16336.320062316081010905,5777,2431,94374921.00,2482,42.96,263.15,-8.90
18-February-2021,17050.00,17050.00,16307.00,16374.15,16484.235504339581358033,13711,3533,226015353.00,9858,71.90,743.00,-675.85
17-February-2021,16900.00,16900.00,16360.00,16739.90,16663.362321870318107383,28701,9264,478255162.00,14296,49.81,540.00,-160.10
16-February-2021,17600.00,17634.60,17141.25,17222.45,17286.161498544488039488,7901,2887,136577962.00,3613,45.73,493.35,-377.55
15-February-2021,17290.00,17500.00,17280.00,17484.50,17418.606123508043591074,1927,693,33565654.00,526,27.30,220.00,194.50
12-February-2021,17449.85,17500.00,17241.00,17286.10,17390.663798049340218014,3486,1273,60623854.00,1326,38.04,259.00,-163.75
11-February-2021,17167.70,17442.00,17165.55,17416.65,17360.118024691358024691,2025,671,35154239.00,688,33.98,276.45,248.95
10-February-2021,17396.90,17439.30,17083.80,17167.70,17232.100269380425022448,3341,1563,57572447.00,1376,41.19,355.50,-229.20
9-February-2021,17340.00,17510.70,17164.05,17325.80,17379.782240235814296241,2714,946,47168729.00,978,36.04,346.65,-14.20
8-February-2021,17199.95,17280.00,17107.35,17213.55,17221.472339230553215388,7122,1725,122651326.00,2108,29.60,172.65,13.60
5-February-2021,17244.00,17244.00,17019.95,17123.30,17080.321614063124250898,2503,947,42752045.00,1226,48.98,224.05,-120.70
4-February-2021,17250.00,17250.00,17054.80,17073.20,17166.105358902448268020,13193,907,226472428.00,12037,91.24,195.20,-176.80
3-February-2021,17247.45,17284.00,17064.35,17155.40,17179.343612334801762114,2270,930,38997110.00,528,23.26,219.65,-92.05
2-February-2021,17211.00,17328.10,16800.00,17189.35,17202.154465212876427829,3852,1545,66262699.00,1260,32.71,528.10,-21.65
1-February-2021,17162.10,17277.00,16996.45,17096.95,17113.036289050173556326,3169,1436,54231212.00,1303,41.12,280.55,-65.15
29-January-2021,17500.00,17500.00,16961.20,17068.70,17267.158640226628895184,2118,893,36571842.00,863,40.75,538.80,-431.30
28-January-2021,17401.00,17519.95,17205.75,17375.40,17472.729867083659108678,12790,1611,223476215.00,10833,84.70,314.20,-25.60
27-January-2021,17560.00,17590.00,17344.70,17547.65,17482.975875118259224219,2114,1217,36959011.00,900,42.57,245.30,-12.35
25-January-2021,17799.00,17799.00,17236.75,17443.60,17363.202422611036339165,3715,1294,64504297.00,1181,31.79,562.25,-355.40
22-January-2021,17999.00,17999.00,17300.00,17580.15,17696.775901765157329240,2606,899,46117798.00,1102,42.29,699.00,-418.85
21-January-2021,17769.00,17899.85,17660.00,17714.50,17762.055075102412380518,2197,885,39023235.00,717,32.64,239.85,-54.50
20-January-2021,17815.00,17938.35,17630.45,17677.75,17751.928246753246753246,3080,1327,54675939.00,1114,36.17,307.90,-137.25
19-January-2021,17650.05,17802.30,17650.05,17755.55,17744.046200607902735562,1645,705,29188956.00,528,32.10,152.25,105.50
18-January-2021,17801.00,18075.00,17567.05,17629.15,17820.280082377169755810,6798,2623,121142264.00,2230,32.80,507.95,-171.85
15-January-2021,18149.00,18238.10,17800.00,17872.25,17979.793690071141354778,3233,1400,58128673.00,1223,37.83,438.10,-276.75
14-January-2021,18000.00,18200.65,18000.00,18128.95,18053.678253249598364247,13694,1230,247227070.00,11394,83.20,200.65,128.95
13-January-2021,18005.00,18268.40,17961.55,18022.75,18105.935372918175235336,5524,2221,100017187.00,1488,26.94,306.85,17.75
12-January-2021,18387.00,18395.00,17957.80,18003.80,18113.168418593786498481,4281,2308,77542474.00,1985,46.37,437.20,-383.20
11-January-2021,18418.00,18538.25,18189.00,18392.90,18350.435336251492240350,2513,792,46114644.00,501,19.94,349.25,-25.10
8-January-2021,18242.00,18339.95,18002.00,18295.45,18164.311659893716786495,3199,1749,58107633.00,1173,36.67,337.95,53.45
7-January-2021,18611.95,18621.05,18073.00,18139.75,18274.035336856010568031,3028,1266,55333779.00,1146,37.85,548.05,-472.20
6-January-2021,18500.00,18606.00,18437.80,18510.60,18505.776517922457937088,2734,1293,50594793.00,1129,41.29,168.20,10.60
5-January-2021,18356.00,18615.95,18284.15,18571.60,18485.031171212468484987,4363,1691,80650191.00,1678,38.46,331.80,215.60
4-January-2021,18450.00,18572.40,18324.50,18388.25,18460.829737019554956169,2966,1308,54754821.00,1048,35.33,247.90,-61.75
1-January-2021,18380.00,18509.90,18304.15,18451.05,18447.337019907500502714,4973,1302,91738607.00,1109,22.30,205.75,71.05
31-December-2020,18050.00,18450.00,18050.00,18392.35,18347.941649196366177498,2862,1212,52511809.00,875,30.57,400.00,342.35
30-December-2020,18457.00,18460.00,18240.00,18398.55,18339.385353095030514385,4588,1718,84141100.00,1790,39.01,220.00,-58.45
29-December-2020,18666.00,18669.90,18171.90,18268.50,18338.857844099744747692,5093,1905,93399803.00,1768,34.71,498.00,-397.50
28-December-2020,18650.00,18785.95,18523.45,18598.25,18623.520909090909090909,3300,1404,61457619.00,935,28.33,262.50,-51.75
24-December-2020,18721.00,18821.45,18383.80,18577.95,18560.633513931888544891,2584,1202,47960677.00,803,31.08,437.65,-143.05
23-December-2020,18505.00,18817.70,18505.00,18723.35,18678.344708077845907757,3751,1207,70062471.00,1889,50.36,312.70,218.35
22-December-2020,18200.00,18667.20,18000.50,18586.10,18322.397401433691756272,4464,1385,81791182.00,1053,23.59,666.70,386.10
21-December-2020,18363.00,18524.90,18078.00,18172.55,18334.389982502187226596,4572,1662,83824831.00,1017,22.24,446.90,-190.45
18-December-2020,18394.00,18600.00,18190.00,18347.25,18461.666582724754469906,3971,1627,73311278.00,799,20.12,410.00,-46.75
17-December-2020,18325.00,18395.80,18156.00,18298.15,18311.159923664122137404,2620,1031,47975239.00,411,15.69,239.80,-26.85
16-December-2020,18480.00,18725.00,18255.15,18321.60,18469.259336315406220742,9613,3179,177544990.00,1662,17.29,469.85,-158.40
15-December-2020,18500.00,18552.40,18135.35,18191.75,18322.982412835544585004,3241,1319,59384786.00,888,27.40,417.05,-308.25
14-December-2020,18420.00,18679.20,18303.75,18585.40,18558.754861111111111111,8640,2660,160347642.00,2757,31.91,375.45,165.40
11-December-2020,18320.00,18457.85,18204.25,18403.00,18338.036898920510304219,5095,2058,93432298.00,1380,27.09,253.60,83.00
10-December-2020,17567.00,18411.40,17567.00,18363.50,18097.260755459743181179,10669,3584,193079675.00,3367,31.56,844.40,796.50
9-December-2020,17510.00,17661.00,17491.90,17561.50,17554.616570327552986512,1038,525,18221692.00,279,26.88,169.10,51.50
8-December-2020,17800.00,17800.00,17388.30,17517.30,17506.620827770360480640,2247,1107,39337377.00,507,22.56,411.70,-282.70
7-December-2020,17730.00,17899.00,17455.30,17560.15,17616.221374045801526717,3537,1521,62308575.00,1252,35.40,443.70,-169.85
4-December-2020,17487.00,17873.10,17487.00,17825.90,17700.493529411764705882,6800,3595,120363356.00,4223,62.10,386.10,338.90
3-December-2020,17524.00,17524.00,17329.50,17498.35,17299.296815834767641996,11620,922,201017829.00,10253,88.24,194.50,-25.65
2-December-2020,17538.80,17538.80,17150.05,17265.85,17259.860383944153577661,4011,1845,69229300.00,1864,46.47,388.75,-272.95
1-December-2020,18188.00,18188.00,17350.00,17417.15,17481.514392059553349875,4030,1935,70450503.00,1288,31.96,838.00,-770.85
27-November-2020,17835.00,18040.00,16949.95,17657.60,17752.581753787630353512,15247,4181,270673614.00,9287,60.91,1090.05,-177.40
26-November-2020,17490.00,17834.95,17280.30,17752.65,17511.298376480912681000,4558,2076,79816498.00,1710,37.52,554.65,262.65
25-November-2020,17754.00,17798.95,17325.00,17526.10,17432.827311793729110297,12566,2505,219060908.00,7532,59.94,473.95,-227.90
24-November-2020,17790.25,17950.00,17615.95,17679.90,17801.226923656075892184,6641,2732,118217948.00,2048,30.84,334.05,-110.35
23-November-2020,17549.95,17840.00,17472.00,17791.35,17708.069182389937106918,7314,3366,129516818.00,3992,54.58,368.00,241.40
20-November-2020,17006.55,17500.00,16933.90,17470.00,17395.874142367066895368,9328,3522,162268714.00,2719,29.15,566.10,463.45
19-November-2020,16865.00,17199.00,16801.00,16933.50,17083.383512544802867383,3906,1607,66727696.00,1154,29.54,398.00,68.50
18-November-2020,16949.95,16957.05,16678.05,16865.75,16812.684403669724770642,2725,1632,45814565.00,1036,38.02,279.00,-84.20
17-November-2020,16900.10,17061.00,16846.75,16983.20,16966.363190406976744186,5504,2592,93382863.00,2853,51.84,214.25,83.10
14-November-2020,16835.00,16869.90,16750.15,16842.10,16833.954459203036053130,1054,466,17742988.00,584,55.41,119.75,7.10
13-November-2020,16789.00,16886.95,16641.10,16825.95,16736.548334018922254216,14586,1877,244119294.00,12945,88.75,245.85,36.95
12-November-2020,16750.00,16975.65,16538.85,16729.70,16725.535848381905953870,5593,2442,93545922.00,2221,39.71,436.80,-20.30
11-November-2020,16750.00,16807.90,16458.70,16699.45,16618.123295704442163905,6821,3164,113352219.00,1991,29.19,349.20,-50.55
10-November-2020,17177.00,17330.05,16580.90,16607.90,16779.484692122463020295,8721,3369,146333886.00,3183,36.50,749.15,-569.10
9-November-2020,17270.00,17370.00,16868.45,17315.20,17196.608975296009355357,6841,2889,117642002.00,3528,51.57,501.55,45.20
6-November-2020,17280.00,17280.00,16907.80,17008.75,17022.051789077212806026,2124,1228,36154838.00,703,33.10,372.20,-271.25
5-November-2020,17000.00,17400.00,17000.00,17218.60,17255.205068588700302255,4301,1735,74214637.00,1043,24.25,400.00,218.60
4-November-2020,17100.00,17200.00,16852.00,16995.60,17065.197338228545204222,2179,1083,37185065.00,715,32.81,348.00,-104.40
3-November-2020,17200.00,17277.25,16558.45,16794.60,16906.397360442304262528,5607,1654,94794170.00,1831,32.66,718.80,-405.40
2-November-2020,17122.00,17359.45,16934.00,17110.20,17096.352207977207977207,2808,1461,48006557.00,1050,37.39,425.45,-11.80
30-October-2020,16925.00,17350.00,16920.00,17162.80,17192.322371177209886887,4774,2105,82076147.00,882,18.48,430.00,237.80
29-October-2020,16620.00,17210.25,16620.00,16861.45,16948.601061007957559681,5655,2896,95844339.00,2264,40.04,590.25,241.45
28-October-2020,17199.95,17295.40,16937.90,17119.95,17170.604408153942785359,17513,3327,300708795.00,13273,75.79,357.50,-80.00
27-October-2020,16490.00,17299.00,16406.65,17233.25,17002.904845019560637977,16615,6973,282503264.00,6151,37.02,892.35,743.25
26-October-2020,16139.60,16375.00,16053.85,16256.20,16215.149542015133412982,10044,3424,162864962.00,3631,36.15,321.15,116.60
23-October-2020,15912.00,16066.15,15815.35,15863.00,15898.198751950078003120,3205,1461,50953727.00,789,24.62,250.80,-49.00
22-October-2020,16000.00,16074.10,15773.15,15911.25,15889.324956885932495688,4059,1633,64494770.00,1354,33.36,300.95,-88.75
21-October-2020,16230.00,16300.00,15955.50,16015.70,16129.236489151873767258,5070,2568,81775229.00,1257,24.79,344.50,-214.30
20-October-2020,16000.00,16421.60,15880.00,16252.65,16224.370271642548870271,7878,2834,127815589.00,1993,25.30,541.60,252.65
19-October-2020,15588.00,16160.00,15435.00,16089.65,15909.104198184568835098,5288,3234,84127343.00,2999,56.71,725.00,501.65
16-October-2020,15699.00,15807.50,15389.90,15434.20,15484.619406106231702216,2391,1298,37023725.00,792,33.12,417.60,-264.80
15-October-2020,15820.00,15820.00,15563.65,15592.80,15651.298302011210023079,12132,795,189881551.00,11029,90.91,256.35,-227.20
14-October-2020,15673.00,15819.30,15551.65,15669.40,15688.780417566594672426,1389,759,21791716.00,448,32.25,267.65,-3.60
13-October-2020,15900.00,15983.35,15655.15,15671.55,15808.939116379310344827,1856,903,29341391.00,854,46.01,328.20,-228.45
12-October-2020,16145.00,16145.00,15861.75,15900.60,15945.534050179211469534,1953,1069,31141628.00,823,42.14,283.25,-244.40
9-October-2020,16380.00,16380.00,15998.05,16045.00,16080.283156498673740053,3016,1483,48498134.00,973,32.26,381.95,-335.00
8-October-2020,16133.00,16320.20,16072.75,16300.90,16198.429160226687274600,1941,869,31441151.00,892,45.96,247.45,167.90
7-October-2020,15900.00,16132.50,15876.85,16111.80,16036.189897455374097987,2633,1082,42223288.00,715,27.16,255.65,211.80
6-October-2020,16100.00,16130.00,15840.00,15874.95,15976.543512658227848101,2528,1283,40388702.00,724,28.64,290.00,-225.05
5-October-2020,16100.00,16141.45,15824.95,16039.60,16038.695898161244695898,1414,720,22678716.00,327,23.13,316.50,-60.40
1-October-2020,16000.00,16043.25,15796.35,15998.45,15966.869438129262747645,3079,1456,49161991.00,1030,33.45,246.90,-1.55
30-September-2020,15690.00,16022.80,15620.00,15924.70,15689.194937924411825228,14579,2302,228732773.00,12459,85.46,402.80,234.70
29-September-2020,15800.00,15845.00,15577.85,15625.40,15687.579787234042553191,2820,1455,44238975.00,806,28.58,267.15,-174.60
28-September-2020,16619.00,16619.00,15625.00,15721.35,15816.422746781115879828,1398,801,22111359.00,475,33.98,994.00,-897.65
25-September-2020,15300.00,15828.05,15300.00,15734.25,15660.542134160897588923,12567,2246,196806033.00,8258,65.71,528.05,434.25
24-September-2020,15362.95,15454.65,15180.85,15257.85,15346.446952595936794582,2215,1188,33992380.00,679,30.65,273.80,-105.10
23-September-2020,15275.00,15400.00,15130.00,15362.95,15295.898518518518518518,5400,2387,82597852.00,1735,32.13,270.00,87.95
22-September-2020,15495.00,15514.80,15104.25,15203.25,15226.568655992236778262,4122,1520,62763916.00,1304,31.64,410.55,-291.75
21-September-2020,16100.00,16100.00,15156.40,15418.90,15568.984351988217967599,10864,5420,169141446.00,5675,52.24,943.60,-681.10
18-September-2020,16149.30,16248.00,15925.00,16098.90,16028.584857234520372152,3117,1710,49961099.00,1231,39.49,323.00,-50.40
17-September-2020,16240.00,16299.00,16098.55,16121.85,16209.541998773758430410,1631,733,26437763.00,447,27.41,200.45,-118.15
16-September-2020,16065.90,16221.20,16065.90,16196.30,16167.668589558696279203,3467,1155,56053307.00,965,27.83,155.30,130.40
15-September-2020,16199.95,16199.95,16000.00,16038.40,16074.414460285132382892,1964,967,31570150.00,683,34.78,199.95,-161.55
14-September-2020,16335.00,16344.55,16000.00,16066.35,16130.445076324453756360,3341,1337,53891817.00,1307,39.12,344.55,-268.65
11-September-2020,16370.00,16370.15,16195.00,16324.00,16300.180539273153575615,1706,748,27808108.00,366,21.45,175.15,-46.00
10-September-2020,16313.00,16440.00,16234.95,16412.80,16357.339341917024320457,3495,1781,57168901.00,2164,61.92,205.05,99.80
9-September-2020,16002.00,16340.00,16002.00,16313.20,16243.283462996209854378,5013,2573,81427580.00,2257,45.02,338.00,311.20
8-September-2020,16300.00,16353.80,16100.00,16135.45,16199.024024024024024024,2331,1105,37759925.00,947,40.63,253.80,-164.55
7-September-2020,16231.00,16510.00,15970.50,16402.50,16273.750179985601151907,2778,1291,45208478.00,621,22.35,539.50,171.50
4-September-2020,16279.55,16417.00,16144.70,16231.45,16271.303337558090409801,2367,1065,38514175.00,822,34.73,272.30,-48.10
3-September-2020,16002.00,16430.50,15923.25,16387.80,16248.699438537809102855,8371,4349,136017863.00,5118,61.14,507.25,385.80
2-September-2020,16234.00,16251.25,15974.05,15994.25,16100.070175438596491228,2622,1145,42214384.00,1674,63.84,277.20,-239.75
1-September-2020,15951.05,16254.20,15747.00,16191.10,15986.630534351145038167,2620,1412,41884972.00,849,32.40,507.20,240.05
31-August-2020,16157.00,16272.00,15880.00,15946.10,16085.125570197668525088,7892,4208,126943811.00,2794,35.40,392.00,-210.90
28-August-2020,16350.00,16365.70,16090.00,16104.45,16221.499479979199167966,3846,1553,62387887.00,1516,39.42,275.70,-245.55
27-August-2020,16190.00,16320.00,16095.00,16111.35,16146.065116279069767441,2580,1398,41656848.00,1349,52.29,225.00,-78.65
26-August-2020,16285.00,16348.95,16171.00,16189.05,16213.587843833185448092,6762,3436,109636281.00,4588,67.85,177.95,-95.95
25-August-2020,16482.05,16482.05,16266.75,16290.50,16326.389426321709786276,4445,2300,72570801.00,2245,50.51,215.30,-191.55
24-August-2020,16560.00,16699.00,16409.05,16535.50,16604.776453765490943755,2098,949,34836821.00,950,45.28,289.95,-24.50
21-August-2020,16235.80,16683.70,16235.80,16556.65,16503.797246423577498117,9297,4668,153435803.00,5940,63.89,447.90,320.85
20-August-2020,16348.50,16348.50,16191.10,16217.85,16246.573212018620397799,4726,2218,76781305.00,2918,61.74,157.40,-130.65
19-August-2020,16675.00,16675.00,16321.00,16348.50,16400.656136887133925633,3039,1485,49841594.00,1628,53.57,354.00,-326.50
18-August-2020,16430.00,16617.70,16320.20,16549.45,16447.969390103567318757,4345,1992,71466427.00,1316,30.29,297.50,119.45
17-August-2020,16356.00,16521.00,16316.10,16427.35,16430.203914428766499772,2197,1087,36097158.00,825,37.55,204.90,71.35
14-August-2020,16478.10,16540.00,16315.00,16355.85,16420.771662763466042154,3416,1668,56093356.00,1493,43.71,225.00,-122.25
13-August-2020,16538.70,16650.00,16462.00,16478.10,16536.359906213364595545,1706,862,28211030.00,867,50.82,188.00,-60.60
12-August-2020,16620.00,16620.00,16455.00,16538.70,16520.866427432216905901,2508,1239,41434333.00,991,39.51,165.00,-81.30
11-August-2020,16667.05,16779.80,16584.15,16620.65,16700.562734082397003745,2136,1148,35672402.00,770,36.05,195.65,-46.40
10-August-2020,16900.00,16900.00,16643.25,16667.05,16743.919802590993214065,1621,810,27141894.00,631,38.93,256.75,-232.95
7-August-2020,16757.00,16893.20,16554.60,16761.45,16746.566241021548284118,2506,1050,41966895.00,602,24.02,338.60,4.45
6-August-2020,16501.10,16700.00,16474.75,16671.25,16572.569371099375900144,2083,901,34520662.00,794,38.12,225.25,170.15
5-August-2020,16545.00,16625.00,16460.00,16496.10,16519.414403915627549236,8581,1398,141753095.00,6510,75.87,165.00,-48.90
4-August-2020,16575.20,16640.00,16411.25,16582.65,16515.925868325557283566,1929,876,31859221.00,586,30.38,228.75,7.45
3-August-2020,16530.00,16604.05,16346.65,16517.50,16469.963673285198555956,4432,1854,72994879.00,1509,34.05,257.40,-12.50
31-July-2020,16450.50,16666.10,16433.30,16526.45,16507.708333333333333333,9384,2084,154908335.00,6558,69.88,232.80,75.95
30-July-2020,16799.00,16799.00,16445.60,16531.60,16602.327307692307692307,5200,2297,86332102.00,1860,35.77,353.40,-267.40
29-July-2020,17099.00,17188.95,16511.10,16581.90,16739.526666222784473000,15019,6639,251410951.00,5277,35.14,677.85,-517.10
28-July-2020,17375.60,17447.35,17025.00,17098.95,17221.443028889287636820,5573,2274,95975102.00,1474,26.45,422.35,-276.65
27-July-2020,17269.00,17400.00,17220.95,17343.90,17320.742541436464088397,2715,1183,47025816.00,606,22.32,179.05,74.90
24-July-2020,17257.00,17400.00,16975.00,17231.40,17144.697559975394709862,4877,2198,83614690.00,1023,20.98,425.00,-25.60
23-July-2020,17082.00,17290.75,17053.55,17260.10,17166.588832487309644670,3546,1366,60872724.00,837,23.60,237.20,178.10
22-July-2020,17420.00,17431.05,17000.80,17146.45,17194.444990698910443794,7526,2707,129405393.00,3716,49.38,430.25,-273.55
21-July-2020,17477.00,17500.00,17230.00,17284.05,17339.309461805555555555,4608,1806,79899538.00,1031,22.37,270.00,-192.95
20-July-2020,17400.00,17400.00,17072.25,17242.20,17216.952577319587628865,5335,2365,91852442.00,1322,24.78,327.75,-157.80
17-July-2020,17470.00,17620.15,17179.45,17233.35,17334.827377739393285112,9263,3178,160572506.00,2717,29.33,440.70,-236.65
16-July-2020,16907.00,17733.90,16766.00,17464.20,17160.106634575136040184,9556,2793,163981979.00,4770,49.92,967.90,557.20
15-July-2020,16999.95,17020.00,16750.00,16904.95,16880.885938769981034949,3691,1581,62307350.00,1077,29.18,270.00,-95.00
14-July-2020,16995.95,17105.85,16850.00,16896.65,16981.841828188561856903,4179,1967,70967117.00,1410,33.74,255.85,-99.30
13-July-2020,16830.00,17090.00,16830.00,16967.50,16978.756245686680469289,7245,3089,123011089.00,2740,37.82,260.00,137.50
10-July-2020,16755.60,16871.55,16636.60,16837.80,16765.210144927536231884,1518,810,25449589.00,514,33.86,234.95,82.20
9-July-2020,16879.15,16960.70,16700.00,16758.65,16771.263109475620975160,3261,1444,54691089.00,1238,37.96,260.70,-120.50
8-July-2020,17000.00,17148.75,16736.75,16798.90,16947.069926393270241850,3804,1900,64466654.00,966,25.39,412.00,-201.10
7-July-2020,16800.80,16949.65,16723.60,16891.45,16861.679603960396039603,2525,1032,42575741.00,850,33.66,226.05,90.65
6-July-2020,16689.00,16840.85,16689.00,16800.80,16771.076502732240437158,2379,1057,39898391.00,829,34.85,151.85,111.80
3-July-2020,16925.00,16979.00,16650.65,16690.30,16712.541905712147667747,8018,1846,134001161.00,5573,69.51,328.35,-234.70
2-July-2020,16945.00,16945.00,16670.30,16782.05,16818.703285761699303020,3013,1192,50674753.00,903,29.97,274.70,-162.95
1-July-2020,17160.00,17179.00,16721.60,16795.00,16846.304517663043478260,5888,2558,99191041.00,2045,34.73,457.40,-365.00
30-June-2020,16810.00,17297.70,16800.00,17178.00,17103.712851800826608935,5081,2053,86903965.00,1726,33.97,497.70,368.00
29-June-2020,16696.00,16975.00,16575.50,16720.70,16779.408643018018018018,7104,1312,119200919.00,818,11.51,399.50,24.70
26-June-2020,16820.00,16921.65,16641.35,16671.65,16697.794223455648062493,9729,2299,162452840.00,7662,78.75,280.30,-148.35
25-June-2020,16675.00,16848.70,16600.00,16777.90,16797.707341269841269841,13104,1138,220117157.00,11523,87.93,248.70,102.90
24-June-2020,16674.00,16850.00,16537.45,16706.95,16721.777612310747083643,4029,1982,67372042.00,1139,28.27,312.55,32.95
23-June-2020,16248.00,16720.35,16215.05,16545.15,16493.525021731031913572,8053,2689,132822357.00,4335,53.83,505.30,297.15
22-June-2020,16201.35,16256.60,16070.20,16128.35,16125.174695381127798243,7058,2577,113811483.00,5052,71.58,186.40,-73.00
19-June-2020,16182.10,16300.00,16060.00,16096.10,16135.681932245922208281,3188,1624,51440554.00,1568,49.18,240.00,-86.00
18-June-2020,16155.10,16291.55,16045.90,16183.75,16131.482953627403457747,6189,2188,99837748.00,2590,41.85,245.65,28.65
17-June-2020,16340.00,16426.40,16120.10,16201.05,16263.912500000000000000,3520,1088,57248972.00,1176,33.41,306.30,-138.95
16-June-2020,16500.00,16599.35,16262.70,16339.55,16399.859017496635262449,2972,1632,48740381.00,1055,35.50,336.65,-160.45
15-June-2020,16555.45,16624.45,16375.00,16404.75,16456.273166023166023166,2072,1325,34097398.00,949,45.80,249.45,-150.70
12-June-2020,16599.95,16710.00,16325.00,16486.40,16503.637249593936112615,11082,2980,182893308.00,7373,66.53,385.00,-113.55
11-June-2020,16589.00,16854.75,16550.00,16602.45,16692.907528641571194762,4888,1896,81594932.00,1261,25.80,304.75,13.45
10-June-2020,16612.00,16820.00,16411.50,16563.05,16623.490277777777777777,5760,2273,95751304.00,1545,26.82,408.50,-48.95
9-June-2020,16700.00,16992.60,16530.00,16559.15,16732.261317907444668008,3976,1968,66527471.00,2035,51.18,462.60,-140.85
8-June-2020,17160.00,17202.30,16800.00,16828.20,16935.617668012348610781,4211,2211,71315886.00,2418,57.42,402.30,-331.80
5-June-2020,17344.35,17461.30,16970.05,17097.80,17139.830903790087463556,6860,2613,117579240.00,3750,54.66,491.25,-246.55
4-June-2020,17440.00,17543.85,17156.00,17195.55,17238.577315463092618523,4999,1666,86175648.00,2813,56.27,387.85,-244.45
3-June-2020,17230.00,17510.00,17163.85,17425.40,17401.701549254603916983,3421,1505,59531221.00,1236,36.13,346.15,195.40
2-June-2020,17432.00,17432.00,16980.00,17020.90,17105.346093923881593590,4493,2158,76854320.00,2846,63.34,452.00,-411.10
1-June-2020,17595.00,17749.95,17100.00,17184.40,17452.752471409187827098,5159,2158,90038750.00,1498,29.04,649.95,-410.60
29-May-2020,16989.00,17599.90,16846.50,17533.85,17298.915629025332760841,4658,2124,80578349.00,1631,35.02,753.40,544.85
28-May-2020,16716.00,17020.00,16688.25,16983.35,16766.763206594885598923,11888,3200,199323281.00,9151,76.98,331.75,267.35
27-May-2020,16730.85,16810.00,16497.15,16735.40,16737.193006204173716864,8865,2276,148375216.00,5480,61.82,312.85,4.55
26-May-2020,16220.00,16740.00,16220.00,16681.80,16586.979793001478560867,4058,1609,67309964.00,1515,37.33,520.00,461.80
22-May-2020,16280.00,16380.00,16150.00,16219.45,16234.026210299105766265,3243,1186,52646947.00,1523,46.96,230.00,-60.55
21-May-2020,16392.85,16500.00,16266.45,16288.65,16368.763140385894876912,3006,1163,49204502.00,1049,34.90,233.55,-104.20
20-May-2020,16153.65,16592.00,16153.65,16300.20,16401.731172545281220209,4196,1755,68821664.00,1159,27.62,438.35,146.55
19-May-2020,16251.00,16400.00,16120.90,16153.65,16241.906917783411807316,2761,1322,44843905.00,1176,42.59,279.10,-97.35
18-May-2020,16469.85,16469.85,16182.00,16240.20,16272.509502262443438914,2210,1239,35962246.00,1055,47.74,287.85,-229.65
15-May-2020,16555.00,16569.95,16200.00,16420.65,16359.129793724578733294,13768,2329,225232499.00,2808,20.40,369.95,-134.35
14-May-2020,16600.00,16850.00,16202.10,16248.35,16488.213591501544488811,13273,4403,218848059.00,2738,20.63,647.90,-351.65
13-May-2020,17900.00,17900.00,16406.00,16518.70,16852.570074687754973953,15933,7225,268511999.00,6808,42.73,1494.00,-1381.30
12-May-2020,17680.00,17880.20,17387.10,17457.25,17551.872742200328407224,3654,1653,64134543.00,1200,32.84,493.10,-222.75
11-May-2020,17770.00,17915.50,17500.00,17567.35,17733.372306281522237505,4362,1526,77352970.00,900,20.63,415.50,-202.65
8-May-2020,17320.00,17820.00,17268.00,17798.10,17601.609713135379969803,3974,1549,69948797.00,1055,26.55,552.00,478.10
7-May-2020,17310.00,17310.00,16902.00,17132.85,17067.954875632841734536,4543,1808,77539719.00,833,18.34,408.00,-177.15
6-May-2020,17440.85,17600.00,17274.90,17310.40,17423.871935967983991995,1999,862,34830320.00,465,23.26,325.10,-130.45
5-May-2020,17535.00,17610.00,17108.05,17420.15,17354.899476439790575916,3820,1543,66295716.00,1200,31.41,501.95,-114.85
4-May-2020,17699.00,17737.05,17380.00,17452.75,17521.392578125000000000,2560,1156,44854765.00,806,31.48,357.05,-246.25
30-April-2020,17611.00,17999.00,17574.35,17906.10,17702.074216602528862012,3638,1210,64400146.00,1794,49.31,424.65,295.10
29-April-2020,17699.00,17727.40,17417.00,17495.70,17598.672485071198897565,2177,1030,38312310.00,713,32.75,310.40,-203.30
28-April-2020,17969.90,18000.00,17510.00,17567.10,17636.338767525268992500,3067,1347,54090651.00,1247,40.66,490.00,-402.80
27-April-2020,17401.00,18000.00,17401.00,17953.60,17769.301879084967320261,2448,1075,43499251.00,774,31.62,599.00,552.60
24-April-2020,17355.20,17800.00,17327.80,17377.60,17570.554192229038854805,2934,1330,51552006.00,832,28.36,472.20,22.40
23-April-2020,17697.95,17790.00,17320.50,17411.95,17539.330960854092526690,2810,1232,49285520.00,878,31.25,469.50,-286.00
22-April-2020,17200.00,17682.30,16855.10,17638.85,17406.436049510056730273,3878,1757,67502159.00,730,18.82,827.20,438.85
21-April-2020,16889.95,17232.70,16714.90,16996.65,17055.427150886294855166,2313,1000,39449203.00,674,29.14,517.80,106.70
20-April-2020,17499.00,17499.00,16914.50,16971.15,17074.370056497175141242,3186,1409,54398943.00,1125,35.31,584.50,-527.85
17-April-2020,18301.00,18301.00,17231.25,17322.15,17626.615025561235830184,4499,2024,79302141.00,2112,46.94,1069.75,-978.85
16-April-2020,17320.30,17999.00,17129.50,17884.85,17636.222435487310727233,4689,2297,82696247.00,1005,21.43,869.50,564.55
15-April-2020,16659.00,17383.90,16659.00,17323.20,17185.586923772220548357,3319,1330,57038963.00,1474,44.41,724.90,664.20
13-April-2020,17000.00,17000.00,16420.05,16614.25,16595.449442379182156133,2690,1145,44641759.00,979,36.39,579.95,-385.75
9-April-2020,17326.00,17519.00,16595.70,16843.80,16990.494601542416452442,5835,2359,99139536.00,2010,34.45,923.30,-482.20
8-April-2020,16998.00,17520.55,16575.95,16848.20,17172.921428571428571428,4200,2139,72126270.00,1006,23.95,944.60,-149.80
7-April-2020,15500.00,17177.75,15480.35,17023.30,16566.399636900034040621,8813,3841,145999680.00,3768,42.76,1697.40,1523.30
3-April-2020,15706.00,15861.90,14989.10,15150.80,15254.938213762811127379,6830,2928,104191228.00,1662,24.33,872.80,-555.20
1-April-2020,16380.00,16458.75,15504.85,15668.70,15904.948607296979207532,2549,1401,40541714.00,907,35.58,953.90,-711.30
31-March-2020,15850.00,16420.60,15726.45,16302.40,16187.783505154639175257,3007,1504,48676665.00,784,26.07,694.15,452.40
30-March-2020,15110.00,15861.30,14755.65,15683.85,15388.397978825794032723,4156,2393,63954182.00,1421,34.19,1105.65,573.85
27-March-2020,15500.00,15509.75,14823.85,15090.95,15221.790001824484583105,5481,2469,83430631.00,2970,54.19,685.90,-409.05
26-March-2020,14890.00,15642.55,14059.50,15035.70,14806.446852964220423086,3829,1626,56693885.00,1350,35.26,1583.05,145.70
25-March-2020,13000.00,14500.00,13000.00,14431.70,14160.051765267175572519,4192,1929,59358937.00,797,19.01,1500.00,1431.70
24-March-2020,13210.00,14075.00,12850.00,13555.40,13506.290041230574056454,6306,2706,85170665.00,2561,40.61,1225.00,345.40
23-March-2020,13299.95,13750.00,12780.00,12934.90,13136.180985507246376811,8625,3007,113299561.00,4673,54.18,970.00,-365.05
20-March-2020,13430.00,14425.95,13206.20,14148.85,13974.720412105602060528,7765,3533,108513704.00,2705,34.84,1219.75,718.85
19-March-2020,13400.00,13464.00,12588.95,13108.65,13007.023720930232558139,8600,3950,111860404.00,3323,38.64,875.05,-291.35
18-March-2020,14540.00,14606.40,13390.65,13513.40,13950.969598524044439096,24933,3215,347839525.00,9865,39.57,1215.75,-1026.60
17-March-2020,14694.00,14849.00,14271.25,14541.50,14573.655832370895891767,6061,2354,88330928.00,2265,37.37,577.75,-152.50
16-March-2020,15000.00,15450.00,13500.00,14353.10,14251.774125132555673382,8487,3012,120954807.00,4060,47.84,1950.00,-646.90
13-March-2020,15600.00,15682.70,14100.00,14975.80,14844.135218827415359207,9688,3587,143809982.00,3614,37.30,1582.70,-624.20
12-March-2020,15822.25,15873.80,15044.35,15619.40,15392.194837526205450733,7632,2907,117473231.00,2183,28.60,829.45,-202.85
11-March-2020,16050.00,16220.30,15785.10,16056.15,16028.316420664206642066,2168,1052,34749390.00,1080,49.82,435.20,6.15
9-March-2020,16301.00,16352.70,15717.00,16054.40,16002.575630252100840336,4522,1712,72363647.00,2160,47.77,635.70,-246.60
6-March-2020,16470.00,16548.95,16244.00,16426.90,16420.971928397070789259,2458,1048,40362749.00,1333,54.23,304.95,-43.10
5-March-2020,16567.00,16834.00,16484.50,16568.20,16638.637722132471728594,2476,898,41197267.00,1069,43.17,349.50,1.20
4-March-2020,16360.00,16626.90,16026.85,16538.05,16348.413051272857655073,2789,895,45595724.00,1066,38.22,600.05,178.05
3-March-2020,16190.00,16494.80,16158.70,16354.25,16349.710098373820517968,4981,1261,81437906.00,3278,65.81,336.10,164.25
2-March-2020,15900.00,16316.15,15871.20,16119.75,16183.683251714005876591,5105,1462,82617703.00,2710,53.09,444.95,219.75
28-February-2020,16100.00,16119.00,15680.00,15770.55,15831.146091555114857048,6051,2044,95794265.00,2794,46.17,439.00,-329.45
27-February-2020,16332.00,16340.00,16050.00,16261.55,16172.945775995625626537,10973,2647,177465734.00,8000,72.91,290.00,-70.45
26-February-2020,16435.10,16495.55,16155.00,16260.05,16294.357571214392803598,2668,992,43473346.00,1020,38.23,340.55,-175.05
25-February-2020,16341.20,16532.40,16312.00,16366.40,16398.165750196386488609,1273,547,20874865.00,378,29.69,220.40,25.20
24-February-2020,16500.00,16549.00,16305.45,16340.10,16436.469599427753934191,2796,922,45956369.00,1721,61.55,243.55,-159.90
20-February-2020,16774.85,16774.85,16515.30,16544.10,16591.927230046948356807,2556,930,42408966.00,1478,57.82,259.55,-230.75
19-February-2020,16506.00,16839.55,16489.20,16775.95,16740.022650439486139283,2958,1029,49516987.00,1105,37.36,350.35,269.95
18-February-2020,16555.00,16565.00,16375.00,16400.80,16434.515600000000000000,2500,814,41086289.00,1065,42.60,190.00,-154.20
17-February-2020,16400.00,16631.70,16370.25,16574.80,16522.786037167252636865,9955,2423,164484335.00,6967,69.98,261.45,174.80
14-February-2020,16520.00,16753.45,16246.50,16350.75,16464.440053583389149363,5972,1850,98325636.00,1436,24.05,506.95,-169.25
13-February-2020,16350.00,16455.00,16290.00,16417.80,16406.153125562961628535,5551,1892,91070556.00,2797,50.39,165.00,67.80
12-February-2020,16097.00,16472.15,15975.00,16289.75,16306.481096681096681096,3465,1403,56501957.00,855,24.68,497.15,192.75
11-February-2020,16298.00,16318.45,15960.00,15995.00,16066.807606263982102908,1341,689,21545589.00,597,44.52,358.45,-303.00
10-February-2020,16309.00,16342.95,16119.30,16168.20,16217.138105567606652205,1383,722,22428302.00,656,47.43,223.65,-140.80
7-February-2020,16288.00,16382.60,16201.90,16305.95,16329.485304143625482917,132010,1307,2155655355.00,1677,1.27,180.70,17.95
6-February-2020,16385.10,16547.60,16166.00,16285.50,16384.963906581740976645,2355,907,38586590.00,524,22.25,381.60,-99.60
5-February-2020,16499.00,16499.00,16257.20,16373.95,16336.408239700374531835,2937,1129,47980031.00,1268,43.17,241.80,-125.05
4-February-2020,16370.00,16500.00,16136.25,16453.00,16382.253026161655603279,2561,1131,41954950.00,629,24.56,363.75,83.00
3-February-2020,15452.00,16502.15,15452.00,16301.65,16370.550400818693501620,17589,2803,287941611.00,13436,76.39,1050.15,849.65
1-February-2020,15355.00,15635.80,15180.00,15425.80,15401.197062423500611995,1634,691,25165556.00,319,19.52,455.80,70.80
31-January-2020,15598.90,15599.75,15315.00,15360.85,15445.561264822134387351,1518,693,23446362.00,513,33.79,284.75,-238.05
30-January-2020,15869.95,15869.95,15483.00,15502.50,15660.909526662672258837,1669,889,26138058.00,694,41.58,386.95,-367.45
29-January-2020,15547.00,15900.00,15444.00,15869.80,15717.522544780728844966,1619,852,25446669.00,635,39.22,456.00,322.80
28-January-2020,15683.85,15695.80,15380.80,15413.55,15472.320459290187891440,1916,861,29644966.00,786,41.02,315.00,-270.30
27-January-2020,15717.45,15854.90,15569.30,15670.80,15762.457614942528735632,1392,743,21941341.00,642,46.12,285.60,-46.65
24-January-2020,15533.00,15855.00,15519.00,15750.40,15726.254982817869415807,1455,792,22881701.00,673,46.25,336.00,217.40
23-January-2020,15477.00,15620.55,15465.00,15554.65,15567.901403508771929824,5700,1837,88737038.00,4764,83.58,155.55,77.65
22-January-2020,15354.00,15585.05,15315.00,15544.40,15474.161963190184049079,1630,762,25222884.00,607,37.24,270.05,190.40
21-January-2020,15420.00,15500.10,15253.05,15280.20,15315.426493108728943338,1306,584,20001947.00,518,39.66,247.05,-139.80
20-January-2020,15436.00,15474.70,15311.00,15419.80,15407.227146814404432132,1805,847,27810045.00,739,40.94,163.70,-16.20
17-January-2020,15399.00,15599.00,15365.00,15441.35,15464.358872743284896521,2271,860,35119559.00,937,41.26,234.00,42.35
16-January-2020,14869.00,15399.00,14860.00,15347.25,15224.345688073394495412,5450,1888,82972684.00,2318,42.53,539.00,478.25
15-January-2020,14868.00,14950.00,14738.40,14867.60,14844.022883295194508009,874,486,12973676.00,275,31.46,211.60,-0.40
14-January-2020,14662.00,14900.00,14615.00,14869.05,14802.709654178674351585,1388,491,20546161.00,522,37.61,285.00,207.05
13-January-2020,14728.30,14735.45,14604.30,14661.90,14673.302543507362784471,747,288,10960957.00,298,39.89,131.15,-66.40
10-January-2020,14690.00,14713.30,14588.00,14685.20,14641.262037037037037037,1080,532,15812563.00,411,38.06,125.30,-4.80
9-January-2020,14536.00,14680.00,14456.80,14644.70,14589.514453477868112014,2214,738,32301185.00,1084,48.96,223.20,108.70
8-January-2020,14249.95,14415.95,14120.20,14388.25,14282.158912386706948640,1655,683,23636973.00,894,54.02,295.75,138.30
7-January-2020,14497.00,14527.60,14255.00,14289.80,14357.409240924092409240,1818,825,26101770.00,1116,61.39,272.60,-207.20
6-January-2020,14575.00,14575.00,14274.85,14409.45,14378.401167883211678832,3425,1330,49246024.00,2164,63.18,300.15,-165.55
3-January-2020,14756.00,14756.00,14526.05,14596.95,14590.690205604233538648,23054,510,336373772.00,22220,96.38,229.95,-159.05
2-January-2020,14869.25,14869.25,14700.00,14724.75,14742.547533952823445318,1399,662,20624824.00,654,46.75,169.25,-144.50
1-January-2020,14819.95,14838.00,14720.00,14777.90,14778.287925696594427244,646,343,9546774.00,220,34.06,118.00,-42.05
