Symbol,Open Price,High,Low,Close Price,Total Traded Quantity,Total Traded Value,Date,Average Trading Price
HDFC,2418.0,2438.5,2409.0,2433.95,945874,2294533927.0,01-Jan-20,2425.8346534527855
HDFC,2430.0,2472.75,2422.0,2466.4,1701396,4169605313.0,02-Jan-20,2450.6965533009366
HDFC,2455.0,2466.4,2441.8,2454.45,1963923,4815298363.0,03-Jan-20,2451.8773714651747
HDFC,2428.0,2445.0,2371.4,2384.1,2656731,6365761041.0,06-Jan-20,2396.087914433189
HDFC,2401.25,2428.8,2380.2,2415.05,3771992,9078864622.0,07-Jan-20,2406.9151318454547
HDFC,2387.0,2413.0,2385.5,2406.15,2147334,5152320291.0,08-Jan-20,2399.403302420583
HDFC,2430.0,2462.7,2421.15,2457.4,3247323,7937400090.0,09-Jan-20,2444.2902938820685
HDFC,2465.0,2477.65,2440.3,2457.55,2082060,5116849568.0,10-Jan-20,2457.5898715695034
HDFC,2461.1,2471.05,2441.0,2462.55,3401754,8341254561.0,13-Jan-20,2452.0451981536585
HDFC,2463.65,2499.9,2446.6,2492.3,2549328,6313164444.0,14-Jan-20,2476.4033674756643
HDFC,2483.95,2495.0,2453.55,2488.6,2279961,5650678839.0,15-Jan-20,2478.4103057025977
HDFC,2486.0,2495.75,2471.8,2482.1,1794295,4455532994.0,16-Jan-20,2483.166365619923
HDFC,2467.75,2479.0,2448.25,2453.95,2250437,5539209315.0,17-Jan-20,2461.3927494970976
HDFC,2474.0,2486.55,2440.4,2454.35,2274456,5592774717.0,20-Jan-20,2458.9504993721575
HDFC,2443.0,2485.9,2432.0,2465.45,2404025,5915603566.0,21-Jan-20,2460.7080067802954
HDFC,2474.0,2483.35,2412.2,2416.6,3356004,8177410519.0,22-Jan-20,2436.651004885572
HDFC,2422.0,2436.4,2404.35,2428.4,1812646,4390290578.0,23-Jan-20,2422.034185384239
HDFC,2423.0,2458.6,2411.4,2450.75,2178412,5317035467.0,24-Jan-20,2440.785061319897
HDFC,2433.0,2445.0,2388.5,2395.8,2543177,6144072138.0,27-Jan-20,2415.9042559758914
HDFC,2413.0,2471.7,2410.0,2431.6,6698252,16370561187.0,28-Jan-20,2444.004971296989
HDFC,2446.0,2447.5,2400.0,2404.25,2692713,6535014985.0,29-Jan-20,2426.925923780217
HDFC,2413.0,2428.7,2386.9,2415.0,2807667,6773672532.0,30-Jan-20,2412.562647920854
HDFC,2417.0,2434.75,2404.5,2414.0,2828509,6841949880.0,31-Jan-20,2418.924557072295
HDFC,2250.0,2298.05,2228.2,2259.75,5220749,11837535197.0,03-Feb-20,2267.401707494461
HDFC,2265.6,2351.0,2265.6,2345.95,3288687,7637738602.0,04-Feb-20,2322.427948296691
HDFC,2345.55,2395.5,2326.2,2391.65,3244383,7680979375.0,05-Feb-20,2367.4699858185672
HDFC,2390.0,2447.8,2369.65,2436.45,3536393,8548207986.0,06-Feb-20,2417.2109790964973
HDFC,2428.1,2452.3,2398.35,2405.65,2193190,5307998216.0,07-Feb-20,2420.2181370515095
HDFC,2405.0,2425.3,2391.05,2414.3,2056525,4959076231.0,10-Feb-20,2411.386309915999
HDFC,2424.45,2441.75,2420.2,2435.15,1732762,4214124062.0,11-Feb-20,2432.0270539173875
HDFC,2449.5,2487.0,2427.9,2437.6,4173099,10235994517.0,12-Feb-20,2452.8520691696986
HDFC,2426.0,2444.15,2399.0,2403.65,2280271,5502526882.0,13-Feb-20,2413.102162856959
HDFC,2402.0,2425.85,2389.4,2401.75,2611510,6277832031.0,14-Feb-20,2403.9088615398755
HDFC,2401.75,2406.65,2345.15,2350.25,2398556,5672596635.0,17-Feb-20,2365.004875850303
HDFC,2349.0,2349.0,2304.0,2318.8,2345063,5442220043.0,18-Feb-20,2320.71379020521
HDFC,2343.0,2385.0,2330.05,2377.25,2088724,4924315570.0,19-Feb-20,2357.571210940268
HDFC,2364.0,2377.5,2349.05,2369.5,3351611,7928804253.0,20-Feb-20,2365.6695997835072
HDFC,2355.0,2365.2,2280.1,2292.3,4238039,9796556094.0,24-Feb-20,2311.577617383889
HDFC,2309.0,2320.75,2285.0,2302.6,3292922,7591505237.0,25-Feb-20,2305.400867982904
HDFC,2278.0,2309.5,2253.55,2281.45,6163133,14077071477.0,26-Feb-20,2284.077185580775
HDFC,2279.8,2289.6,2244.55,2272.2,3261885,7406620648.0,27-Feb-20,2270.6565829267433
HDFC,2228.55,2228.55,2162.3,2175.75,7715143,16911538107.0,28-Feb-20,2191.992825926882
HDFC,2215.0,2248.35,2153.8,2179.65,3957634,8739351976.0,02-Mar-20,2208.226424171614
HDFC,2201.7,2226.9,2173.3,2191.4,4229070,9287853685.0,03-Mar-20,2196.1929419470475
HDFC,2207.0,2216.6,2180.2,2206.05,4460096,9813578242.0,04-Mar-20,2200.3065050617743
HDFC,2206.0,2232.2,2183.0,2195.05,3916762,8640675109.0,05-Mar-20,2206.0761182323563
HDFC,2145.0,2145.0,2092.8,2109.45,5414446,11440293043.0,06-Mar-20,2112.920332569574
HDFC,2067.3,2067.3,1981.2,2027.9,5051322,10239209033.0,09-Mar-20,2027.0355033791154
HDFC,1970.0,2073.85,1970.0,2036.25,6997019,14267473437.0,11-Mar-20,2039.0788472919683
HDFC,1990.0,1990.0,1861.1,1875.7,8837533,16981957677.0,12-Mar-20,1921.5721940727124
HDFC,1780.05,2123.7,1688.15,2066.8,14173637,27887643750.0,13-Mar-20,1967.5714673657862
HDFC,1964.0,1979.5,1825.0,1841.75,10672843,20258137719.0,16-Mar-20,1898.101351158262
HDFC,1858.05,1869.9,1740.0,1755.8,6682574,12064165340.0,17-Mar-20,1805.3171337870706
HDFC,1771.0,1784.7,1602.4,1622.55,9070671,15347878606.0,18-Mar-20,1692.0334345717092
HDFC,1502.1,1703.95,1490.1,1617.6,11254232,17804402635.0,19-Mar-20,1582.01844737162
HDFC,1624.0,1776.9,1535.2,1753.95,11377225,18966004675.0,20-Mar-20,1667.0149948691355
HDFC,1578.6,1673.25,1500.0,1520.7,9474584,15045929137.0,23-Mar-20,1588.0305812899014
HDFC,1554.0,1649.7,1473.45,1505.1,8900025,13843781637.0,24-Mar-20,1555.476713492378
HDFC,1476.0,1655.6,1476.0,1646.05,10417560,16388732588.0,25-Mar-20,1573.1834122385665
HDFC,1689.5,1843.45,1671.2,1733.25,12104359,21184811466.0,26-Mar-20,1750.180366097866
HDFC,1785.2,1849.65,1710.05,1754.0,9048464,16097031294.0,27-Mar-20,1778.9794261213838
HDFC,1667.3,1699.0,1548.0,1558.75,8670691,14029421577.0,30-Mar-20,1618.0280876114718
HDFC,1625.0,1666.55,1582.0,1633.1,10444821,16946278907.0,31-Mar-20,1622.4575707903466
HDFC,1645.5,1693.6,1575.9,1583.5,6752017,10858669940.0,01-Apr-20,1608.2112856054716
HDFC,1575.5,1578.8,1482.25,1499.55,10149442,15352154499.0,03-Apr-20,1512.6106931789946
HDFC,1574.7,1577.5,1517.6,1555.15,12307166,18977864316.0,07-Apr-20,1542.01741619476
HDFC,1543.4,1692.0,1535.0,1558.8,8974987,14403795607.0,08-Apr-20,1604.8820579907247
HDFC,1587.7,1714.65,1587.5,1703.1,8572034,14312462272.0,09-Apr-20,1669.669330756271
HDFC,1725.0,1763.75,1646.55,1655.2,7287804,12245737787.0,13-Apr-20,1680.3055882128554
HDFC,1708.5,1710.0,1584.9,1596.3,8512332,13986053408.0,15-Apr-20,1643.0342951849152
HDFC,1590.0,1663.7,1575.0,1625.75,7892749,12815967216.0,16-Apr-20,1623.7647004864846
HDFC,1690.0,1738.0,1652.4,1680.6,8954559,15120478543.0,17-Apr-20,1688.5788058351059
HDFC,1709.8,1738.0,1673.4,1727.7,7372380,12605653593.0,20-Apr-20,1709.848596111432
HDFC,1670.0,1694.8,1651.1,1669.7,6604554,11069479448.0,21-Apr-20,1676.0373899585045
HDFC,1669.7,1679.0,1626.15,1664.15,5301750,8797052694.0,22-Apr-20,1659.2733897298062
HDFC,1674.9,1687.0,1651.6,1663.45,4419421,7366264030.0,23-Apr-20,1666.7939148589826
HDFC,1603.0,1624.95,1569.1,1580.3,7166440,11464230351.0,24-Apr-20,1599.7106444761973
HDFC,1618.1,1652.15,1585.35,1591.45,5719079,9269017194.0,27-Apr-20,1620.7185097460622
HDFC,1615.8,1725.0,1612.65,1715.8,7691600,12859811307.0,28-Apr-20,1671.9292874044413
HDFC,1734.0,1845.0,1726.0,1836.75,11881509,21426401018.0,29-Apr-20,1803.3400486419696
HDFC,1857.0,1927.0,1855.5,1916.0,8237079,15607316366.0,30-Apr-20,1894.7634672436673
HDFC,1856.0,1856.0,1708.3,1724.35,6040202,10608844800.0,04-May-20,1756.3725186674221
HDFC,1745.0,1769.5,1678.0,1689.9,7807204,13453332183.0,05-May-20,1723.1946524005266
HDFC,1709.0,1777.55,1680.0,1732.15,8781437,15244720856.0,06-May-20,1736.0166514888167
HDFC,1730.0,1745.95,1697.65,1703.9,3349484,5748291661.0,07-May-20,1716.1723002707283
HDFC,1737.0,1742.0,1685.0,1689.7,4420831,7541626740.0,08-May-20,1705.9296634501522
HDFC,1712.5,1722.0,1652.1,1658.45,4677500,7869617984.0,11-May-20,1682.4410441475147
HDFC,1630.0,1682.8,1587.1,1674.1,7019332,11417987223.0,12-May-20,1626.648692924056
HDFC,1747.0,1749.5,1698.0,1712.75,5734243,9869849433.0,13-May-20,1721.2122738781736
HDFC,1685.0,1693.0,1628.1,1632.4,5424770,8986603024.0,14-May-20,1656.5869196297724
HDFC,1649.0,1657.75,1609.0,1633.8,5610025,9163464258.0,15-May-20,1633.4088097646625
HDFC,1633.5,1637.65,1506.4,1512.05,8460262,13138490500.0,18-May-20,1552.9649672787912
HDFC,1570.0,1591.75,1512.0,1539.85,9261076,14390950084.0,19-May-20,1553.9177179843898
HDFC,1550.0,1640.0,1545.0,1627.0,6847043,10872414709.0,20-May-20,1587.8992886418268
HDFC,1632.9,1651.8,1590.0,1597.3,7056092,11450632312.0,21-May-20,1622.8008807141402
HDFC,1582.0,1596.7,1501.5,1516.15,12034389,18415563255.0,22-May-20,1530.244971722287
HDFC,1516.0,1568.15,1486.0,1502.15,12752510,19296553195.0,26-May-20,1513.1572682554258
HDFC,1513.0,1578.0,1490.0,1570.4,12428432,19074883799.0,27-May-20,1534.7779831759951
HDFC,1580.0,1643.8,1577.0,1623.7,10262028,16630724097.0,28-May-20,1620.6079438684048
HDFC,1615.9,1676.35,1590.9,1658.9,13809103,22634377817.0,29-May-20,1639.0910993277405
HDFC,1706.6,1764.85,1701.3,1737.7,8056778,13998949950.0,01-Jun-20,1737.5370092113747
HDFC,1737.7,1822.35,1732.15,1813.55,8319067,14822382978.0,02-Jun-20,1781.7362184966175
HDFC,1835.2,1859.45,1823.1,1835.65,9490542,17414908522.0,03-Jun-20,1834.9751280801454
HDFC,1815.0,1828.4,1759.0,1764.3,7617538,13562275960.0,04-Jun-20,1780.4014840490458
HDFC,1775.0,1788.95,1740.6,1766.6,6691738,11810902054.0,05-Jun-20,1764.9976813198605
HDFC,1801.0,1818.9,1748.35,1760.8,6209421,11050687673.0,08-Jun-20,1779.6647502238936
HDFC,1763.2,1826.75,1746.0,1772.1,9065372,16163605937.0,09-Jun-20,1783.0052574786782
HDFC,1784.0,1820.0,1782.0,1809.3,4631195,8335723847.0,10-Jun-20,1799.9077661381134
HDFC,1805.0,1826.0,1781.35,1787.45,5383998,9683993674.0,11-Jun-20,1798.6621974971015
HDFC,1710.0,1809.0,1710.0,1792.2,5936632,10441025680.0,12-Jun-20,1758.7456456792336
HDFC,1786.95,1805.25,1726.0,1751.65,5082387,8905360148.0,15-Jun-20,1752.2003239816252
HDFC,1785.0,1834.0,1768.05,1821.9,7453412,13494649114.0,16-Jun-20,1810.533097325091
HDFC,1819.0,1847.15,1786.0,1794.65,6816822,12406472037.0,17-Jun-20,1819.9788753468993
HDFC,1790.0,1869.0,1787.3,1855.95,5334835,9767504642.0,18-Jun-20,1830.8916099560718
HDFC,1854.0,1867.5,1814.0,1835.1,12199449,22409404203.0,19-Jun-20,1836.919372588057
HDFC,1850.8,1874.2,1813.1,1819.4,4782899,8791308098.0,22-Jun-20,1838.071031397485
HDFC,1820.0,1845.0,1803.05,1838.1,5043383,9189697466.0,23-Jun-20,1822.1296034824245
HDFC,1825.0,1869.0,1788.6,1797.75,7029207,12908465797.0,24-Jun-20,1836.404276755543
HDFC,1782.2,1811.0,1761.9,1777.8,5939864,10614080664.0,25-Jun-20,1786.9231793859253
HDFC,1793.85,1799.9,1752.4,1769.35,5731517,10139812237.0,26-Jun-20,1769.1323670504685
HDFC,1755.0,1775.0,1726.25,1741.15,3948941,6867005320.0,29-Jun-20,1738.9485738075093
HDFC,1751.15,1792.7,1747.2,1754.65,6325246,11202532937.0,30-Jun-20,1771.0825692787284
HDFC,1764.0,1844.8,1760.4,1835.15,6991685,12689494940.0,01-Jul-20,1814.9408819190223
HDFC,1852.95,1899.0,1842.6,1889.45,6480519,12162214412.0,02-Jul-20,1876.7346275815255
HDFC,1905.55,1908.0,1867.3,1885.2,4430264,8350618471.0,03-Jul-20,1884.9031278948614
HDFC,1903.25,1909.25,1864.55,1868.7,5073705,9592857013.0,06-Jul-20,1890.700585272498
HDFC,1880.0,1892.35,1857.0,1886.75,4157365,7816606427.0,07-Jul-20,1880.1828627026975
HDFC,1895.0,1907.0,1871.0,1886.05,2885754,5462703207.0,08-Jul-20,1892.989910782416
HDFC,1871.3,1947.9,1865.0,1941.85,6703324,12934045671.0,09-Jul-20,1929.4973167043693
HDFC,1915.0,1931.9,1876.25,1886.0,3853348,7320788674.0,10-Jul-20,1899.8514211537604
HDFC,1905.0,1907.2,1840.0,1845.55,3403604,6339056787.0,13-Jul-20,1862.4542652435478
HDFC,1825.0,1825.3,1770.5,1791.6,5529793,9909526729.0,14-Jul-20,1792.02489659197
HDFC,1809.0,1821.9,1782.0,1789.9,3994980,7203769834.0,15-Jul-20,1803.2054813791308
HDFC,1792.0,1794.7,1750.0,1787.8,4230162,7504975485.0,16-Jul-20,1774.1579365045593
HDFC,1800.0,1821.95,1784.05,1805.85,4240987,7661742109.0,17-Jul-20,1806.594103919677
HDFC,1844.0,1844.0,1801.0,1806.05,3915997,7112184283.0,20-Jul-20,1816.187367610343
HDFC,1816.5,1900.95,1815.0,1883.65,6884035,12870275135.0,21-Jul-20,1869.583047587643
HDFC,1895.5,1898.95,1851.5,1881.05,5538884,10369413957.0,22-Jul-20,1872.1124972106295
HDFC,1881.05,1910.0,1871.6,1875.8,3647242,6900158054.0,23-Jul-20,1891.8837998685033
HDFC,1854.0,1857.8,1817.0,1841.3,3309356,6069531975.0,24-Jul-20,1834.0522974862783
HDFC,1841.3,1861.95,1824.0,1850.75,3724639,6862134768.0,27-Jul-20,1842.3623787432823
HDFC,1859.35,1907.0,1844.5,1897.35,4346193,8157568544.0,28-Jul-20,1876.945764718686
HDFC,1885.0,1918.5,1867.2,1877.3,7413828,14013720597.0,29-Jul-20,1890.2138810072206
HDFC,1880.0,1900.7,1804.0,1810.65,7473426,13812489031.0,30-Jul-20,1848.2137952526725
HDFC,1805.0,1811.2,1759.0,1781.95,7746014,13816965913.0,31-Jul-20,1783.7517351504916
HDFC,1781.0,1781.95,1730.1,1739.8,4648927,8163809657.0,03-Aug-20,1756.063207058317
HDFC,1749.0,1794.45,1743.4,1781.1,4722583,8373874928.0,04-Aug-20,1773.1556921286508
HDFC,1784.4,1811.5,1766.25,1776.7,5576455,9967784418.0,05-Aug-20,1787.4768859427718
HDFC,1798.25,1805.7,1762.05,1783.75,6004624,10714415041.0,06-Aug-20,1784.3606928593697
HDFC,1774.95,1781.8,1763.0,1777.7,5129995,9100051953.0,07-Aug-20,1773.8909985292382
HDFC,1794.0,1811.0,1789.3,1798.95,3030917,5457022247.0,10-Aug-20,1800.452551818476
HDFC,1813.0,1846.75,1810.5,1826.75,4944312,9069914819.0,11-Aug-20,1834.4139324136502
HDFC,1825.75,1837.7,1802.0,1814.2,3606317,6564247309.0,12-Aug-20,1820.208070727005
HDFC,1818.5,1823.65,1799.55,1804.85,3769538,6813503043.0,13-Aug-20,1807.5167415741664
HDFC,1818.6,1823.75,1773.25,1791.7,6136766,11025637097.0,14-Aug-20,1796.6526826996499
HDFC,1805.0,1807.85,1783.85,1800.55,4076960,7318829944.0,17-Aug-20,1795.1684451159688
HDFC,1801.1,1825.4,1795.95,1820.7,3413536,6190549505.0,18-Aug-20,1813.5298719568214
HDFC,1835.0,1835.9,1818.05,1827.95,2934730,5364712977.0,19-Aug-20,1828.0090423991305
HDFC,1803.0,1807.95,1782.25,1785.15,2702815,4844694753.0,20-Aug-20,1792.4625817897265
HDFC,1800.0,1824.7,1787.15,1804.05,3466213,6267781524.0,21-Aug-20,1808.2505385560553
HDFC,1814.95,1849.0,1811.0,1829.85,3816127,6999449567.0,24-Aug-20,1834.1762648360498
HDFC,1843.75,1852.4,1817.05,1829.6,2646159,4855322296.0,25-Aug-20,1834.8565962967457
HDFC,1837.0,1837.8,1803.6,1816.0,3187424,5791196460.0,26-Aug-20,1816.8892685755018
HDFC,1832.0,1883.0,1830.0,1864.1,8648531,16127391613.0,27-Aug-20,1864.7550217487803
HDFC,1871.0,1889.0,1862.8,1883.25,4903981,9218857512.0,28-Aug-20,1879.8721920007438
HDFC,1898.5,1921.9,1797.55,1832.6,7604691,14089296214.0,31-Aug-20,1852.711203387488
HDFC,1858.0,1884.0,1831.85,1851.2,3793458,7043063272.0,01-Sep-20,1856.6340452431527
HDFC,1849.85,1849.95,1810.0,1827.2,4235148,7740280047.0,02-Sep-20,1827.6291754148851
HDFC,1831.0,1842.8,1803.45,1808.75,3350617,6093597265.0,03-Sep-20,1818.6493010093366
HDFC,1783.6,1789.0,1761.8,1769.7,4214148,7476349861.0,04-Sep-20,1774.107093770793
HDFC,1773.0,1801.45,1760.0,1791.1,4073465,7271021102.0,07-Sep-20,1784.9720329007368
HDFC,1785.1,1793.25,1770.8,1777.3,2456321,4379379510.0,08-Sep-20,1782.9019537755855
HDFC,1759.55,1777.9,1755.0,1760.75,2509630,4421689795.0,09-Sep-20,1761.8891211055015
HDFC,1781.0,1792.95,1760.0,1777.45,3245630,5760203452.0,10-Sep-20,1774.756658029412
HDFC,1771.0,1786.0,1760.0,1768.15,2232185,3947909488.0,11-Sep-20,1768.6300588884883
HDFC,1781.0,1796.85,1728.4,1738.0,4061493,7145131677.0,14-Sep-20,1759.23771800173
HDFC,1754.9,1777.0,1742.8,1758.75,3159537,5561510107.0,15-Sep-20,1760.2294598860528
HDFC,1766.0,1774.7,1743.45,1768.15,2592551,4562444207.0,16-Sep-20,1759.8281410857492
HDFC,1750.0,1773.2,1736.5,1744.35,3191905,5584934694.0,17-Sep-20,1749.718332469168
HDFC,1752.9,1754.75,1708.3,1724.0,5642506,9762521718.0,18-Sep-20,1730.1748049536855
HDFC,1722.8,1738.75,1701.85,1708.15,3174505,5469699128.0,21-Sep-20,1723.008509358152
HDFC,1716.25,1716.25,1672.0,1674.85,3615745,6098064204.0,22-Sep-20,1686.5304948219523
HDFC,1694.0,1696.65,1650.4,1667.1,4803637,8037715007.0,23-Sep-20,1673.2561196859797
HDFC,1646.8,1654.15,1623.0,1636.85,5673754,9289858200.0,24-Sep-20,1637.3389117681168
HDFC,1651.95,1657.8,1628.1,1652.0,4046773,6660064455.0,25-Sep-20,1645.771693890416
HDFC,1672.9,1692.6,1658.0,1681.45,2739071,4598260285.0,28-Sep-20,1678.7663718830217
HDFC,1692.0,1720.0,1682.1,1713.1,3696138,6289406785.0,29-Sep-20,1701.61579059007
HDFC,1716.9,1744.25,1703.2,1740.05,3594715,6212925377.0,30-Sep-20,1728.3499184219054
HDFC,1755.0,1799.85,1750.0,1790.65,3706206,6613676467.0,01-Oct-20,1784.4870109756446
HDFC,1784.0,1816.5,1775.7,1785.1,4056801,7301503881.0,05-Oct-20,1799.8181032296136
HDFC,1803.15,1943.7,1803.15,1934.4,16829628,31924298556.0,06-Oct-20,1896.9105292166885
HDFC,1945.0,1964.85,1908.85,1948.75,7038044,13665892734.0,07-Oct-20,1941.7174337074334
HDFC,1952.5,1988.45,1938.5,1949.25,4589506,9018901318.0,08-Oct-20,1965.1137438321248
HDFC,1945.0,2029.85,1938.0,1957.65,10848230,21559674797.0,09-Oct-20,1987.3910118977935
HDFC,1965.0,1998.95,1942.3,1965.4,3651557,7185427649.0,12-Oct-20,1967.7709122437361
HDFC,1962.0,1986.65,1930.55,1943.4,3351027,6551466215.0,13-Oct-20,1955.062198842325
HDFC,1935.0,1989.0,1919.05,1979.85,3108218,6061329760.0,14-Oct-20,1950.0980175779177
HDFC,1983.0,2020.0,1938.25,1947.2,5170267,10253552906.0,15-Oct-20,1983.1766726940793
HDFC,1948.4,1983.7,1939.35,1961.7,3238617,6344903292.0,16-Oct-20,1959.139747614491
HDFC,1985.0,2039.9,1983.1,2031.5,6591617,13319959804.0,19-Oct-20,2020.7423768705007
HDFC,2025.0,2041.7,2004.05,2015.3,4733065,9569809331.0,20-Oct-20,2021.905325830091
HDFC,2030.0,2067.45,2005.35,2048.75,8166501,16717703468.0,21-Oct-20,2047.1072578084543
HDFC,2038.3,2063.0,2023.15,2042.55,5030745,10275855914.0,22-Oct-20,2042.611166735742
HDFC,2056.0,2067.9,2046.0,2059.7,3573911,7347820062.0,23-Oct-20,2055.960560293751
HDFC,2058.0,2083.95,2052.75,2073.35,4927520,10195074348.0,26-Oct-20,2069.007197941358
HDFC,2056.0,2064.8,2027.0,2041.35,4468948,9163074175.0,27-Oct-20,2050.3872891338187
HDFC,2045.0,2045.0,1965.0,1968.9,4636738,9206559404.0,28-Oct-20,1985.5681740050873
HDFC,1941.25,1970.0,1927.3,1934.3,3463664,6744689282.0,29-Oct-20,1947.2700822019688
HDFC,1930.0,1947.0,1906.85,1923.55,4322115,8322607584.0,30-Oct-20,1925.5867981300821
HDFC,1916.0,2065.0,1916.0,2040.8,7635981,15233134583.0,02-Nov-20,1994.915202512945
HDFC,2030.0,2139.65,2030.0,2130.95,8905106,18734281984.0,03-Nov-20,2103.7685552535813
HDFC,2111.1,2134.95,2056.4,2088.2,5214238,10906600958.0,04-Nov-20,2091.6960365061973
HDFC,2106.0,2120.0,2084.3,2100.7,4117187,8642543843.0,05-Nov-20,2099.138038422836
HDFC,2110.0,2145.0,2102.45,2138.45,4607710,9799922470.0,06-Nov-20,2126.853137458738
HDFC,2150.0,2169.95,2138.2,2152.1,3529739,7603377838.0,09-Nov-20,2154.090667326961
HDFC,2185.0,2288.8,2175.55,2272.1,8512622,19124668022.0,10-Nov-20,2246.624838034627
HDFC,2279.0,2337.0,2273.0,2324.3,7235313,16694403655.0,11-Nov-20,2307.3505811013288
HDFC,2297.25,2343.8,2267.45,2332.1,6398213,14719512309.0,12-Nov-20,2300.5661594885946
HDFC,2320.0,2323.3,2284.0,2306.75,3999928,9216175813.0,13-Nov-20,2304.085426787682
HDFC,2339.9,2364.75,2307.4,2349.0,7393052,17242915956.0,17-Nov-20,2332.313631231053
HDFC,2336.7,2369.4,2320.3,2364.9,4344487,10201897712.0,18-Nov-20,2348.239898519664
HDFC,2336.0,2351.9,2311.0,2324.6,6936896,16143740175.0,19-Nov-20,2327.2282264286505
HDFC,2330.0,2386.55,2326.55,2334.8,5321688,12505673533.0,20-Nov-20,2349.944892109421
HDFC,2344.2,2347.85,2230.1,2250.8,6995598,15855018351.0,23-Nov-20,2266.427880933124
HDFC,2272.25,2272.25,2209.55,2217.7,4945274,11039617437.0,24-Nov-20,2232.3570821353883
HDFC,2228.0,2252.15,2179.3,2191.35,6150483,13593069077.0,25-Nov-20,2210.0815622122686
HDFC,2197.15,2245.0,2187.65,2238.4,5026304,11134205386.0,26-Nov-20,2215.1874192249416
HDFC,2240.0,2272.45,2202.2,2256.25,10179511,22801506316.0,27-Nov-20,2239.941222716887
HDFC,2237.0,2324.0,2217.65,2306.95,7031670,16053479119.0,01-Dec-20,2283.025102002796
HDFC,2300.0,2304.0,2252.5,2276.35,3191550,7265961073.0,02-Dec-20,2276.6245470069402
HDFC,2287.0,2289.45,2235.0,2253.95,4528707,10221611674.0,03-Dec-20,2257.070654824876
HDFC,2253.95,2284.9,2231.6,2245.9,3245440,7312486078.0,04-Dec-20,2253.1570689952673
HDFC,2240.0,2309.7,2221.2,2303.8,4910736,11205315398.0,07-Dec-20,2281.7995913443524
HDFC,2315.0,2340.0,2292.05,2309.75,5262959,12186668785.0,08-Dec-20,2315.55457395735
HDFC,2318.0,2334.65,2280.6,2306.7,3302661,7624232030.0,09-Dec-20,2308.5118424203997
HDFC,2300.0,2303.0,2267.0,2289.1,2545081,5808940361.0,10-Dec-20,2282.418658188089
HDFC,2307.0,2317.7,2272.0,2295.9,4577813,10508944241.0,11-Dec-20,2295.6254964980003
HDFC,2306.7,2315.65,2270.55,2302.65,3160235,7245930583.0,14-Dec-20,2292.8454950343885
HDFC,2290.5,2357.4,2282.7,2350.35,5056502,11791167409.0,15-Dec-20,2331.8822792910987
HDFC,2377.95,2443.4,2365.5,2424.65,6532346,15712587606.0,16-Dec-20,2405.351401471998
HDFC,2434.9,2509.0,2420.15,2494.6,7379515,18267067625.0,17-Dec-20,2475.3750924010587
HDFC,2482.0,2489.0,2431.0,2479.4,4189517,10305009813.0,18-Dec-20,2459.7130917478075
HDFC,2468.0,2478.95,2370.45,2414.8,3573982,8729453775.0,21-Dec-20,2442.5007666518745
HDFC,2415.0,2439.9,2360.5,2403.65,4832004,11582915570.0,22-Dec-20,2397.1245822644187
HDFC,2398.0,2419.65,2376.75,2403.05,2605828,6236006742.0,23-Dec-20,2393.0999060567315
HDFC,2417.0,2464.65,2411.05,2455.15,2723426,6648298919.0,24-Dec-20,2441.1527682411784
HDFC,2467.0,2485.0,2436.6,2476.45,2085391,5130918234.0,28-Dec-20,2460.410653925331
HDFC,2480.0,2530.0,2480.0,2518.95,4490464,11288129537.0,29-Dec-20,2513.800252490611
HDFC,2518.95,2525.0,2483.0,2518.05,2902423,7264128977.0,30-Dec-20,2502.7809444040377
HDFC,2518.7,2575.0,2504.4,2558.65,4956399,12672322865.0,31-Dec-20,2556.76003182956
HDFC,2549.0,2593.3,2541.15,2568.75,2054108,5289219587.0,01-Jan-21,2574.9471726900438
HDFC,2576.9,2592.35,2533.15,2578.5,2795972,7181188494.0,04-Jan-21,2568.4050104936673
HDFC,2589.0,2659.45,2572.4,2651.85,5870743,15448439206.0,05-Jan-21,2631.428288719162
HDFC,2664.7,2665.0,2619.0,2638.85,3401085,8987385763.0,06-Jan-21,2642.5054836912336
HDFC,2670.0,2709.35,2647.4,2661.35,4106042,11007581807.0,07-Jan-21,2680.825429208956
HDFC,2668.0,2674.4,2631.0,2657.5,4497042,11903528947.0,08-Jan-21,2646.9685955790496
HDFC,2680.0,2762.0,2666.75,2751.2,5939812,16152540359.0,11-Jan-21,2719.368956290199
HDFC,2738.0,2760.0,2719.0,2747.55,3412213,9337751783.0,12-Jan-21,2736.567671185826
HDFC,2760.45,2777.15,2651.1,2670.9,5582165,15055421129.0,13-Jan-21,2697.0577059259267
HDFC,2670.0,2699.0,2647.15,2684.05,4253567,11365263176.0,14-Jan-21,2671.9370297917017
HDFC,2661.0,2688.45,2615.6,2632.75,2582955,6833403182.0,15-Jan-21,2645.5757773557807
HDFC,2645.95,2647.4,2550.0,2566.5,5154593,13299213123.0,18-Jan-21,2580.070458133164
HDFC,2585.0,2680.8,2575.0,2656.95,3569359,9388838395.0,19-Jan-21,2630.399014220761
HDFC,2666.0,2711.9,2622.6,2688.15,5771114,15384974616.0,20-Jan-21,2665.858726062247
HDFC,2687.95,2698.0,2641.25,2663.0,3200138,8541606461.0,21-Jan-21,2669.136912533147
HDFC,2669.0,2678.75,2583.05,2589.45,5013872,13154429479.0,22-Jan-21,2623.606960648377
HDFC,2630.45,2670.0,2543.0,2551.4,7761405,20268543191.0,25-Jan-21,2611.4528479057594
HDFC,2546.3,2546.3,2458.25,2467.0,4858346,12121360028.0,27-Jan-21,2494.956108107574
HDFC,2430.1,2454.0,2395.25,2425.75,5282970,12807903788.0,28-Jan-21,2424.375642488979
HDFC,2450.0,2460.0,2364.6,2377.8,7347695,17731030596.0,29-Jan-21,2413.1418895313427
HDFC,2402.7,2602.1,2391.85,2579.25,7106502,17747779822.0,01-Feb-21,2497.400243045031
HDFC,2625.0,2762.95,2612.0,2659.0,9253486,25006997372.0,02-Feb-21,2702.4407203944547
HDFC,2695.0,2734.5,2618.0,2703.55,4782433,12853319780.0,03-Feb-21,2687.611050693235
HDFC,2740.4,2742.0,2659.0,2707.75,4108174,11078934149.0,04-Feb-21,2696.8025572918773
HDFC,2724.5,2767.8,2696.2,2721.5,4575345,12493933544.0,05-Feb-21,2730.708513565644
HDFC,2765.0,2765.0,2711.1,2733.35,3807824,10411332364.0,08-Feb-21,2734.194743244436
HDFC,2760.0,2784.0,2710.45,2747.05,5586584,15344641030.0,09-Feb-21,2746.694765531137
HDFC,2745.95,2780.0,2739.2,2767.1,5602915,15487593018.0,10-Feb-21,2764.2027441073083
HDFC,2744.1,2767.6,2737.45,2760.6,1935639,5326968204.0,11-Feb-21,2752.0463288867395
HDFC,2746.0,2809.0,2735.6,2791.5,2921180,8125663979.0,12-Feb-21,2781.637550236548
HDFC,2819.0,2868.0,2805.0,2860.45,2847445,8108348529.0,15-Feb-21,2847.587408712021
HDFC,2871.0,2896.0,2838.0,2858.65,2295100,6582170859.0,16-Feb-21,2867.923340595181
HDFC,2850.25,2856.6,2787.85,2805.35,2874649,8089368102.0,17-Feb-21,2814.0368100592455
HDFC,2800.0,2806.0,2730.1,2745.15,2937262,8101051922.0,18-Feb-21,2758.0283685963323
HDFC,2725.0,2765.0,2714.15,2741.3,2275146,6234329819.0,19-Feb-21,2740.18890172323
HDFC,2741.3,2741.3,2638.15,2651.95,4090709,10942024844.0,22-Feb-21,2674.848013877301
HDFC,2670.35,2677.9,2621.0,2628.6,3022925,7981842805.0,23-Feb-21,2640.4369294640123
HDFC,2610.1,2723.0,2610.1,2707.75,2950645,7835183617.0,24-Feb-21,2655.4138559535286
HDFC,2718.5,2739.0,2677.0,2684.7,4758112,12859239613.0,25-Feb-21,2702.5928799069884
HDFC,2631.05,2631.05,2520.0,2539.4,8771431,22466145912.0,26-Feb-21,2561.2862840738303
HDFC,2556.0,2614.6,2548.6,2606.0,3595993,9308531411.0,01-Mar-21,2588.584407978547
HDFC,2615.0,2615.0,2541.4,2564.0,4086134,10489679518.0,02-Mar-21,2567.14036250402
HDFC,2608.9,2664.15,2592.15,2654.9,5640063,14814933877.0,03-Mar-21,2626.7319845540733
HDFC,2610.0,2610.0,2568.0,2582.95,5315682,13737220189.0,04-Mar-21,2584.2817890535966
HDFC,2573.6,2579.9,2523.5,2543.9,4254126,10853977689.0,05-Mar-21,2551.4001440013767
HDFC,2555.05,2560.0,2505.4,2510.25,2179821,5505333730.0,08-Mar-21,2525.589821366066
HDFC,2513.1,2584.4,2513.1,2577.3,2877662,7364925571.0,09-Mar-21,2559.3435125459487
HDFC,2590.4,2609.4,2580.6,2599.8,2569360,6671472758.0,10-Mar-21,2596.5504086620795
HDFC,2662.0,2667.95,2556.35,2568.0,3487185,9093216420.0,12-Mar-21,2607.6094098821827
HDFC,2565.0,2568.0,2496.05,2535.5,2905477,7325465979.0,15-Mar-21,2521.26104560456
HDFC,2556.5,2562.65,2503.0,2510.4,2446483,6188680433.0,16-Mar-21,2529.6233135484695
HDFC,2509.1,2542.0,2502.75,2515.55,3362442,8476407085.0,17-Mar-21,2520.908043915702
HDFC,2549.0,2561.45,2501.0,2514.6,3460891,8752416460.0,18-Mar-21,2528.9488920627664
HDFC,2486.0,2567.0,2481.7,2531.65,5277763,13320434189.0,19-Mar-21,2523.8788079343462
HDFC,2530.1,2547.35,2485.0,2531.85,3367784,8474065237.0,22-Mar-21,2516.2139962064075
HDFC,2531.0,2541.35,2492.1,2509.9,3980896,10003415249.0,23-Mar-21,2512.8552087268795
HDFC,2484.85,2503.5,2446.7,2465.75,3165420,7819375117.0,24-Mar-21,2470.2488507054354
HDFC,2488.0,2491.6,2431.1,2470.75,4759214,11689682430.0,25-Mar-21,2456.2212226640786
HDFC,2506.75,2548.0,2491.2,2532.75,3272534,8260785946.0,26-Mar-21,2524.278111701819
HDFC,2569.3,2617.0,2555.25,2605.65,4349089,11274543313.0,30-Mar-21,2592.3919499003123
HDFC,2599.6,2599.6,2490.0,2498.1,5492619,13813380402.0,31-Mar-21,2514.898703514662
HDFC,2524.0,2536.95,2480.0,2531.45,2621437,6588954277.0,01-Apr-21,2513.489462840419
HDFC,2530.0,2531.0,2413.0,2445.85,3353567,8210377357.0,05-Apr-21,2448.2520721965598
HDFC,2470.3,2486.85,2435.35,2472.3,2882606,7114455771.0,06-Apr-21,2468.063887676637
HDFC,2489.0,2507.8,2457.0,2482.7,3511527,8726504187.0,07-Apr-21,2485.1024033134304
HDFC,2495.0,2530.9,2485.75,2502.55,2510746,6312048417.0,08-Apr-21,2514.0131327501867
HDFC,2522.0,2556.0,2492.3,2513.9,3234017,8141860941.0,09-Apr-21,2517.5689988642607
HDFC,2450.0,2454.45,2405.0,2419.85,3772771,9149810744.0,12-Apr-21,2425.2229313679522
HDFC,2422.4,2523.1,2412.25,2512.95,3832030,9459725070.0,13-Apr-21,2468.5936879408564
HDFC,2540.0,2555.0,2493.0,2547.15,4201633,10618500100.0,15-Apr-21,2527.231697770843
HDFC,2550.0,2589.8,2546.85,2574.05,3133311,8060093450.0,16-Apr-21,2572.388585110128
HDFC,2474.0,2510.0,2452.0,2492.35,3550890,8821342904.0,19-Apr-21,2484.262509962291
HDFC,2542.15,2544.0,2406.2,2415.9,7365765,18080588517.0,20-Apr-21,2454.6789799837493
HDFC,2400.0,2485.0,2373.0,2479.7,4514740,11004497066.0,22-Apr-21,2437.4597575940143
HDFC,2455.05,2504.15,2437.5,2497.35,3143779,7795464528.0,23-Apr-21,2479.647751320942
HDFC,2500.0,2534.1,2483.2,2509.8,3916088,9821804816.0,26-Apr-21,2508.0653999603687
HDFC,2494.15,2526.8,2486.25,2518.4,2040799,5120729690.0,27-Apr-21,2509.178851028445
HDFC,2516.1,2609.0,2508.3,2577.0,3407461,8771527416.0,28-Apr-21,2574.212123337582
HDFC,2590.9,2628.0,2533.0,2538.85,3005468,7722995108.0,29-Apr-21,2569.6480907465993
HDFC,2503.1,2525.0,2411.1,2420.1,6024595,14735807391.0,30-Apr-21,2445.941576321728
HDFC,2365.0,2432.95,2365.0,2418.5,2984938,7168042528.0,03-May-21,2401.404159148364
HDFC,2420.0,2435.0,2373.6,2377.2,3135834,7529786776.0,04-May-21,2401.2070715477926
HDFC,2392.0,2403.0,2354.0,2377.6,3458463,8220152460.0,05-May-21,2376.8224381755713
HDFC,2397.3,2435.0,2382.0,2430.1,2401866,5804094933.0,06-May-21,2416.494064614762
HDFC,2454.7,2507.3,2438.4,2496.75,4829852,11935242399.0,07-May-21,2471.140399126102
HDFC,2515.1,2563.7,2515.1,2531.35,4289915,10902145862.0,10-May-21,2541.343094676701
HDFC,2489.35,2502.0,2447.6,2464.2,3728419,9204828668.0,11-May-21,2468.828924002372
HDFC,2448.0,2448.0,2407.5,2438.7,3168128,7686518857.0,12-May-21,2426.202115886732
HDFC,2438.7,2443.95,2402.1,2422.0,2254726,5457669635.0,14-May-21,2420.546724967912
HDFC,2454.0,2495.0,2435.5,2486.45,4452603,10965779087.0,17-May-21,2462.779431941271
HDFC,2508.0,2527.0,2486.95,2502.85,2844233,7123526607.0,18-May-21,2504.5510009201075
HDFC,2498.0,2517.0,2453.75,2459.85,2031903,5041593870.0,19-May-21,2481.2177894318775
HDFC,2467.0,2488.0,2440.1,2445.0,2551577,6282745613.0,20-May-21,2462.2990460409387
HDFC,2472.0,2525.95,2457.15,2518.05,2711607,6778506596.0,21-May-21,2499.811586266004
HDFC,2515.0,2558.8,2515.0,2540.9,2655396,6758373621.0,24-May-21,2545.147172399145
HDFC,2562.0,2570.4,2523.5,2530.5,2641950,6730908331.0,25-May-21,2547.704661708208
HDFC,2547.0,2575.0,2530.5,2567.55,1839397,4698340429.0,26-May-21,2554.282968277104
HDFC,2580.35,2580.35,2488.05,2508.85,14119786,35523087530.0,27-May-21,2515.8375296906056
HDFC,2514.65,2549.85,2511.0,2541.35,2548032,6462179167.0,28-May-21,2536.1452159941477
HDFC,2527.55,2564.8,2502.0,2552.85,3221015,8165024990.0,31-May-21,2534.922994770282
HDFC,2567.0,2610.0,2560.5,2580.75,3900226,10088926870.0,01-Jun-21,2586.7544265383594
HDFC,2570.75,2581.85,2531.1,2562.15,3551619,9059209246.0,02-Jun-21,2550.7266533938464
HDFC,2568.0,2603.0,2556.45,2584.0,3636647,9375744679.0,03-Jun-21,2578.128886031556
HDFC,2588.0,2626.0,2584.05,2619.05,3593742,9381596632.0,04-Jun-21,2610.537048012907
HDFC,2635.0,2635.4,2582.0,2585.75,2222082,5761739655.0,07-Jun-21,2592.946459671605
HDFC,2586.0,2589.9,2550.0,2554.5,3046814,7800169051.0,08-Jun-21,2560.1067380548993
HDFC,2558.0,2579.25,2539.75,2544.75,2784864,7123291944.0,09-Jun-21,2557.8598969285395
HDFC,2554.75,2567.85,2535.0,2561.9,2116122,5408007139.0,10-Jun-21,2555.621622477343
HDFC,2575.0,2594.3,2555.0,2559.8,2340867,6023333065.0,11-Jun-21,2573.120585236154
HDFC,2559.8,2559.8,2512.65,2539.2,2125197,5375890246.0,14-Jun-21,2529.5961955526946
HDFC,2559.8,2559.8,2535.2,2545.1,1589974,4047209589.0,15-Jun-21,2545.456459665378
HDFC,2535.0,2545.0,2515.7,2521.45,2290999,5786943796.0,16-Jun-21,2525.9477616533222
HDFC,2482.2,2506.95,2482.2,2487.3,2657850,6624333540.0,17-Jun-21,2492.365460804786
HDFC,2511.0,2511.0,2453.05,2488.1,3082747,7645806220.0,18-Jun-21,2480.1925749988563
HDFC,2459.0,2524.2,2451.0,2516.4,1891651,4718095840.0,21-Jun-21,2494.168237164255
HDFC,2546.8,2546.8,2514.7,2522.9,2604542,6598651626.0,22-Jun-21,2533.517073635211
HDFC,2537.0,2537.0,2493.0,2497.2,2179551,5464912314.0,23-Jun-21,2507.356934524588
HDFC,2514.9,2515.0,2485.0,2487.4,3257706,8135078686.0,24-Jun-21,2497.1801279796273
HDFC,2511.0,2515.0,2482.0,2509.2,1871813,4675348230.0,25-Jun-21,2497.764589731987
HDFC,2515.0,2523.1,2491.2,2494.95,2140346,5355256643.0,28-Jun-21,2502.0518378804177
HDFC,2510.0,2510.0,2476.9,2501.2,2671608,6663807351.0,29-Jun-21,2494.305807962845
HDFC,2503.15,2515.0,2472.2,2475.25,2798047,6965719410.0,30-Jun-21,2489.493353757103
HDFC,2480.0,2491.35,2456.0,2459.4,2189447,5401021708.0,01-Jul-21,2466.842863974328
HDFC,2463.0,2480.0,2445.0,2475.7,1951251,4798295050.0,02-Jul-21,2459.0865296161282
HDFC,2489.3,2496.8,2471.2,2494.9,1234739,3069659783.0,05-Jul-21,2486.07987841965
HDFC,2492.6,2518.9,2490.2,2496.4,1428812,3577834566.0,06-Jul-21,2504.062512072967
HDFC,2503.85,2545.8,2495.2,2529.2,2542003,6417343090.0,07-Jul-21,2524.522233057947
HDFC,2535.0,2543.85,2508.0,2512.05,2683729,6783000003.0,08-Jul-21,2527.4534064355976
HDFC,2504.1,2509.0,2484.85,2496.45,1348273,3365183704.0,09-Jul-21,2495.921600447387
HDFC,2503.0,2511.0,2452.2,2476.95,6818026,16771588574.0,12-Jul-21,2459.8892075213557
HDFC,2496.0,2549.95,2487.75,2544.9,3716936,9402765045.0,13-Jul-21,2529.7086215635672
HDFC,2544.0,2544.9,2516.0,2531.1,2725020,6899920707.0,14-Jul-21,2532.062409450206
HDFC,2539.0,2555.0,2516.0,2540.1,3272479,8304115004.0,15-Jul-21,2537.560975639569
HDFC,2548.0,2558.0,2531.5,2536.9,1568532,3987381360.0,16-Jul-21,2542.1103044120237
HDFC,2488.0,2497.7,2470.9,2481.65,2262325,5618202370.0,19-Jul-21,2483.375452244925
HDFC,2481.65,2481.65,2481.65,2481.65,172808,428848973.2,20-Jul-21,2481.65
HDFC,2470.0,2480.5,2450.0,2458.75,1731830,4264498995.0,20-Jul-21,2462.42356062662
HDFC,2470.1,2493.05,2465.5,2490.3,1792789,4449905095.0,22-Jul-21,2482.1131181639334
HDFC,2497.8,2501.6,2470.0,2482.5,1275979,3170396149.0,23-Jul-21,2484.677372433245
HDFC,2485.0,2485.0,2460.0,2464.3,1462225,3607935367.0,26-Jul-21,2467.428314383901
HDFC,2464.3,2464.3,2464.3,2464.3,165944,408935799.2,27-Jul-21,2464.2999999999997
HDFC,2470.9,2474.0,2430.0,2433.95,2680260,6551232149.0,27-Jul-21,2444.2524788639907
HDFC,2417.1,2432.45,2380.0,2425.8,3988878,9599398985.0,28-Jul-21,2406.541133872733
HDFC,2424.0,2433.65,2405.1,2414.8,3288676,7953361694.0,29-Jul-21,2418.408409341632
HDFC,2417.95,2464.7,2414.8,2441.15,4128459,10076573660.0,30-Jul-21,2440.7590483519393
HDFC,2466.0,2487.0,2425.1,2462.05,5009133,12312390322.0,02-Aug-21,2457.9883029658026
HDFC,2515.0,2560.0,2476.0,2554.65,5962929,15044530763.0,03-Aug-21,2523.0102124308373
HDFC,2573.3,2681.0,2565.0,2676.05,9604932,25429515948.0,04-Aug-21,2647.547733601862
HDFC,2680.0,2685.0,2644.3,2661.7,4021021,10712052309.0,05-Aug-21,2664.013022811868
HDFC,2657.0,2673.0,2621.4,2628.1,2139764,5662476194.0,06-Aug-21,2646.3087490022263
HDFC,2632.05,2646.25,2599.9,2623.9,1751767,4595573079.0,09-Aug-21,2623.392882158415
HDFC,2634.7,2678.7,2626.85,2671.65,4690741,12492467525.0,10-Aug-21,2663.218353987142
HDFC,2675.0,2689.5,2633.75,2658.5,1769627,4705618793.0,11-Aug-21,2659.102055404896
HDFC,2656.6,2675.25,2646.6,2668.75,1702479,4532596292.0,12-Aug-21,2662.3507790698154
HDFC,2662.0,2715.0,2662.0,2704.15,3248615,8774705018.0,13-Aug-21,2701.0603035447416
HDFC,2696.8,2734.45,2693.8,2731.15,2465887,6709996707.0,16-Aug-21,2721.12903267668
HDFC,2729.95,2750.0,2707.15,2738.4,2795510,7620988084.0,17-Aug-21,2726.153039695798
HDFC,2750.0,2770.3,2698.0,2710.75,2501410,6828940470.0,18-Aug-21,2730.036447443642
HDFC,2700.0,2738.95,2698.0,2722.05,3986473,10845398497.0,20-Aug-21,2720.549843683878
HDFC,2745.5,2758.5,2710.0,2721.95,1901700,5183281802.0,23-Aug-21,2725.6043550507443
HDFC,2726.0,2729.9,2683.95,2691.25,2984595,8043012751.0,24-Aug-21,2694.8422653659877
HDFC,2707.8,2718.5,2696.25,2699.25,1714777,4641944905.0,25-Aug-21,2707.025406219001
HDFC,2711.25,2720.0,2682.2,2700.35,1855274,5013249312.0,26-Aug-21,2702.1611427745984
HDFC,2694.1,2724.65,2662.05,2718.2,2761023,7439778308.0,27-Aug-21,2694.5731013468558
HDFC,2730.45,2764.9,2723.1,2755.7,1731926,4754203941.0,30-Aug-21,2745.0387262504287
HDFC,2748.0,2812.0,2739.35,2798.5,4933523,13761630800.0,31-Aug-21,2789.4125151539783
HDFC,2790.0,2796.95,2736.6,2747.75,3084291,8511167124.0,01-Sep-21,2759.521434261553
HDFC,2756.9,2785.0,2737.25,2777.7,1734037,4791826197.0,02-Sep-21,2763.3932822656034
HDFC,2768.1,2784.15,2742.1,2758.6,1914438,5283434526.0,03-Sep-21,2759.7835636359077
HDFC,2765.0,2777.7,2741.2,2765.3,1729080,4775427924.0,06-Sep-21,2761.8316815878966
HDFC,2769.8,2853.65,2749.95,2837.0,4072518,11466298343.0,07-Sep-21,2815.5304268759523
HDFC,2838.25,2852.0,2802.25,2829.3,2274494,6429755969.0,08-Sep-21,2826.895111176376
HDFC,2815.2,2853.85,2813.8,2830.1,1986913,5624903935.0,09-Sep-21,2830.9764619789594
HDFC,2844.0,2875.85,2833.3,2849.8,3283960,9374158866.0,13-Sep-21,2854.5289424962543
HDFC,2864.95,2869.0,2810.0,2818.05,2238463,6333869738.0,14-Sep-21,2829.5619530007866
HDFC,2805.7,2843.0,2795.0,2815.45,1924840,5423022711.0,15-Sep-21,2817.388827642817
HDFC,2800.0,2823.9,2798.5,2812.35,1831201,5151522833.0,16-Sep-21,2813.1935451105587
HDFC,2832.25,2851.95,2801.7,2825.65,4447386,12573392070.0,17-Sep-21,2827.1420717697993
HDFC,2795.3,2808.65,2733.0,2742.5,2057743,5695872943.0,20-Sep-21,2768.0195937976705
HDFC,2760.0,2780.7,2724.75,2774.35,2119275,5834171388.0,21-Sep-21,2752.90907881233
HDFC,2765.0,2773.95,2717.7,2734.7,3054547,8362061151.0,22-Sep-21,2737.5781583979556
HDFC,2756.1,2828.5,2730.0,2817.4,3720965,10325269211.0,23-Sep-21,2774.8901725762
HDFC,2818.6,2850.0,2800.0,2839.0,2433032,6876856565.0,24-Sep-21,2826.4554535246557
HDFC,2845.75,2869.4,2824.8,2839.8,2684448,7646929876.0,27-Sep-21,2848.6042106235623
HDFC,2842.0,2850.0,2760.95,2804.95,2645677,7437131096.0,28-Sep-21,2811.0502892076397
HDFC,2786.5,2792.95,2739.1,2746.45,3333322,9204268169.0,29-Sep-21,2761.289839085453
HDFC,2729.9,2785.0,2721.2,2754.3,4186802,11549652775.0,30-Sep-21,2758.585855027298
HDFC,2738.6,2752.0,2693.6,2711.65,2462648,6680224604.0,01-Oct-21,2712.618532571443
HDFC,2711.65,2711.65,2711.65,2711.65,1626963,4411754219.0,04-Oct-21,2711.650000030732
HDFC,2740.15,2770.0,2720.6,2725.2,2170643,5948053491.0,04-Oct-21,2740.2265093799397
HDFC,2720.0,2754.95,2715.45,2741.45,2125952,5824477719.0,05-Oct-21,2739.70330421383
HDFC,2729.0,2795.0,2717.0,2750.95,3585605,9893855799.0,06-Oct-21,2759.326752110174
HDFC,2770.7,2774.95,2722.6,2727.0,2247842,6166765813.0,07-Oct-21,2743.4160465904633
HDFC,2731.0,2745.6,2716.0,2720.65,1719442,4693554852.0,08-Oct-21,2729.696524802814
HDFC,2739.0,2769.0,2726.8,2749.25,1773236,4875955872.0,11-Oct-21,2749.7501020732716
HDFC,2749.7,2767.0,2735.0,2755.1,1405800,3869637725.0,12-Oct-21,2752.623221653151
HDFC,2775.0,2775.0,2748.2,2765.6,1513606,4183727790.0,13-Oct-21,2764.0798133728326
HDFC,2758.3,2815.55,2751.85,2808.75,2737670,7635132472.0,14-Oct-21,2788.9162945132175
HDFC,2848.0,2848.0,2788.05,2811.5,2609969,7348608399.0,18-Oct-21,2815.5922154630957
HDFC,2825.0,2827.95,2800.0,2822.9,1994376,5620209609.0,19-Oct-21,2818.029102335768
HDFC,2833.0,2839.85,2773.4,2795.1,2106814,5900721420.0,20-Oct-21,2800.77948029584
HDFC,2814.0,2857.4,2797.85,2844.1,3747385,10600618097.0,21-Oct-21,2828.8041119340555
HDFC,2858.8,2938.35,2856.0,2903.95,4364342,12689013565.0,22-Oct-21,2907.428786515814
HDFC,2905.0,2919.0,2856.25,2896.15,3463553,10012339655.0,25-Oct-21,2890.771313446048
HDFC,2908.0,2934.0,2896.0,2911.65,2430141,7081674412.0,26-Oct-21,2914.1002155841984
HDFC,2920.05,2948.0,2901.4,2915.0,3136213,9180191682.0,27-Oct-21,2927.158226179153
HDFC,2891.0,2924.3,2863.15,2900.8,3302920,9555987109.0,28-Oct-21,2893.193631392828
HDFC,2891.0,2893.0,2791.2,2844.7,3830779,10897583766.0,29-Oct-21,2844.7435276219276
HDFC,2873.0,2947.9,2838.05,2887.95,4951039,14261320071.0,01-Nov-21,2880.470154042414
HDFC,2887.9,2917.25,2865.65,2900.05,4355642,12596624672.0,02-Nov-21,2892.0247972629522
HDFC,2908.0,2932.9,2872.0,2895.9,3731077,10818514374.0,03-Nov-21,2899.568777058206
HDFC,2899.05,2909.0,2895.05,2899.7,129087,374616869.8,04-Nov-21,2902.049546429927
HDFC,2929.0,3002.0,2906.15,2979.55,5481172,16210049011.0,08-Nov-21,2957.4056444497637
HDFC,2955.05,2966.95,2916.1,2941.6,2947787,8666818295.0,09-Nov-21,2940.1100876691567
HDFC,2920.0,2951.0,2886.05,2945.6,3294239,9620030818.0,10-Nov-21,2920.258918068786
HDFC,2932.0,2932.0,2885.15,2908.85,2480671,7204722997.0,11-Nov-21,2904.344428180924
HDFC,2925.0,2998.0,2905.45,2992.65,2802442,8298595510.0,12-Nov-21,2961.201519960092
HDFC,3004.0,3021.1,2971.0,3000.85,3248126,9719566427.0,15-Nov-21,2992.361265234169
HDFC,2986.2,2999.25,2957.7,2975.45,4242014,12617929621.0,16-Nov-21,2974.513903301592
HDFC,2956.1,2977.2,2932.25,2948.4,2398355,7081640387.0,17-Nov-21,2952.707329398692
HDFC,2936.1,2964.05,2916.75,2925.4,3481704,10223816402.0,18-Nov-21,2936.440433190185
HDFC,2902.0,2934.0,2885.15,2894.85,3951901,11463776122.0,22-Nov-21,2900.825734753983
HDFC,2855.0,2915.0,2855.0,2906.5,3340056,9671815412.0,23-Nov-21,2895.7045666300205
HDFC,2905.05,2923.0,2864.5,2883.55,2318225,6730622393.0,24-Nov-21,2903.3516561162096
HDFC,2890.45,2890.45,2847.0,2867.75,2221089,6377828537.0,25-Nov-21,2871.4871565254703
HDFC,2820.35,2856.0,2723.0,2741.7,3353278,9278778701.0,26-Nov-21,2767.0770812917985
HDFC,2745.0,2747.5,2682.3,2713.8,3571428,9673614458.0,29-Nov-21,2708.612481617997
HDFC,2665.0,2764.9,2656.0,2673.1,7628539,20554477575.0,30-Nov-21,2694.4186265548356
HDFC,2712.8,2757.45,2696.2,2703.65,3847384,10463805533.0,01-Dec-21,2719.719563474818
HDFC,2701.05,2814.95,2701.05,2807.8,4570690,12736696605.0,02-Dec-21,2786.6025928251534
HDFC,2790.0,2823.95,2765.0,2771.65,2961572,8255284192.0,03-Dec-21,2787.466991179009
HDFC,2774.5,2799.9,2760.0,2768.8,1683131,4681792853.0,06-Dec-21,2781.597423492289
HDFC,2795.0,2838.05,2769.45,2817.5,2543784,7165747017.0,07-Dec-21,2816.963632525403
HDFC,2825.25,2864.0,2820.05,2853.0,1772235,5049654539.0,08-Dec-21,2849.3143059470103
HDFC,2872.0,2877.75,2829.05,2842.05,2036491,5801818223.0,09-Dec-21,2848.928977834913
HDFC,2823.3,2838.25,2788.5,2808.75,3455657,9723684187.0,10-Dec-21,2813.8452939629137
HDFC,2832.8,2838.8,2766.05,2771.85,2661378,7420757036.0,13-Dec-21,2788.313811867386
HDFC,2750.0,2764.0,2720.6,2751.95,2039433,5592313111.0,14-Dec-21,2742.09209667589
HDFC,2755.0,2759.95,2715.0,2721.8,1355100,3698171652.0,15-Dec-21,2729.076564091211
HDFC,2749.4,2755.25,2687.8,2699.6,3149777,8535331537.0,16-Dec-21,2709.820897479409
HDFC,2700.0,2712.3,2611.0,2617.35,4503515,11879186174.0,17-Dec-21,2637.758767096368
HDFC,2594.0,2594.0,2506.05,2550.3,3483707,8852280116.0,20-Dec-21,2541.0518496532572
HDFC,2583.75,2588.9,2530.0,2540.85,2502122,6399341670.0,21-Dec-21,2557.5658061437452
HDFC,2551.95,2557.15,2520.15,2539.0,2763684,7008496445.0,22-Dec-21,2535.9253970424984
HDFC,2558.0,2582.0,2543.35,2571.15,1777068,4564098094.0,23-Dec-21,2568.3305838606066
HDFC,2585.0,2585.0,2525.5,2534.55,1033480,2628879201.0,24-Dec-21,2543.7156026241437
HDFC,2520.0,2564.9,2509.45,2558.85,915233,2329795204.0,27-Dec-21,2545.576048940543
HDFC,2579.8,2587.85,2548.0,2565.35,1634180,4191835123.0,28-Dec-21,2565.1000030596383
HDFC,2575.0,2581.0,2551.0,2563.55,1474656,3785067589.0,29-Dec-21,2566.746135369876
HDFC,2561.3,2579.8,2545.4,2563.7,1558019,3997637290.0,30-Dec-21,2565.846302259472
HDFC,2565.0,2608.65,2561.0,2586.45,2289067,5936020239.0,31-Dec-21,2593.205108893711
HDFC,2594.0,2640.0,2587.1,2636.4,1256497,3290905540.0,03-Jan-22,2619.111338904908
HDFC,2645.0,2678.7,2620.35,2675.3,1846249,4899339738.0,04-Jan-22,2653.6722500594447
HDFC,2680.95,2695.45,2652.3,2673.65,3743882,10018252554.0,05-Jan-22,2675.8996554912787
HDFC,2646.35,2654.75,2603.5,2620.4,4616700,12105100750.0,06-Jan-22,2622.024552169298
HDFC,2606.05,2618.3,2585.0,2596.7,6185361,16058237795.0,07-Jan-22,2596.168242241641
HDFC,2601.9,2665.05,2601.9,2659.65,5328083,13993259963.0,10-Jan-22,2626.3216926237824
HDFC,2664.0,2729.0,2664.0,2710.95,4170007,11265543697.0,11-Jan-22,2701.564696893794
HDFC,2736.0,2752.0,2713.05,2737.5,2695634,7373367877.0,12-Jan-22,2735.300073006944
HDFC,2750.0,2762.0,2726.1,2756.0,2011413,5525183513.0,13-Jan-22,2746.916477620459
HDFC,2712.0,2731.6,2687.3,2712.45,1765906,4783840335.0,14-Jan-22,2709.000555522208
HDFC,2710.6,2733.1,2692.5,2702.7,1614989,4371385432.0,17-Jan-22,2706.758641699727
HDFC,2713.0,2713.55,2656.8,2662.5,2086266,5594002544.0,18-Jan-22,2681.3467429369025
HDFC,2681.0,2698.85,2608.1,2620.25,1793748,4713326731.0,19-Jan-22,2627.6415254539656
HDFC,2612.65,2630.0,2543.4,2569.3,3759429,9670953095.0,20-Jan-22,2572.452650389195
HDFC,2553.5,2605.35,2542.05,2592.95,3952946,10189204401.0,21-Jan-22,2577.6229680344736
HDFC,2571.65,2601.8,2510.35,2539.8,2340062,5976368049.0,24-Jan-22,2553.9357713599043
HDFC,2500.0,2540.7,2473.8,2530.6,4528568,11350226971.0,25-Jan-22,2506.361165604668
HDFC,2505.6,2514.0,2448.6,2503.35,6600059,16369774021.0,27-Jan-22,2480.2466191590106
HDFC,2513.7,2556.8,2488.7,2516.5,4885166,12373087203.0,28-Jan-22,2532.787463721806
HDFC,2541.8,2561.4,2513.15,2521.0,3306726,8369409170.0,31-Jan-22,2531.0259059867676
HDFC,2552.6,2596.0,2510.3,2565.35,2980741,7649429323.0,01-Feb-22,2566.28446517158
HDFC,2583.2,2623.3,2580.7,2612.95,4160178,10823813428.0,02-Feb-22,2601.766902281585
HDFC,2613.0,2620.0,2520.0,2527.8,4647089,11829214750.0,03-Feb-22,2545.5106949748542
HDFC,2546.5,2547.0,2497.0,2503.25,4404184,11073056373.0,04-Feb-22,2514.2129332017007
HDFC,2488.5,2512.1,2420.0,2428.15,3664108,8980613667.0,07-Feb-22,2450.968603272611
HDFC,2441.0,2452.0,2405.0,2414.6,6127473,14822659697.0,08-Feb-22,2419.0493694545858
HDFC,2432.0,2442.5,2402.5,2435.35,7141774,17288694746.0,09-Feb-22,2420.7843521791647
HDFC,2462.0,2505.7,2441.6,2476.55,6346218,15711797904.0,10-Feb-22,2475.773429781328
HDFC,2449.95,2449.95,2417.1,2426.35,4062444,9872488535.0,11-Feb-22,2430.1845231589655
HDFC,2390.0,2390.0,2290.0,2296.8,5903697,13730084885.0,14-Feb-22,2325.6757392867553
HDFC,2319.75,2345.0,2286.85,2340.25,9153706,21216697286.0,15-Feb-22,2317.825947872916
HDFC,2341.0,2403.85,2341.0,2363.85,8005225,18996437537.0,16-Feb-22,2373.0048233497496
HDFC,2389.95,2426.0,2361.8,2411.8,5317679,12786964356.0,17-Feb-22,2404.6138091449297
HDFC,2411.8,2451.0,2402.4,2441.15,3725963,9073874464.0,18-Feb-22,2435.3098686165163
HDFC,2424.95,2447.65,2410.0,2436.8,2979739,7248473304.0,21-Feb-22,2432.586647354013
HDFC,2385.1,2462.25,2373.15,2453.95,4604370,11160140057.0,22-Feb-22,2423.81477965498
HDFC,2471.8,2479.45,2428.3,2437.05,3044306,7483349300.0,23-Feb-22,2458.1462244596964
HDFC,2367.0,2401.0,2331.0,2343.05,5058230,12004079915.0,24-Feb-22,2373.1779525644347
HDFC,2380.9,2417.1,2370.05,2401.35,2731176,6557665185.0,25-Feb-22,2401.040864814278
HDFC,2375.0,2402.8,2333.0,2364.5,8366630,19777540737.0,28-Feb-22,2363.859850023247
HDFC,2321.5,2321.5,2259.45,2278.1,8890970,20323127540.0,02-Mar-22,2285.816681419463
HDFC,2280.0,2306.55,2262.25,2273.0,6191711,14118516629.0,03-Mar-22,2280.2286200050357
HDFC,2250.3,2263.0,2203.0,2217.5,4537882,10134798811.0,04-Mar-22,2233.376454257735
HDFC,2139.4,2154.9,2098.2,2121.95,7675627,16333335836.0,07-Mar-22,2127.948092839842
HDFC,2106.0,2161.95,2046.0,2151.7,9024183,18962549055.0,08-Mar-22,2101.3036919796505
HDFC,2151.7,2216.0,2120.35,2194.4,6114047,13328627891.0,09-Mar-22,2180.000888282344
HDFC,2287.0,2287.0,2206.65,2237.95,4183914,9412625443.0,10-Mar-22,2249.717714800065
HDFC,2216.0,2259.85,2189.9,2230.0,2532517,5655277659.0,11-Mar-22,2233.066020484759
HDFC,2235.0,2285.6,2218.0,2275.7,2153393,4854654795.0,14-Mar-22,2254.421183221084
HDFC,2291.7,2308.05,2230.45,2240.85,4557236,10360064699.0,15-Mar-22,2273.3219651121863
HDFC,2280.0,2320.0,2272.65,2292.1,3558601,8169205464.0,16-Mar-22,2295.6227641143246
HDFC,2346.0,2423.8,2346.0,2415.25,6664277,15978619944.0,17-Mar-22,2397.652430113574
HDFC,2459.0,2459.0,2383.5,2391.9,3702411,8914654808.0,21-Mar-22,2407.797191613789
HDFC,2398.0,2420.0,2355.55,2402.75,6357856,15140962531.0,22-Mar-22,2381.4572917348237
HDFC,2408.75,2422.6,2341.2,2346.3,3173223,7537678414.0,23-Mar-22,2375.401418053506
HDFC,2318.0,2356.95,2303.55,2310.5,3994199,9292327535.0,24-Mar-22,2326.455826312109
HDFC,2333.0,2339.05,2286.75,2303.0,3418282,7864769162.0,25-Mar-22,2300.795885769518
HDFC,2310.0,2313.9,2234.1,2268.25,4734110,10702910947.0,28-Mar-22,2260.807405615839
HDFC,2285.9,2344.9,2284.0,2337.35,3202852,7424302460.0,29-Mar-22,2318.0285757818347
HDFC,2369.4,2388.0,2347.65,2385.45,3176850,7547510605.0,30-Mar-22,2375.784379180635
HDFC,2381.5,2428.2,2380.2,2390.4,4167353,10006088216.0,31-Mar-22,2401.065668303117
HDFC,2363.2,2464.7,2349.0,2452.3,2651324,6413169806.0,01-Apr-22,2418.855562730168
HDFC,2570.5,2933.8,2570.5,2680.05,34117717,92866836731.0,04-Apr-22,2721.953427628232
HDFC,2677.4,2680.0,2614.1,2623.7,6178848,16302889475.0,05-Apr-22,2638.49984252728
HDFC,2597.4,2604.0,2530.1,2536.05,5102935,13055722516.0,06-Apr-22,2558.473215120318
HDFC,2511.6,2519.9,2458.15,2462.7,8094839,20059175105.0,07-Apr-22,2478.0202676050753
HDFC,2490.0,2490.0,2427.6,2458.25,9568303,23467879885.0,08-Apr-22,2452.668972230499
HDFC,2440.0,2454.0,2421.1,2424.7,4173679,10169826783.0,11-Apr-22,2436.6576305940157
HDFC,2411.2,2443.7,2399.0,2425.7,5390147,13060774852.0,12-Apr-22,2423.0832391027557
HDFC,2447.0,2447.0,2371.55,2378.5,4257122,10213119851.0,13-Apr-22,2399.0667523740217
HDFC,2318.6,2322.0,2257.05,2263.5,9158650,20905222862.0,18-Apr-22,2282.5659744613017
HDFC,2264.1,2270.9,2111.25,2140.2,20050720,43696581921.0,19-Apr-22,2179.3023852011297
HDFC,2154.0,2188.9,2144.0,2180.2,5434844,11783229992.0,20-Apr-22,2168.0898277853053
HDFC,2197.7,2246.6,2181.2,2230.65,5419406,11988675748.0,21-Apr-22,2212.1752361790204
HDFC,2190.05,2242.3,2186.0,2206.4,4840122,10726838763.0,22-Apr-22,2216.233136892004
HDFC,2187.9,2221.0,2156.0,2210.5,2999737,6586771247.0,25-Apr-22,2195.782912635341
HDFC,2230.0,2239.0,2205.0,2230.2,2514191,5595892476.0,26-Apr-22,2225.7228969477655
HDFC,2214.7,2238.9,2206.0,2218.7,2560457,5689026357.0,27-Apr-22,2221.8792805346857
HDFC,2237.4,2237.4,2206.75,2224.0,3424941,7618061665.0,28-Apr-22,2224.2898972566245
HDFC,2230.0,2283.5,2215.0,2229.7,5492816,12356599707.0,29-Apr-22,2249.5928694862528
HDFC,2194.1,2270.0,2184.0,2264.0,3878583,8724549275.0,02-May-22,2249.416674852646
HDFC,2271.3,2278.0,2192.0,2206.95,4754704,10661925869.0,04-May-22,2242.3952929561965
HDFC,2230.35,2251.9,2207.0,2215.4,2661611,5932563317.0,05-May-22,2228.937029866498
HDFC,2170.0,2190.0,2142.75,2150.65,3862931,8344598349.0,06-May-22,2160.1727675177217
HDFC,2115.0,2181.0,2113.6,2168.3,3969231,8529090113.0,09-May-22,2148.8016477247106
HDFC,2163.45,2221.8,2160.25,2201.3,4205193,9252533265.0,10-May-22,2200.2636418827865
HDFC,2228.2,2237.85,2186.35,2219.1,3499620,7736813608.0,11-May-22,2210.758198890165
HDFC,2190.0,2204.0,2143.0,2150.45,4361039,9462948751.0,12-May-22,2169.884000349458
HDFC,2165.4,2190.95,2125.25,2132.95,4905109,10595408721.0,13-May-22,2160.0761004495516
HDFC,2134.5,2182.55,2130.55,2172.1,1745877,3779345389.0,16-May-22,2164.7260311007017
HDFC,2180.0,2196.6,2160.75,2190.55,3079155,6722581366.0,17-May-22,2183.255265162033
HDFC,2195.0,2218.0,2178.0,2184.55,2472415,5427286624.0,18-May-22,2195.1357777719354
HDFC,2132.0,2158.95,2122.65,2136.3,3867697,8271369182.0,19-May-22,2138.5773451229506
HDFC,2165.0,2212.0,2152.3,2201.6,3954167,8661459538.0,20-May-22,2190.4637659461523
HDFC,2217.7,2221.0,2165.2,2175.95,3630816,7997169556.0,23-May-22,2202.5818868265424
HDFC,2167.75,2226.0,2158.1,2206.8,3778065,8320988003.0,24-May-22,2202.4470206309315
HDFC,2217.85,2251.15,2216.05,2237.45,3147555,7036054683.0,25-May-22,2235.403252048018
HDFC,2242.0,2301.65,2242.0,2287.75,5940524,13515628763.0,26-May-22,2275.157673464496
HDFC,2304.6,2334.25,2300.3,2330.4,2257207,5238507182.0,27-May-22,2320.791660667365
HDFC,2367.8,2388.0,2362.3,2367.25,5423558,12884682892.0,30-May-22,2375.688227543616
HDFC,2328.0,2334.2,2287.9,2306.75,6282851,14527271814.0,31-May-22,2312.210143770718
HDFC,2314.0,2335.65,2292.35,2329.9,2982569,6920174381.0,01-Jun-22,2320.2059637178554
HDFC,2324.4,2324.4,2278.35,2289.6,2873032,6594125010.0,02-Jun-22,2295.179799598473
HDFC,2308.0,2316.05,2271.35,2277.35,2975522,6824929582.0,03-Jun-22,2293.691521017153
HDFC,2257.0,2288.0,2256.05,2274.0,2897544,6602429800.0,06-Jun-22,2278.629694665551
HDFC,2248.5,2263.0,2226.0,2259.5,2112189,4751934040.0,07-Jun-22,2249.7674403190244
HDFC,2280.0,2281.7,2242.6,2258.65,1780048,4026330139.0,08-Jun-22,2261.922228501703
HDFC,2240.05,2273.75,2238.0,2265.45,2053393,4631978510.0,09-Jun-22,2255.768140828375
HDFC,2240.3,2246.95,2172.5,2179.8,4485909,9844843638.0,10-Jun-22,2194.615102089677
HDFC,2115.0,2137.65,2089.35,2128.45,3700786,7826627577.0,13-Jun-22,2114.8554866452696
HDFC,2094.0,2132.0,2090.05,2109.5,3631959,7666011007.0,14-Jun-22,2110.7096767887524
HDFC,2097.0,2110.95,2071.3,2105.45,4365287,9136623286.0,15-Jun-22,2093.0177754635606
HDFC,2115.35,2133.8,2050.0,2056.5,3189251,6650597755.0,16-Jun-22,2085.3165069165143
HDFC,2035.0,2064.9,2026.0,2052.7,5009613,10252662188.0,17-Jun-22,2046.5976489601094
HDFC,2063.45,2139.85,2062.1,2135.25,5845204,12342447633.0,20-Jun-22,2111.551219255992
HDFC,2147.1,2192.05,2138.65,2174.7,3407154,7397100495.0,21-Jun-22,2171.049648768444
HDFC,2160.0,2185.85,2151.1,2159.25,2951514,6403121534.0,22-Jun-22,2169.436273722571
HDFC,2156.35,2179.95,2135.0,2164.2,2709259,5862358209.0,23-Jun-22,2163.8234694431208
HDFC,2160.1,2201.0,2158.05,2189.0,3076421,6719254400.0,24-Jun-22,2184.114072813831
HDFC,2219.0,2221.0,2188.8,2194.45,2781655,6124175833.0,27-Jun-22,2201.6302643570107
HDFC,2177.0,2197.0,2159.0,2180.85,2995821,6507143936.0,28-Jun-22,2172.0736772991445
HDFC,2168.0,2189.95,2164.1,2177.15,2137621,4653751857.0,29-Jun-22,2177.070611207506
HDFC,2156.05,2194.0,2152.1,2170.85,3052310,6630069204.0,30-Jun-22,2172.148046561457
HDFC,2155.0,2224.05,2133.1,2210.55,2776869,6047258827.0,01-Jul-22,2177.725642441181
HDFC,2195.15,2220.55,2178.2,2216.85,1713059,3769966437.0,04-Jul-22,2200.721888154465
HDFC,2241.0,2245.5,2191.4,2202.9,3289675,7321309470.0,05-Jul-22,2225.541875717206
HDFC,2186.0,2234.0,2186.0,2229.5,3415023,7579036311.0,06-Jul-22,2219.322186409872
HDFC,2241.6,2249.45,2228.6,2245.55,2907549,6516952397.0,07-Jul-22,2241.390393420713
HDFC,2260.0,2262.4,2224.9,2239.75,4484309,10047940338.0,08-Jul-22,2240.6886630693825
HDFC,2233.25,2260.0,2228.25,2249.5,2115471,4751034897.0,11-Jul-22,2245.8520570596334
HDFC,2230.0,2243.0,2218.0,2226.9,1699784,3784843262.0,12-Jul-22,2226.6613063777513
HDFC,2235.0,2239.6,2160.55,2165.05,3364164,7354123637.0,13-Jul-22,2186.0181718251547
HDFC,2177.85,2194.9,2160.0,2167.4,2740215,5964478134.0,14-Jul-22,2176.646042007653
HDFC,2172.5,2218.95,2171.25,2216.1,2486731,5470604031.0,15-Jul-22,2199.9178966281434
HDFC,2212.0,2223.35,2188.0,2204.3,2747346,6050191516.0,18-Jul-22,2202.1949605182604
HDFC,2192.0,2223.0,2191.25,2217.7,2586991,5719551269.0,19-Jul-22,2210.889511791885
HDFC,2243.0,2252.7,2224.0,2231.4,2511265,5628810535.0,20-Jul-22,2241.4243558525286
HDFC,2230.0,2250.4,2225.0,2242.4,2316951,5193881194.0,21-Jul-22,2241.687974411198
HDFC,2260.0,2302.05,2250.6,2295.95,3059414,6977443610.0,22-Jul-22,2280.6470814345494
HDFC,2295.95,2295.95,2295.95,2295.95,2318003,5322018988.0,25-Jul-22,2295.950000064711
HDFC,2286.0,2320.0,2275.6,2308.65,1931624,4433569513.0,25-Jul-22,2295.2549321192946
HDFC,2307.75,2309.95,2286.0,2292.5,1606301,3691587751.0,26-Jul-22,2298.1917778797374
HDFC,2286.25,2316.8,2282.55,2313.35,1103714,2543947424.0,27-Jul-22,2304.8973049177594
HDFC,2323.1,2345.6,2319.0,2337.55,1780021,4155695641.0,28-Jul-22,2334.6329290497133
HDFC,2356.0,2392.7,2340.4,2377.8,5268895,12477096525.0,29-Jul-22,2368.067028285817
HDFC,2397.0,2397.0,2362.05,2383.75,2297226,5462456367.0,01-Aug-22,2377.848921699476
HDFC,2371.3,2380.0,2330.25,2353.3,2830058,6647062133.0,02-Aug-22,2348.737069346282
HDFC,2353.3,2374.0,2325.0,2368.4,2738937,6429958353.0,03-Aug-22,2347.6108990458706
HDFC,2379.85,2386.25,2330.0,2361.75,1807757,4266363846.0,04-Aug-22,2360.031711120466
HDFC,2362.0,2363.95,2336.1,2355.2,1802793,4241508098.0,05-Aug-22,2352.7427153311555
HDFC,2355.2,2355.2,2355.2,2355.2,2318005,5459365376.0,08-Aug-22,2355.2
HDFC,2360.0,2402.0,2342.15,2393.7,2191019,5225595989.0,08-Aug-22,2385.007153749009
HDFC,2404.45,2406.85,2370.85,2398.3,2345758,5617267877.0,10-Aug-22,2394.649353002313
HDFC,2421.0,2463.5,2416.0,2454.85,3970325,9701287784.0,11-Aug-22,2443.449285385957
HDFC,2448.0,2469.95,2438.6,2456.4,2502119,6150096108.0,12-Aug-22,2457.9550804737905
HDFC,2470.0,2490.0,2466.55,2484.15,2294546,5695433095.0,16-Aug-22,2482.1612183848133
HDFC,2486.0,2498.0,2444.05,2491.6,1636890,4059392352.0,17-Aug-22,2479.9420559719956
HDFC,2480.0,2507.95,2480.0,2497.95,2219069,5534584973.0,18-Aug-22,2494.1022442294493
HDFC,2492.55,2500.0,2459.6,2468.05,2411051,5980172795.0,19-Aug-22,2480.317834421586
HDFC,2456.55,2460.95,2419.25,2423.2,1712483,4162035874.0,22-Aug-22,2430.4100385230104
HDFC,2403.0,2440.95,2396.85,2420.75,1639606,3964411915.0,23-Aug-22,2417.9052254017124
HDFC,2400.0,2443.0,2400.0,2438.5,2194348,5330777373.0,24-Aug-22,2429.3217725720806
HDFC,2450.0,2468.4,2410.35,2419.75,1276129,3121458864.0,25-Aug-22,2446.0370887269232
HDFC,2435.0,2445.0,2390.5,2396.7,2461738,5940422091.0,26-Aug-22,2413.100862480085
HDFC,2354.0,2379.0,2340.0,2366.0,2202446,5199848190.0,29-Aug-22,2360.942420381703
HDFC,2377.85,2452.15,2375.0,2446.4,3085257,7477060851.0,30-Aug-22,2423.4807184620277
HDFC,2409.25,2436.7,2393.7,2404.2,3005743,7246222176.0,01-Sep-22,2410.792331879339
HDFC,2405.0,2449.8,2381.0,2444.35,3661775,8873280594.0,02-Sep-22,2423.2184101972402
HDFC,2454.9,2464.5,2439.5,2456.25,1772185,4351318472.0,05-Sep-22,2455.3409897950833
HDFC,2461.0,2472.65,2442.1,2448.5,2551663,6262974454.0,06-Sep-22,2454.4677153683697
HDFC,2422.0,2441.8,2416.0,2427.8,1176941,2859424678.0,07-Sep-22,2429.5395249209605
HDFC,2445.15,2454.0,2428.0,2449.65,1936503,4728359291.0,08-Sep-22,2441.699956571201
HDFC,2465.0,2468.45,2425.9,2431.5,3243775,7947609279.0,09-Sep-22,2450.111144885203
HDFC,2430.0,2436.85,2414.1,2419.0,3178742,7709202492.0,12-Sep-22,2425.236930836161
HDFC,2434.95,2457.0,2429.5,2451.5,2197258,5382326173.0,13-Sep-22,2449.564945491153
HDFC,2398.0,2478.4,2398.0,2453.35,3924096,9583461245.0,14-Sep-22,2442.2086628359752
HDFC,2465.65,2479.9,2437.0,2459.4,3028030,7450214059.0,15-Sep-22,2460.416197659865
HDFC,2433.25,2444.55,2393.4,2404.1,6397528,15417143971.0,16-Sep-22,2409.859553721375
HDFC,2409.0,2449.8,2392.75,2441.4,2990194,7292748069.0,19-Sep-22,2438.887934695876
HDFC,2462.1,2493.95,2452.0,2486.25,3195080,7923956213.0,20-Sep-22,2480.049392503474
HDFC,2470.0,2486.4,2440.0,2459.85,1864812,4587816801.0,21-Sep-22,2460.2033883308345
HDFC,2430.0,2440.2,2408.55,2416.65,3577005,8660416815.0,22-Sep-22,2421.136345909497
HDFC,2389.25,2400.9,2340.9,2353.25,4075380,9607738022.0,23-Sep-22,2357.5072807934475
HDFC,2320.9,2341.6,2305.0,2309.65,2679719,6213249343.0,26-Sep-22,2318.6197295313427
HDFC,2311.0,2323.9,2281.0,2289.15,3437158,7920583464.0,27-Sep-22,2304.399001733409
HDFC,2272.0,2278.1,2237.25,2244.05,2809685,6338386708.0,28-Sep-22,2255.9065190581864
HDFC,2260.5,2273.45,2231.0,2237.5,2787261,6270269847.0,29-Sep-22,2249.617042322194
HDFC,2223.25,2317.85,2202.7,2287.75,4652604,10567028175.0,30-Sep-22,2271.20730133061
HDFC,2287.75,2287.75,2287.75,2287.75,2195167,5021993304.0,03-Oct-22,2287.7499998861135
HDFC,2278.0,2289.0,2258.05,2283.05,2499307,5692876552.0,03-Oct-22,2277.7820219764917
HDFC,2328.7,2353.9,2315.25,2349.45,2356681,5525637893.0,04-Oct-22,2344.6694283188945
HDFC,2350.0,2358.8,2310.0,2316.1,3642541,8515676452.0,06-Oct-22,2337.839560899932
HDFC,2302.0,2333.5,2301.0,2326.9,1942133,4502760518.0,07-Oct-22,2318.4614637617506
HDFC,2295.0,2316.4,2264.55,2298.5,1774667,4064365790.0,10-Oct-22,2290.2132005610065
HDFC,2298.5,2298.5,2298.5,2298.5,2193871,5042612494.0,11-Oct-22,2298.5000002279075
HDFC,2283.25,2305.1,2267.5,2271.25,2703737,6184366299.0,11-Oct-22,2287.340188413296
HDFC,2275.2,2309.45,2271.0,2301.75,2115703,4856428441.0,12-Oct-22,2295.4206904277207
HDFC,2279.0,2295.85,2271.0,2283.25,3528425,8051476174.0,13-Oct-22,2281.889560923075
HDFC,2305.0,2359.0,2305.0,2343.5,3867131,9048018949.0,14-Oct-22,2339.7239320312656
HDFC,2332.0,2367.0,2322.5,2349.25,3513903,8247323675.0,17-Oct-22,2347.05501973162
HDFC,2355.5,2366.7,2322.05,2331.65,5434016,12709175663.0,18-Oct-22,2338.818226335734
HDFC,2376.6,2415.95,2368.6,2381.8,4465058,10682687279.0,19-Oct-22,2392.5080657406916
HDFC,2351.6,2374.9,2347.1,2369.2,2393612,5657193719.0,20-Oct-22,2363.454778385135
HDFC,2378.8,2378.8,2342.0,2349.9,3242255,7652865623.0,21-Oct-22,2360.352786255245
HDFC,2387.35,2400.0,2387.35,2393.0,327385,784015442.8,24-Oct-22,2394.781198894268
HDFC,2393.0,2393.0,2393.0,2393.0,1427671,3416416703.0,25-Oct-22,2393.0
HDFC,2385.1,2401.0,2352.75,2356.7,3731718,8859945940.0,25-Oct-22,2374.227082539463
HDFC,2394.0,2404.3,2363.0,2383.3,3857960,9188286701.0,27-Oct-22,2381.6438483032484
HDFC,2383.7,2420.25,2379.3,2400.45,3234497,7769575583.0,28-Oct-22,2402.097013229569
HDFC,2418.0,2475.0,2412.55,2469.8,3168194,7757742487.0,31-Oct-22,2448.632402876844
HDFC,2480.0,2518.0,2474.95,2506.2,2913438,7300942592.0,01-Nov-22,2505.954337109628
HDFC,2498.15,2523.2,2493.45,2508.0,2438809,6122845990.0,02-Nov-22,2510.588565976261
HDFC,2478.6,2514.0,2476.75,2489.4,2582845,6440286038.0,03-Nov-22,2493.4852993501354
HDFC,2480.0,2512.0,2469.2,2486.65,1887494,4692888100.0,04-Nov-22,2486.306234615845
HDFC,2500.0,2510.0,2471.0,2507.4,2656747,6633480933.0,07-Nov-22,2496.843294826342
HDFC,2496.1,2514.2,2495.45,2503.5,2907326,7276366417.0,09-Nov-22,2502.769354726646
HDFC,2480.2,2508.4,2467.8,2504.1,2403520,5982957182.0,10-Nov-22,2489.247928870989
HDFC,2526.0,2688.0,2523.05,2651.7,9663942,25352426384.0,11-Nov-22,2623.4042364906577
HDFC,2665.0,2688.0,2638.0,2661.55,3589891,9557424098.0,14-Nov-22,2662.3159583396823
HDFC,2665.5,2682.0,2639.05,2675.5,2104269,5604266493.0,15-Nov-22,2663.2842535816476
HDFC,2650.0,2714.3,2650.0,2697.2,3723194,9997632639.0,16-Nov-22,2685.2301112969135
HDFC,2679.0,2705.0,2651.5,2659.25,2590306,6936242356.0,17-Nov-22,2677.769482061193
HDFC,2664.0,2671.65,2643.05,2667.05,2336913,6205548432.0,18-Nov-22,2655.446921644066
HDFC,2648.0,2654.9,2613.8,2618.9,2763479,7253842114.0,21-Nov-22,2624.894965367929
HDFC,2619.0,2634.9,2608.1,2625.35,1961553,5142756698.0,22-Nov-22,2621.778100311335
HDFC,2644.0,2651.0,2624.0,2637.45,2025693,5338568562.0,23-Nov-22,2635.4282519611806
HDFC,2650.0,2700.0,2642.0,2689.05,2179610,5820948189.0,24-Nov-22,2670.6374943223786
HDFC,2697.9,2697.9,2664.1,2681.35,1810808,4850978138.0,25-Nov-22,2678.902533012887
HDFC,2650.0,2672.0,2635.9,2658.7,2152483,5710704754.0,28-Nov-22,2653.0777497429713
HDFC,2658.0,2681.5,2645.55,2665.25,2624497,7000136894.0,29-Nov-22,2667.2299088168133
HDFC,2675.0,2700.0,2666.35,2692.55,5491305,14750740640.0,30-Nov-22,2686.19948081558
HDFC,2714.95,2728.15,2688.6,2700.95,3011653,8142424920.0,01-Dec-22,2703.639801796555
HDFC,2672.0,2684.95,2663.0,2665.3,2710648,7239220408.0,02-Dec-22,2670.660450194935
HDFC,2659.05,2681.0,2636.05,2675.8,3267404,8689152275.0,05-Dec-22,2659.3443219754886
HDFC,2650.5,2692.55,2650.5,2684.1,2586817,6902601550.0,06-Dec-22,2668.3764448741445
HDFC,2677.1,2682.95,2650.0,2659.85,2465806,6563524691.0,07-Dec-22,2661.8171466043964
HDFC,2652.0,2674.4,2647.45,2664.8,2708472,7210554710.0,08-Dec-22,2662.2223563692
HDFC,2672.3,2682.8,2656.65,2672.1,2556413,6828649802.0,09-Dec-22,2671.1841169638865
HDFC,2651.1,2702.0,2651.1,2685.75,3387144,9085806817.0,12-Dec-22,2682.438897490039
HDFC,2693.8,2707.0,2690.0,2702.6,1582885,4273638326.0,13-Dec-22,2699.904494641114
HDFC,2710.5,2734.9,2704.8,2729.35,2534258,6904007793.0,14-Dec-22,2724.271874844629
HDFC,2725.9,2732.65,2666.9,2672.35,2102582,5684658948.0,15-Dec-22,2703.6562417066257
HDFC,2651.75,2678.2,2632.1,2667.45,3188884,8482430035.0,16-Dec-22,2659.99955940699
HDFC,2665.6,2714.0,2665.15,2710.55,2218644,5980322015.0,19-Dec-22,2695.4851769819766
HDFC,2680.6,2705.0,2677.75,2700.3,2239771,6027230371.0,20-Dec-22,2691.002951194564
HDFC,2704.0,2711.65,2643.9,2656.85,2043280,5460775763.0,21-Dec-22,2672.5538169022357
HDFC,2671.0,2671.0,2636.2,2644.45,2337299,6196107026.0,22-Dec-22,2650.968928665096
HDFC,2616.0,2630.85,2605.0,2623.05,3137007,8212896274.0,23-Dec-22,2618.067563763804
HDFC,2624.55,2680.0,2616.1,2665.1,1157742,3069365724.0,26-Dec-22,2651.165565385034
HDFC,2672.8,2672.8,2648.25,2669.1,1524310,4056003523.0,27-Dec-22,2660.878379725909
HDFC,2664.0,2676.55,2659.15,2671.3,2022368,5399202107.0,28-Dec-22,2669.742651683571
HDFC,2655.0,2679.9,2632.7,2675.4,1953701,5200940769.0,29-Dec-22,2662.096589498598
HDFC,2687.35,2688.8,2627.35,2637.6,2344289,6215597853.0,30-Dec-22,2651.3786708891266
HDFC,2626.1,2659.15,2626.1,2652.4,1106318,2928654109.0,02-Jan-23,2647.2082249407495
HDFC,2643.25,2672.8,2638.5,2664.7,2262464,6007609954.0,03-Jan-23,2655.3394679429152
HDFC,2659.0,2670.0,2615.5,2625.7,2125220,5614897040.0,04-Jan-23,2642.030961500456
HDFC,2638.0,2644.3,2606.2,2621.6,2910551,7637082366.0,05-Jan-23,2623.930096397555
HDFC,2627.0,2635.0,2590.0,2596.0,1813292,4730188834.0,06-Jan-23,2608.619479929322
HDFC,2600.9,2629.95,2591.05,2615.9,2895579,7570871951.0,09-Jan-23,2614.631460927158
HDFC,2612.1,2615.85,2563.0,2575.35,1990190,5131288939.0,10-Jan-23,2578.290986790206
HDFC,2566.0,2605.2,2547.05,2594.85,1910362,4939269032.0,11-Jan-23,2585.5146993082985
HDFC,2595.7,2621.6,2593.1,2612.8,2723696,7105934268.0,12-Jan-23,2608.9307573238716
HDFC,2608.0,2631.1,2590.6,2621.65,3378677,8821171410.0,13-Jan-23,2610.835960347793
HDFC,2648.0,2648.0,2585.15,2594.8,2756714,7195628832.0,16-Jan-23,2610.219570111372
HDFC,2593.1,2643.9,2587.6,2640.65,2108385,5541234701.0,17-Jan-23,2628.189206904811
HDFC,2640.1,2691.35,2629.45,2687.65,3867408,10343151870.0,18-Jan-23,2674.4403150637327
HDFC,2685.0,2700.0,2670.4,2691.7,2408731,6477076526.0,19-Jan-23,2688.999529627841
HDFC,2692.0,2732.0,2691.05,2715.95,1910649,5196010106.0,20-Jan-23,2719.5000787690465
HDFC,2725.0,2750.85,2715.95,2741.9,1868514,5122745505.0,23-Jan-23,2741.6147296728846
HDFC,2748.0,2780.0,2737.1,2775.4,3536820,9765295946.0,24-Jan-23,2761.0384316985314
HDFC,2764.0,2769.95,2700.45,2710.6,2282790,6226048966.0,25-Jan-23,2727.3857717967926
HDFC,2699.0,2699.0,2615.6,2661.5,4153948,11001275793.0,27-Jan-23,2648.3903488921865
HDFC,2646.3,2661.0,2597.25,2648.2,4429082,11658379531.0,30-Jan-23,2632.2338423628194
HDFC,2650.0,2654.5,2605.5,2622.95,5721836,15038085704.0,31-Jan-23,2628.1923676246574
HDFC,2650.0,2729.85,2620.5,2661.7,4406327,11762201783.0,01-Feb-23,2669.3892175955166
HDFC,2622.65,2649.85,2591.3,2613.3,3773664,9864619017.0,02-Feb-23,2614.069248613549
HDFC,2615.0,2698.0,2609.95,2694.65,4067801,10834956886.0,03-Feb-23,2663.5906933500432
HDFC,2692.0,2707.7,2671.55,2683.15,2364396,6352097070.0,06-Feb-23,2686.5622636817184
HDFC,2684.4,2694.9,2654.0,2679.2,2494047,6680941158.0,07-Feb-23,2678.755114879551
HDFC,2676.35,2704.0,2675.0,2685.8,2202728,5923949864.0,08-Feb-23,2689.369665251452
HDFC,2690.0,2692.45,2655.0,2673.25,2285661,6104467337.0,09-Feb-23,2670.766722186711
