SYMBOL,SERIES,OPEN,HIGH,LOW,CLOSE,LAST,PREVCLOSE,TOTTRDQTY,TOTTRDVAL,TIMESTAMP,TOTALTRADES
HDFC,EQ,2418,2438.5,2409,2433.95,2435.75,2412.55,945874,2294533927,01-Jan-20,29500
HDFC,EQ,2430,2472.75,2422,2466.4,2469.9,2433.95,1701396,4169605313,02-Jan-20,74760
HDFC,EQ,2455,2466.4,2441.8,2454.45,2452.05,2466.4,1963923,4815298363,03-Jan-20,92333
HDFC,EQ,2428,2445,2371.4,2384.1,2389.95,2454.45,2656731,6365761041,06-Jan-20,100147
HDFC,EQ,2401.25,2428.8,2380.2,2415.05,2420,2384.1,3771992,9078864622,07-Jan-20,127128
HDFC,EQ,2387,2413,2385.5,2406.15,2400,2415.05,2147334,5152320291,08-Jan-20,154324
HDFC,EQ,2430,2462.7,2421.15,2457.4,2454,2406.15,3247323,7937400090,09-Jan-20,93253
HDFC,EQ,2465,2477.65,2440.3,2457.55,2460,2457.4,2082060,5116849568,10-Jan-20,101887
HDFC,EQ,2461.1,2471.05,2441,2462.55,2461.5,2457.55,3401754,8341254561,13-Jan-20,114337
HDFC,EQ,2463.65,2499.9,2446.6,2492.3,2488.3,2462.55,2549328,6313164444,14-Jan-20,94187
HDFC,EQ,2483.95,2495,2453.55,2488.6,2491.7,2492.3,2279961,5650678839,15-Jan-20,84002
HDFC,EQ,2486,2495.75,2471.8,2482.1,2481.45,2488.6,1794295,4455532994,16-Jan-20,93656
HDFC,EQ,2467.75,2479,2448.25,2453.95,2452.7,2482.1,2250437,5539209315,17-Jan-20,158586
HDFC,EQ,2474,2486.55,2440.4,2454.35,2454.3,2453.95,2274456,5592774717,20-Jan-20,71888
HDFC,EQ,2443,2485.9,2432,2465.45,2465,2454.35,2404025,5915603566,21-Jan-20,72342
HDFC,EQ,2474,2483.35,2412.2,2416.6,2418,2465.45,3356004,8177410519,22-Jan-20,81156
HDFC,EQ,2422,2436.4,2404.35,2428.4,2429,2416.6,1812646,4390290578,23-Jan-20,63207
HDFC,EQ,2423,2458.6,2411.4,2450.75,2449.15,2428.4,2178412,5317035467,24-Jan-20,80669
HDFC,EQ,2433,2445,2388.5,2395.8,2389.95,2450.75,2543177,6144072138,27-Jan-20,93233
HDFC,EQ,2413,2471.7,2410,2431.6,2433.4,2395.8,6698252,16370561187,28-Jan-20,282764
HDFC,EQ,2446,2447.5,2400,2404.25,2406.3,2431.6,2692713,6535014985,29-Jan-20,118940
HDFC,EQ,2413,2428.7,2386.9,2415,2411,2404.25,2807667,6773672532,30-Jan-20,162717
HDFC,EQ,2417,2434.75,2404.5,2414,2416.4,2415,2828509,6841949880,31-Jan-20,126462
HDFC,EQ,2250,2298.05,2228.2,2259.75,2265,2268.25,5220749,11837535197,03-Feb-20,243016
HDFC,EQ,2265.6,2351,2265.6,2345.95,2344.4,2259.75,3288687,7637738602,04-Feb-20,114074
HDFC,EQ,2345.55,2395.5,2326.2,2391.65,2390.5,2345.95,3244383,7680979375,05-Feb-20,136750
HDFC,EQ,2390,2447.8,2369.65,2436.45,2433,2391.65,3536393,8548207986,06-Feb-20,155820
HDFC,EQ,2428.1,2452.3,2398.35,2405.65,2405,2436.45,2193190,5307998216,07-Feb-20,98881
HDFC,EQ,2405,2425.3,2391.05,2414.3,2412.1,2405.65,2056525,4959076231,10-Feb-20,90906
HDFC,EQ,2424.45,2441.75,2420.2,2435.15,2436,2414.3,1732762,4214124062,11-Feb-20,93693
HDFC,EQ,2449.5,2487,2427.9,2437.6,2433,2435.15,4173099,10235994517,12-Feb-20,132455
HDFC,EQ,2426,2444.15,2399,2403.65,2404,2437.6,2280271,5502526882,13-Feb-20,121230
HDFC,EQ,2402,2425.85,2389.4,2401.75,2400.25,2403.65,2611510,6277832031,14-Feb-20,122829
HDFC,EQ,2401.75,2406.65,2345.15,2350.25,2349.9,2401.75,2398556,5672596635,17-Feb-20,113614
HDFC,EQ,2349,2349,2304,2318.8,2324.05,2350.25,2345063,5442220043,18-Feb-20,126995
HDFC,EQ,2343,2385,2330.05,2377.25,2379,2318.8,2088724,4924315570,19-Feb-20,91408
HDFC,EQ,2364,2377.5,2349.05,2369.5,2368.5,2377.25,3351611,7928804253,20-Feb-20,146323
HDFC,EQ,2355,2365.2,2280.1,2292.3,2303.85,2369.5,4238039,9796556094,24-Feb-20,195151
HDFC,EQ,2309,2320.75,2285,2302.6,2307,2292.3,3292922,7591505237,25-Feb-20,131292
HDFC,EQ,2278,2309.5,2253.55,2281.45,2276.5,2302.6,6163133,14077071477,26-Feb-20,176704
HDFC,EQ,2279.8,2289.6,2244.55,2272.2,2265.95,2281.45,3261885,7406620648,27-Feb-20,192211
HDFC,EQ,2228.55,2228.55,2162.3,2175.75,2186,2272.2,7715143,16911538107,28-Feb-20,263271
HDFC,EQ,2215,2248.35,2153.8,2179.65,2183.7,2175.75,3957634,8739351976,02-Mar-20,169811
HDFC,EQ,2201.7,2226.9,2173.3,2191.4,2194.95,2179.65,4229070,9287853685,03-Mar-20,164672
HDFC,EQ,2207,2216.6,2180.2,2206.05,2209.1,2191.4,4460096,9813578242,04-Mar-20,149261
HDFC,EQ,2206,2232.2,2183,2195.05,2189,2206.05,3916762,8640675109,05-Mar-20,166673
HDFC,EQ,2145,2145,2092.8,2109.45,2109.5,2195.05,5414446,11440293043,06-Mar-20,206756
HDFC,EQ,2067.3,2067.3,1981.2,2027.9,2025.5,2109.45,5051322,10239209033,09-Mar-20,202229
HDFC,EQ,1970,2073.85,1970,2036.25,2040.35,2027.9,6997019,14267473437,11-Mar-20,235413
HDFC,EQ,1990,1990,1861.1,1875.7,1874.5,2036.25,8837533,16981957677,12-Mar-20,295321
HDFC,EQ,1780.05,2123.7,1688.15,2066.8,2072.65,1875.7,14173637,27887643750,13-Mar-20,335277
HDFC,EQ,1964,1979.5,1825,1841.75,1858,2066.8,10672843,20258137719,16-Mar-20,338858
HDFC,EQ,1858.05,1869.9,1740,1755.8,1755.85,1841.75,6682574,12064165340,17-Mar-20,257685
HDFC,EQ,1771,1784.7,1602.4,1622.55,1633.25,1755.8,9070671,15347878606,18-Mar-20,318627
HDFC,EQ,1502.1,1703.95,1490.1,1617.6,1620,1622.55,11254232,17804402635,19-Mar-20,382998
HDFC,EQ,1624,1776.9,1535.2,1753.95,1776.9,1617.6,11377225,18966004675,20-Mar-20,313895
HDFC,EQ,1578.6,1673.25,1500,1520.7,1520.7,1753.95,9474584,15045929137,23-Mar-20,289498
HDFC,EQ,1554,1649.7,1473.45,1505.1,1504.35,1520.7,8900025,13843781637,24-Mar-20,360837
HDFC,EQ,1476,1655.6,1476,1646.05,1655.6,1505.1,10417560,16388732588,25-Mar-20,311380
HDFC,EQ,1689.5,1843.45,1671.2,1733.25,1755,1646.05,12104359,21184811466,26-Mar-20,289135
HDFC,EQ,1785.2,1849.65,1710.05,1754,1755.45,1733.25,9048464,16097031294,27-Mar-20,254613
HDFC,EQ,1667.3,1699,1548,1558.75,1564,1754,8670691,14029421577,30-Mar-20,306298
HDFC,EQ,1625,1666.55,1582,1633.1,1625,1558.75,10444821,16946278907,31-Mar-20,310677
HDFC,EQ,1645.5,1693.6,1575.9,1583.5,1588,1633.1,6752017,10858669940,01-Apr-20,188955
HDFC,EQ,1575.5,1578.8,1482.25,1499.55,1499.75,1583.5,10149442,15352154499,03-Apr-20,342735
HDFC,EQ,1574.7,1577.5,1517.6,1555.15,1570,1499.55,12307166,18977864316,07-Apr-20,454758
HDFC,EQ,1543.4,1692,1535,1558.8,1560,1555.15,8974987,14403795607,08-Apr-20,230116
HDFC,EQ,1587.7,1714.65,1587.5,1703.1,1702,1558.8,8572034,14312462272,09-Apr-20,305756
HDFC,EQ,1725,1763.75,1646.55,1655.2,1662,1703.1,7287804,12245737787,13-Apr-20,285995
HDFC,EQ,1708.5,1710,1584.9,1596.3,1597,1655.2,8512332,13986053408,15-Apr-20,312431
HDFC,EQ,1590,1663.7,1575,1625.75,1630,1596.3,7892749,12815967216,16-Apr-20,241563
HDFC,EQ,1690,1738,1652.4,1680.6,1680,1625.75,8954559,15120478543,17-Apr-20,325105
HDFC,EQ,1709.8,1738,1673.4,1727.7,1734,1680.6,7372380,12605653593,20-Apr-20,203023
HDFC,EQ,1670,1694.8,1651.1,1669.7,1665,1727.7,6604554,11069479448,21-Apr-20,180701
HDFC,EQ,1669.7,1679,1626.15,1664.15,1670,1669.7,5301750,8797052694,22-Apr-20,192440
HDFC,EQ,1674.9,1687,1651.6,1663.45,1656,1664.15,4419421,7366264030,23-Apr-20,173378
HDFC,EQ,1603,1624.95,1569.1,1580.3,1588,1663.45,7166440,11464230351,24-Apr-20,298693
HDFC,EQ,1618.1,1652.15,1585.35,1591.45,1600.6,1580.3,5719079,9269017194,27-Apr-20,198621
HDFC,EQ,1615.8,1725,1612.65,1715.8,1724,1591.45,7691600,12859811307,28-Apr-20,233697
HDFC,EQ,1734,1845,1726,1836.75,1827.95,1715.8,11881509,21426401018,29-Apr-20,374646
HDFC,EQ,1857,1927,1855.5,1916,1916.15,1836.75,8237079,15607316366,30-Apr-20,279673
HDFC,EQ,1856,1856,1708.3,1724.35,1724.85,1916,6040202,10608844800,04-May-20,255869
HDFC,EQ,1745,1769.5,1678,1689.9,1697,1724.35,7807204,13453332183,05-May-20,248587
HDFC,EQ,1709,1777.55,1680,1732.15,1735,1689.9,8781437,15244720856,06-May-20,250369
HDFC,EQ,1730,1745.95,1697.65,1703.9,1707,1732.15,3349484,5748291661,07-May-20,114586
HDFC,EQ,1737,1742,1685,1689.7,1689.75,1703.9,4420831,7541626740,08-May-20,129326
HDFC,EQ,1712.5,1722,1652.1,1658.45,1660,1689.7,4677500,7869617984,11-May-20,154839
HDFC,EQ,1630,1682.8,1587.1,1674.1,1671.9,1658.45,7019332,11417987223,12-May-20,244690
HDFC,EQ,1747,1749.5,1698,1712.75,1716,1674.1,5734243,9869849433,13-May-20,205554
HDFC,EQ,1685,1693,1628.1,1632.4,1636.2,1712.75,5424770,8986603024,14-May-20,201771
HDFC,EQ,1649,1657.75,1609,1633.8,1634,1632.4,5610025,9163464258,15-May-20,245689
HDFC,EQ,1633.5,1637.65,1506.4,1512.05,1518.55,1633.8,8460262,13138490500,18-May-20,326536
HDFC,EQ,1570,1591.75,1512,1539.85,1545,1512.05,9261076,14390950084,19-May-20,254429
HDFC,EQ,1550,1640,1545,1627,1634.5,1539.85,6847043,10872414709,20-May-20,236795
HDFC,EQ,1632.9,1651.8,1590,1597.3,1595,1627,7056092,11450632312,21-May-20,201899
HDFC,EQ,1582,1596.7,1501.5,1516.15,1515.85,1597.3,12034389,18415563255,22-May-20,388675
HDFC,EQ,1516,1568.15,1486,1502.15,1506.4,1516.15,12752510,19296553195,26-May-20,410460
HDFC,EQ,1513,1578,1490,1570.4,1570.55,1502.15,12428432,19074883799,27-May-20,387154
HDFC,EQ,1580,1643.8,1577,1623.7,1633,1570.4,10262028,16630724097,28-May-20,301812
HDFC,EQ,1615.9,1676.35,1590.9,1658.9,1667,1623.7,13809103,22634377817,29-May-20,365281
HDFC,EQ,1706.6,1764.85,1701.3,1737.7,1732,1658.9,8056778,13998949950,01-Jun-20,245505
HDFC,EQ,1737.7,1822.35,1732.15,1813.55,1817,1737.7,8319067,14822382978,02-Jun-20,263037
HDFC,EQ,1835.2,1859.45,1823.1,1835.65,1833,1813.55,9490542,17414908522,03-Jun-20,244160
HDFC,EQ,1815,1828.4,1759,1764.3,1761.65,1835.65,7617538,13562275960,04-Jun-20,237971
HDFC,EQ,1775,1788.95,1740.6,1766.6,1775,1764.3,6691738,11810902054,05-Jun-20,188004
HDFC,EQ,1801,1818.9,1748.35,1760.8,1764,1766.6,6209421,11050687673,08-Jun-20,228341
HDFC,EQ,1763.2,1826.75,1746,1772.1,1771,1760.8,9065372,16163605937,09-Jun-20,217301
HDFC,EQ,1784,1820,1782,1809.3,1810.55,1772.1,4631195,8335723847,10-Jun-20,193292
HDFC,EQ,1805,1826,1781.35,1787.45,1790,1809.3,5383998,9683993674,11-Jun-20,185203
HDFC,EQ,1710,1809,1710,1792.2,1790,1787.45,5936632,10441025680,12-Jun-20,233124
HDFC,EQ,1786.95,1805.25,1726,1751.65,1752,1792.2,5082387,8905360148,15-Jun-20,179412
HDFC,EQ,1785,1834,1768.05,1821.9,1820,1751.65,7453412,13494649114,16-Jun-20,246998
HDFC,EQ,1819,1847.15,1786,1794.65,1793.4,1821.9,6816822,12406472037,17-Jun-20,192356
HDFC,EQ,1790,1869,1787.3,1855.95,1847.5,1794.65,5334835,9767504642,18-Jun-20,189444
HDFC,EQ,1854,1867.5,1814,1835.1,1840.3,1855.95,12199449,22409404203,19-Jun-20,226788
HDFC,EQ,1850.8,1874.2,1813.1,1819.4,1820.5,1835.1,4782899,8791308098,22-Jun-20,179418
HDFC,EQ,1820,1845,1803.05,1838.1,1843.15,1819.4,5043383,9189697466,23-Jun-20,209547
HDFC,EQ,1825,1869,1788.6,1797.75,1797.65,1838.1,7029207,12908465797,24-Jun-20,190784
HDFC,EQ,1782.2,1811,1761.9,1777.8,1775.95,1797.75,5939864,10614080664,25-Jun-20,206434
HDFC,EQ,1793.85,1799.9,1752.4,1769.35,1772,1777.8,5731517,10139812237,26-Jun-20,156336
HDFC,EQ,1755,1775,1726.25,1741.15,1742.75,1769.35,3948941,6867005320,29-Jun-20,116201
HDFC,EQ,1751.15,1792.7,1747.2,1754.65,1761,1741.15,6325246,11202532937,30-Jun-20,180511
HDFC,EQ,1764,1844.8,1760.4,1835.15,1836.8,1754.65,6991685,12689494940,01-Jul-20,227684
HDFC,EQ,1852.95,1899,1842.6,1889.45,1892.85,1835.15,6480519,12162214412,02-Jul-20,202734
HDFC,EQ,1905.55,1908,1867.3,1885.2,1883,1889.45,4430264,8350618471,03-Jul-20,150339
HDFC,EQ,1903.25,1909.25,1864.55,1868.7,1871.55,1885.2,5073705,9592857013,06-Jul-20,130366
HDFC,EQ,1880,1892.35,1857,1886.75,1883.85,1868.7,4157365,7816606427,07-Jul-20,132982
HDFC,EQ,1895,1907,1871,1886.05,1872,1886.75,2885754,5462703207,08-Jul-20,112635
HDFC,EQ,1871.3,1947.9,1865,1941.85,1944.5,1886.05,6703324,12934045671,09-Jul-20,174261
HDFC,EQ,1915,1931.9,1876.25,1886,1888.5,1941.85,3853348,7320788674,10-Jul-20,153438
HDFC,EQ,1905,1907.2,1840,1845.55,1853.65,1886,3403604,6339056787,13-Jul-20,163322
HDFC,EQ,1825,1825.3,1770.5,1791.6,1793.1,1845.55,5529793,9909526729,14-Jul-20,212015
HDFC,EQ,1809,1821.9,1782,1789.9,1797,1791.6,3994980,7203769834,15-Jul-20,147688
HDFC,EQ,1792,1794.7,1750,1787.8,1790,1789.9,4230162,7504975485,16-Jul-20,154071
HDFC,EQ,1800,1821.95,1784.05,1805.85,1812.05,1787.8,4240987,7661742109,17-Jul-20,113416
HDFC,EQ,1844,1844,1801,1806.05,1804.05,1805.85,3915997,7112184283,20-Jul-20,142802
HDFC,EQ,1816.5,1900.95,1815,1883.65,1887,1806.05,6884035,12870275135,21-Jul-20,236947
HDFC,EQ,1895.5,1898.95,1851.5,1881.05,1897.7,1883.65,5538884,10369413957,22-Jul-20,199916
HDFC,EQ,1881.05,1910,1871.6,1875.8,1872.25,1881.05,3647242,6900158054,23-Jul-20,121783
HDFC,EQ,1854,1857.8,1817,1841.3,1841,1875.8,3309356,6069531975,24-Jul-20,148129
HDFC,EQ,1841.3,1861.95,1824,1850.75,1853,1841.3,3724639,6862134768,27-Jul-20,166745
HDFC,EQ,1859.35,1907,1844.5,1897.35,1892,1850.75,4346193,8157568544,28-Jul-20,175005
HDFC,EQ,1885,1918.5,1867.2,1877.3,1879.65,1897.35,7413828,14013720597,29-Jul-20,202540
HDFC,EQ,1880,1900.7,1804,1810.65,1804.95,1877.3,7473426,13812489031,30-Jul-20,243718
HDFC,EQ,1805,1811.2,1759,1781.95,1786.5,1810.65,7746014,13816965913,31-Jul-20,234358
HDFC,EQ,1781,1781.95,1730.1,1739.8,1744,1781.95,4648927,8163809657,03-Aug-20,199001
HDFC,EQ,1749,1794.45,1743.4,1781.1,1783.85,1739.8,4722583,8373874928,04-Aug-20,201026
HDFC,EQ,1784.4,1811.5,1766.25,1776.7,1780,1781.1,5576455,9967784418,05-Aug-20,166848
HDFC,EQ,1798.25,1805.7,1762.05,1783.75,1778.45,1776.7,6004624,10714415041,06-Aug-20,169297
HDFC,EQ,1774.95,1781.8,1763,1777.7,1779.9,1783.75,5129995,9100051953,07-Aug-20,146649
HDFC,EQ,1794,1811,1789.3,1798.95,1796.6,1777.7,3030917,5457022247,10-Aug-20,102333
HDFC,EQ,1813,1846.75,1810.5,1826.75,1829,1798.95,4944312,9069914819,11-Aug-20,167219
HDFC,EQ,1825.75,1837.7,1802,1814.2,1821,1826.75,3606317,6564247309,12-Aug-20,129657
HDFC,EQ,1818.5,1823.65,1799.55,1804.85,1810,1814.2,3769538,6813503043,13-Aug-20,129725
HDFC,EQ,1818.6,1823.75,1773.25,1791.7,1793.75,1804.85,6136766,11025637097,14-Aug-20,186319
HDFC,EQ,1805,1807.85,1783.85,1800.55,1801.95,1791.7,4076960,7318829944,17-Aug-20,148103
HDFC,EQ,1801.1,1825.4,1795.95,1820.7,1819.05,1800.55,3413536,6190549505,18-Aug-20,141811
HDFC,EQ,1835,1835.9,1818.05,1827.95,1827.55,1820.7,2934730,5364712977,19-Aug-20,85358
HDFC,EQ,1803,1807.95,1782.25,1785.15,1786.2,1827.95,2702815,4844694753,20-Aug-20,108995
HDFC,EQ,1800,1824.7,1787.15,1804.05,1803,1785.15,3466213,6267781524,21-Aug-20,103783
HDFC,EQ,1814.95,1849,1811,1829.85,1828.1,1804.05,3816127,6999449567,24-Aug-20,124182
HDFC,EQ,1843.75,1852.4,1817.05,1829.6,1831.4,1829.85,2646159,4855322296,25-Aug-20,111918
HDFC,EQ,1837,1837.8,1803.6,1816,1810.75,1829.6,3187424,5791196460,26-Aug-20,122481
HDFC,EQ,1832,1883,1830,1864.1,1863.5,1816,8648531,16127391613,27-Aug-20,256931
HDFC,EQ,1871,1889,1862.8,1883.25,1881,1864.1,4903981,9218857512,28-Aug-20,167080
HDFC,EQ,1898.5,1921.9,1797.55,1832.6,1825,1883.25,7604691,14089296214,31-Aug-20,225537
HDFC,EQ,1858,1884,1831.85,1851.2,1850.95,1832.6,3793458,7043063272,01-Sep-20,119717
HDFC,EQ,1849.85,1849.95,1810,1827.2,1829.5,1851.2,4235148,7740280047,02-Sep-20,145879
HDFC,EQ,1831,1842.8,1803.45,1808.75,1811.25,1827.2,3350617,6093597265,03-Sep-20,143556
HDFC,EQ,1783.6,1789,1761.8,1769.7,1771,1808.75,4214148,7476349861,04-Sep-20,168917
HDFC,EQ,1773,1801.45,1760,1791.1,1790.1,1769.7,4073465,7271021102,07-Sep-20,147215
HDFC,EQ,1785.1,1793.25,1770.8,1777.3,1775.35,1791.1,2456321,4379379510,08-Sep-20,126617
HDFC,EQ,1759.55,1777.9,1755,1760.75,1763.5,1777.3,2509630,4421689795,09-Sep-20,111531
HDFC,EQ,1781,1792.95,1760,1777.45,1770.5,1760.75,3245630,5760203452,10-Sep-20,118585
HDFC,EQ,1771,1786,1760,1768.15,1765.05,1777.45,2232185,3947909488,11-Sep-20,89221
HDFC,EQ,1781,1796.85,1728.4,1738,1736.05,1768.15,4061493,7145131677,14-Sep-20,168602
HDFC,EQ,1754.9,1777,1742.8,1758.75,1763,1738,3159537,5561510107,15-Sep-20,109456
HDFC,EQ,1766,1774.7,1743.45,1768.15,1768,1758.75,2592551,4562444207,16-Sep-20,108625
HDFC,EQ,1750,1773.2,1736.5,1744.35,1749,1768.15,3191905,5584934694,17-Sep-20,127780
HDFC,EQ,1752.9,1754.75,1708.3,1724,1732.6,1744.35,5642506,9762521718,18-Sep-20,179497
HDFC,EQ,1722.8,1738.75,1701.85,1708.15,1707.75,1724,3174505,5469699128,21-Sep-20,130442
HDFC,EQ,1716.25,1716.25,1672,1674.85,1676.4,1708.15,3615745,6098064204,22-Sep-20,178315
HDFC,EQ,1694,1696.65,1650.4,1667.1,1667,1674.85,4803637,8037715007,23-Sep-20,200608
HDFC,EQ,1646.8,1654.15,1623,1636.85,1636.25,1667.1,5673754,9289858200,24-Sep-20,197468
HDFC,EQ,1651.95,1657.8,1628.1,1652,1652.75,1636.85,4046773,6660064455,25-Sep-20,134783
HDFC,EQ,1672.9,1692.6,1658,1681.45,1685,1652,2739071,4598260285,28-Sep-20,105938
HDFC,EQ,1692,1720,1682.1,1713.1,1712.65,1681.45,3696138,6289406785,29-Sep-20,143476
HDFC,EQ,1716.9,1744.25,1703.2,1740.05,1733,1713.1,3594715,6212925377,30-Sep-20,170194
HDFC,EQ,1755,1799.85,1750,1790.65,1787.8,1740.05,3706206,6613676467,01-Oct-20,126251
HDFC,EQ,1784,1816.5,1775.7,1785.1,1782.35,1790.65,4056801,7301503881,05-Oct-20,184302
HDFC,EQ,1803.15,1943.7,1803.15,1934.4,1920,1785.1,16829628,31924298556,06-Oct-20,538170
HDFC,EQ,1945,1964.85,1908.85,1948.75,1952,1934.4,7038044,13665892734,07-Oct-20,249998
HDFC,EQ,1952.5,1988.45,1938.5,1949.25,1947.8,1948.75,4589506,9018901318,08-Oct-20,200847
HDFC,EQ,1945,2029.85,1938,1957.65,1966,1949.25,10848230,21559674797,09-Oct-20,324810
HDFC,EQ,1965,1998.95,1942.3,1965.4,1963.95,1957.65,3651557,7185427649,12-Oct-20,138149
HDFC,EQ,1962,1986.65,1930.55,1943.4,1939,1965.4,3351027,6551466215,13-Oct-20,136009
HDFC,EQ,1935,1989,1919.05,1979.85,1978.1,1943.4,3108218,6061329760,14-Oct-20,117744
HDFC,EQ,1983,2020,1938.25,1947.2,1947.05,1979.85,5170267,10253552906,15-Oct-20,185795
HDFC,EQ,1948.4,1983.7,1939.35,1961.7,1958.6,1947.2,3238617,6344903292,16-Oct-20,131973
HDFC,EQ,1985,2039.9,1983.1,2031.5,2033.25,1961.7,6591617,13319959804,19-Oct-20,188322
HDFC,EQ,2025,2041.7,2004.05,2015.3,2017.1,2031.5,4733065,9569809331,20-Oct-20,188405
HDFC,EQ,2030,2067.45,2005.35,2048.75,2045.8,2015.3,8166501,16717703468,21-Oct-20,223144
HDFC,EQ,2038.3,2063,2023.15,2042.55,2046,2048.75,5030745,10275855914,22-Oct-20,220748
HDFC,EQ,2056,2067.9,2046,2059.7,2062.75,2042.55,3573911,7347820062,23-Oct-20,127950
HDFC,EQ,2058,2083.95,2052.75,2073.35,2073,2059.7,4927520,10195074348,26-Oct-20,148814
HDFC,EQ,2056,2064.8,2027,2041.35,2029.75,2073.35,4468948,9163074175,27-Oct-20,175630
HDFC,EQ,2045,2045,1965,1968.9,1969.1,2041.35,4636738,9206559404,28-Oct-20,238018
HDFC,EQ,1941.25,1970,1927.3,1934.3,1937.55,1968.9,3463664,6744689282,29-Oct-20,194216
HDFC,EQ,1930,1947,1906.85,1923.55,1921,1934.3,4322115,8322607584,30-Oct-20,162226
HDFC,EQ,1916,2065,1916,2040.8,2022.3,1923.55,7635981,15233134583,02-Nov-20,266011
HDFC,EQ,2030,2139.65,2030,2130.95,2121.35,2040.8,8905106,18734281984,03-Nov-20,328061
HDFC,EQ,2111.1,2134.95,2056.4,2088.2,2085,2130.95,5214238,10906600958,04-Nov-20,228842
HDFC,EQ,2106,2120,2084.3,2100.7,2102.3,2088.2,4117187,8642543843,05-Nov-20,158099
HDFC,EQ,2110,2145,2102.45,2138.45,2136.35,2100.7,4607710,9799922470,06-Nov-20,153460
HDFC,EQ,2150,2169.95,2138.2,2152.1,2156,2138.45,3529739,7603377838,09-Nov-20,107244
HDFC,EQ,2185,2288.8,2175.55,2272.1,2268.95,2152.1,8512622,19124668022,10-Nov-20,316631
HDFC,EQ,2279,2337,2273,2324.3,2318,2272.1,7235313,16694403655,11-Nov-20,205390
HDFC,EQ,2297.25,2343.8,2267.45,2332.1,2326.05,2324.3,6398213,14719512309,12-Nov-20,225111
HDFC,EQ,2320,2323.3,2284,2306.75,2306.7,2332.1,3999928,9216175813,13-Nov-20,130409
HDFC,EQ,2339.9,2364.75,2307.4,2349,2344.85,2311.25,7393052,17242915956,17-Nov-20,173799
HDFC,EQ,2336.7,2369.4,2320.3,2364.9,2360,2349,4344487,10201897712,18-Nov-20,151565
HDFC,EQ,2336,2351.9,2311,2324.6,2327.5,2364.9,6936896,16143740175,19-Nov-20,160110
HDFC,EQ,2330,2386.55,2326.55,2334.8,2329,2324.6,5321688,12505673533,20-Nov-20,159247
HDFC,EQ,2344.2,2347.85,2230.1,2250.8,2253.05,2334.8,6995598,15855018351,23-Nov-20,218301
HDFC,EQ,2272.25,2272.25,2209.55,2217.7,2220,2250.8,4945274,11039617437,24-Nov-20,205979
HDFC,EQ,2228,2252.15,2179.3,2191.35,2186.8,2217.7,6150483,13593069077,25-Nov-20,217608
HDFC,EQ,2197.15,2245,2187.65,2238.4,2242.7,2191.35,5026304,11134205386,26-Nov-20,208269
HDFC,EQ,2240,2272.45,2202.2,2256.25,2238,2238.4,10179511,22801506316,27-Nov-20,213049
HDFC,EQ,2237,2324,2217.65,2306.95,2296.2,2256.25,7031670,16053479119,01-Dec-20,236556
HDFC,EQ,2300,2304,2252.5,2276.35,2274,2306.95,3191550,7265961073,02-Dec-20,148812
HDFC,EQ,2287,2289.45,2235,2253.95,2252.75,2276.35,4528707,10221611674,03-Dec-20,157122
HDFC,EQ,2253.95,2284.9,2231.6,2245.9,2247.2,2253.95,3245440,7312486078,04-Dec-20,127080
HDFC,EQ,2240,2309.7,2221.2,2303.8,2303,2245.9,4910736,11205315398,07-Dec-20,191036
HDFC,EQ,2315,2340,2292.05,2309.75,2309,2303.8,5262959,12186668785,08-Dec-20,162017
HDFC,EQ,2318,2334.65,2280.6,2306.7,2306,2309.75,3302661,7624232030,09-Dec-20,114133
HDFC,EQ,2300,2303,2267,2289.1,2289.8,2306.7,2545081,5808940361,10-Dec-20,100245
HDFC,EQ,2307,2317.7,2272,2295.9,2297,2289.1,4577813,10508944241,11-Dec-20,143063
HDFC,EQ,2306.7,2315.65,2270.55,2302.65,2300.55,2295.9,3160235,7245930583,14-Dec-20,130954
HDFC,EQ,2290.5,2357.4,2282.7,2350.35,2350.35,2302.65,5056502,11791167409,15-Dec-20,181471
HDFC,EQ,2377.95,2443.4,2365.5,2424.65,2415,2350.35,6532346,15712587606,16-Dec-20,215995
HDFC,EQ,2434.9,2509,2420.15,2494.6,2490.1,2424.65,7379515,18267067625,17-Dec-20,216960
HDFC,EQ,2482,2489,2431,2479.4,2472.8,2494.6,4189517,10305009813,18-Dec-20,154155
HDFC,EQ,2468,2478.95,2370.45,2414.8,2404.45,2479.4,3573982,8729453775,21-Dec-20,136935
HDFC,EQ,2415,2439.9,2360.5,2403.65,2398.5,2414.8,4832004,11582915570,22-Dec-20,162100
HDFC,EQ,2398,2419.65,2376.75,2403.05,2405.9,2403.65,2605828,6236006742,23-Dec-20,102506
HDFC,EQ,2417,2464.65,2411.05,2455.15,2451.85,2403.05,2723426,6648298919,24-Dec-20,90401
HDFC,EQ,2467,2485,2436.6,2476.45,2485,2455.15,2085391,5130918234,28-Dec-20,67694
HDFC,EQ,2480,2530,2480,2518.95,2511,2476.45,4490464,11288129537,29-Dec-20,162376
HDFC,EQ,2518.95,2525,2483,2518.05,2521.7,2518.95,2902423,7264128977,30-Dec-20,105288
HDFC,EQ,2518.7,2575,2504.4,2558.65,2549.95,2518.05,4956399,12672322865,31-Dec-20,147144
HDFC,EQ,2549,2593.3,2541.15,2568.75,2565,2558.65,2054108,5289219587,01-Jan-21,77982
HDFC,EQ,2576.9,2592.35,2533.15,2578.5,2579,2568.75,2795972,7181188494,04-Jan-21,99023
HDFC,EQ,2589,2659.45,2572.4,2651.85,2654.95,2578.5,5870743,15448439206,05-Jan-21,191487
HDFC,EQ,2664.7,2665,2619,2638.85,2631,2651.85,3401085,8987385763,06-Jan-21,126726
HDFC,EQ,2670,2709.35,2647.4,2661.35,2653.45,2638.85,4106042,11007581807,07-Jan-21,183933
HDFC,EQ,2668,2674.4,2631,2657.5,2657.65,2661.35,4497042,11903528947,08-Jan-21,129843
HDFC,EQ,2680,2762,2666.75,2751.2,2747.1,2657.5,5939812,16152540359,11-Jan-21,146148
HDFC,EQ,2738,2760,2719,2747.55,2750,2751.2,3412213,9337751783,12-Jan-21,143428
HDFC,EQ,2760.45,2777.15,2651.1,2670.9,2672,2747.55,5582165,15055421129,13-Jan-21,220680
HDFC,EQ,2670,2699,2647.15,2684.05,2681.1,2670.9,4253567,11365263176,14-Jan-21,161894
HDFC,EQ,2661,2688.45,2615.6,2632.75,2635,2684.05,2582955,6833403182,15-Jan-21,119439
HDFC,EQ,2645.95,2647.4,2550,2566.5,2569.4,2632.75,5154593,13299213123,18-Jan-21,194019
HDFC,EQ,2585,2680.8,2575,2656.95,2651.05,2566.5,3569359,9388838395,19-Jan-21,137748
HDFC,EQ,2666,2711.9,2622.6,2688.15,2673,2656.95,5771114,15384974616,20-Jan-21,186407
HDFC,EQ,2687.95,2698,2641.25,2663,2671,2688.15,3200138,8541606461,21-Jan-21,144444
HDFC,EQ,2669,2678.75,2583.05,2589.45,2589.95,2663,5013872,13154429479,22-Jan-21,182520
HDFC,EQ,2630.45,2670,2543,2551.4,2560,2589.45,7761405,20268543191,25-Jan-21,242397
HDFC,EQ,2546.3,2546.3,2458.25,2467,2470,2551.4,4858346,12121360028,27-Jan-21,224331
HDFC,EQ,2430.1,2454,2395.25,2425.75,2431.5,2467,5282970,12807903788,28-Jan-21,206977
HDFC,EQ,2450,2460,2364.6,2377.8,2378,2425.75,7347695,17731030596,29-Jan-21,217055
HDFC,EQ,2402.7,2602.1,2391.85,2579.25,2580,2377.8,7106502,17747779822,01-Feb-21,313341
HDFC,EQ,2625,2762.95,2612,2659,2658.7,2579.25,9253486,25006997372,02-Feb-21,341033
HDFC,EQ,2695,2734.5,2618,2703.55,2702.95,2659,4782433,12853319780,03-Feb-21,200284
HDFC,EQ,2740.4,2742,2659,2707.75,2707,2703.55,4108174,11078934149,04-Feb-21,166227
HDFC,EQ,2724.5,2767.8,2696.2,2721.5,2721,2707.75,4575345,12493933544,05-Feb-21,185133
HDFC,EQ,2765,2765,2711.1,2733.35,2735.1,2721.5,3807824,10411332364,08-Feb-21,164151
HDFC,EQ,2760,2784,2710.45,2747.05,2745,2733.35,5586584,15344641030,09-Feb-21,156091
HDFC,EQ,2745.95,2780,2739.2,2767.1,2777.2,2747.05,5602915,15487593018,10-Feb-21,166441
HDFC,EQ,2744.1,2767.6,2737.45,2760.6,2753.4,2767.1,1935639,5326968204,11-Feb-21,111377
HDFC,EQ,2746,2809,2735.6,2791.5,2789,2760.6,2921180,8125663979,12-Feb-21,116778
HDFC,EQ,2819,2868,2805,2860.45,2861.55,2791.5,2847445,8108348529,15-Feb-21,119073
HDFC,EQ,2871,2896,2838,2858.65,2853.85,2860.45,2295100,6582170859,16-Feb-21,103353
HDFC,EQ,2850.25,2856.6,2787.85,2805.35,2797.55,2858.65,2874649,8089368102,17-Feb-21,105039
HDFC,EQ,2800,2806,2730.1,2745.15,2750,2805.35,2937262,8101051922,18-Feb-21,131354
HDFC,EQ,2725,2765,2714.15,2741.3,2740,2745.15,2275146,6234329819,19-Feb-21,118178
HDFC,EQ,2741.3,2741.3,2638.15,2651.95,2655,2741.3,4090709,10942024844,22-Feb-21,155641
HDFC,EQ,2670.35,2677.9,2621,2628.6,2629,2651.95,3022925,7981842805,23-Feb-21,134497
HDFC,EQ,2610.1,2723,2610.1,2707.75,2709,2628.6,2950645,7835183617,24-Feb-21,102500
HDFC,EQ,2718.5,2739,2677,2684.7,2687,2707.75,4758112,12859239613,25-Feb-21,144627
HDFC,EQ,2631.05,2631.05,2520,2539.4,2539.9,2684.7,8771431,22466145912,26-Feb-21,288790
HDFC,EQ,2556,2614.6,2548.6,2606,2610,2539.4,3595993,9308531411,01-Mar-21,134145
HDFC,EQ,2615,2615,2541.4,2564,2575,2606,4086134,10489679518,02-Mar-21,162290
HDFC,EQ,2608.9,2664.15,2592.15,2654.9,2654.85,2564,5640063,14814933877,03-Mar-21,133676
HDFC,EQ,2610,2610,2568,2582.95,2584.9,2654.9,5315682,13737220189,04-Mar-21,235030
HDFC,EQ,2573.6,2579.9,2523.5,2543.9,2546.9,2582.95,4254126,10853977689,05-Mar-21,171484
HDFC,EQ,2555.05,2560,2505.4,2510.25,2512,2543.9,2179821,5505333730,08-Mar-21,114119
HDFC,EQ,2513.1,2584.4,2513.1,2577.3,2578,2510.25,2877662,7364925571,09-Mar-21,122151
HDFC,EQ,2590.4,2609.4,2580.6,2599.8,2600,2577.3,2569360,6671472758,10-Mar-21,102150
HDFC,EQ,2662,2667.95,2556.35,2568,2568,2599.8,3487185,9093216420,12-Mar-21,135588
HDFC,EQ,2565,2568,2496.05,2535.5,2532.9,2568,2905477,7325465979,15-Mar-21,143612
HDFC,EQ,2556.5,2562.65,2503,2510.4,2517.5,2535.5,2446483,6188680433,16-Mar-21,140833
HDFC,EQ,2509.1,2542,2502.75,2515.55,2510,2510.4,3362442,8476407085,17-Mar-21,109845
HDFC,EQ,2549,2561.45,2501,2514.6,2507.8,2515.55,3460891,8752416460,18-Mar-21,147535
HDFC,EQ,2486,2567,2481.7,2531.65,2525.4,2514.6,5277763,13320434189,19-Mar-21,122261
HDFC,EQ,2530.1,2547.35,2485,2531.85,2536.2,2531.65,3367784,8474065237,22-Mar-21,118982
HDFC,EQ,2531,2541.35,2492.1,2509.9,2512.3,2531.85,3980896,10003415249,23-Mar-21,170520
HDFC,EQ,2484.85,2503.5,2446.7,2465.75,2465,2509.9,3165420,7819375117,24-Mar-21,146395
HDFC,EQ,2488,2491.6,2431.1,2470.75,2478,2465.75,4759214,11689682430,25-Mar-21,196107
HDFC,EQ,2506.75,2548,2491.2,2532.75,2529,2470.75,3272534,8260785946,26-Mar-21,144477
HDFC,EQ,2569.3,2617,2555.25,2605.65,2609.95,2532.75,4349089,11274543313,30-Mar-21,150693
HDFC,EQ,2599.6,2599.6,2490,2498.1,2504.05,2605.65,5492619,13813380402,31-Mar-21,236093
HDFC,EQ,2524,2536.95,2480,2531.45,2530,2498.1,2621437,6588954277,01-Apr-21,103602
HDFC,EQ,2530,2531,2413,2445.85,2448,2531.45,3353567,8210377357,05-Apr-21,211024
HDFC,EQ,2470.3,2486.85,2435.35,2472.3,2478.15,2445.85,2882606,7114455771,06-Apr-21,128916
HDFC,EQ,2489,2507.8,2457,2482.7,2478.8,2472.3,3511527,8726504187,07-Apr-21,134963
HDFC,EQ,2495,2530.9,2485.75,2502.55,2502.45,2482.7,2510746,6312048417,08-Apr-21,101341
HDFC,EQ,2522,2556,2492.3,2513.9,2515.7,2502.55,3234017,8141860941,09-Apr-21,97618
HDFC,EQ,2450,2454.45,2405,2419.85,2426,2513.9,3772771,9149810744,12-Apr-21,216533
HDFC,EQ,2422.4,2523.1,2412.25,2512.95,2522,2419.85,3832030,9459725070,13-Apr-21,196531
HDFC,EQ,2540,2555,2493,2547.15,2543.95,2512.95,4201633,10618500100,15-Apr-21,147895
HDFC,EQ,2550,2589.8,2546.85,2574.05,2569,2547.15,3133311,8060093450,16-Apr-21,126445
HDFC,EQ,2474,2510,2452,2492.35,2501.05,2574.05,3550890,8821342904,19-Apr-21,150346
HDFC,EQ,2542.15,2544,2406.2,2415.9,2409,2492.35,7365765,18080588517,20-Apr-21,193822
HDFC,EQ,2400,2485,2373,2479.7,2478.05,2415.9,4514740,11004497066,22-Apr-21,234101
HDFC,EQ,2455.05,2504.15,2437.5,2497.35,2491,2479.7,3143779,7795464528,23-Apr-21,133007
HDFC,EQ,2500,2534.1,2483.2,2509.8,2502,2497.35,3916088,9821804816,26-Apr-21,121028
HDFC,EQ,2494.15,2526.8,2486.25,2518.4,2514,2509.8,2040799,5120729690,27-Apr-21,102250
HDFC,EQ,2516.1,2609,2508.3,2577,2575,2518.4,3407461,8771527416,28-Apr-21,117425
HDFC,EQ,2590.9,2628,2533,2538.85,2539.7,2577,3005468,7722995108,29-Apr-21,132826
HDFC,EQ,2503.1,2525,2411.1,2420.1,2433.25,2538.85,6024595,14735807391,30-Apr-21,224454
HDFC,EQ,2365,2432.95,2365,2418.5,2423.8,2420.1,2984938,7168042528,03-May-21,144750
HDFC,EQ,2420,2435,2373.6,2377.2,2377,2418.5,3135834,7529786776,04-May-21,161798
HDFC,EQ,2392,2403,2354,2377.6,2384.25,2377.2,3458463,8220152460,05-May-21,126211
HDFC,EQ,2397.3,2435,2382,2430.1,2428,2377.6,2401866,5804094933,06-May-21,97225
HDFC,EQ,2454.7,2507.3,2438.4,2496.75,2491.35,2430.1,4829852,11935242399,07-May-21,183239
HDFC,EQ,2515.1,2563.7,2515.1,2531.35,2529,2496.75,4289915,10902145862,10-May-21,154774
HDFC,EQ,2489.35,2502,2447.6,2464.2,2460,2531.35,3728419,9204828668,11-May-21,279026
HDFC,EQ,2448,2448,2407.5,2438.7,2441,2464.2,3168128,7686518857,12-May-21,210388
HDFC,EQ,2438.7,2443.95,2402.1,2422,2422.7,2438.7,2254726,5457669635,14-May-21,105488
HDFC,EQ,2454,2495,2435.5,2486.45,2490,2422,4452603,10965779087,17-May-21,181610
HDFC,EQ,2508,2527,2486.95,2502.85,2499.95,2486.45,2844233,7123526607,18-May-21,141868
HDFC,EQ,2498,2517,2453.75,2459.85,2461.15,2502.85,2031903,5041593870,19-May-21,106073
HDFC,EQ,2467,2488,2440.1,2445,2448.4,2459.85,2551577,6282745613,20-May-21,124959
HDFC,EQ,2472,2525.95,2457.15,2518.05,2522.45,2445,2711607,6778506596,21-May-21,145698
HDFC,EQ,2515,2558.8,2515,2540.9,2531.7,2518.05,2655396,6758373621,24-May-21,132449
HDFC,EQ,2562,2570.4,2523.5,2530.5,2530,2540.9,2641950,6730908331,25-May-21,120573
HDFC,EQ,2547,2575,2530.5,2567.55,2574,2530.5,1839397,4698340429,26-May-21,81682
HDFC,EQ,2580.35,2580.35,2488.05,2508.85,2494.95,2567.55,14119786,35523087530,27-May-21,201009
HDFC,EQ,2514.65,2549.85,2511,2541.35,2543,2508.85,2548032,6462179167,28-May-21,102349
HDFC,EQ,2527.55,2564.8,2502,2552.85,2551,2541.35,3221015,8165024990,31-May-21,115609
HDFC,EQ,2567,2610,2560.5,2580.75,2580,2552.85,3900226,10088926870,01-Jun-21,141862
HDFC,EQ,2570.75,2581.85,2531.1,2562.15,2562.3,2580.75,3551619,9059209246,02-Jun-21,124827
HDFC,EQ,2568,2603,2556.45,2584,2578.3,2562.15,3636647,9375744679,03-Jun-21,134160
HDFC,EQ,2588,2626,2584.05,2619.05,2613,2584,3593742,9381596632,04-Jun-21,134503
HDFC,EQ,2635,2635.4,2582,2585.75,2586.8,2619.05,2222082,5761739655,07-Jun-21,116810
HDFC,EQ,2586,2589.9,2550,2554.5,2555,2585.75,3046814,7800169051,08-Jun-21,163163
HDFC,EQ,2558,2579.25,2539.75,2544.75,2546.05,2554.5,2784864,7123291944,09-Jun-21,123342
HDFC,EQ,2554.75,2567.85,2535,2561.9,2560.05,2544.75,2116122,5408007139,10-Jun-21,78439
HDFC,EQ,2575,2594.3,2555,2559.8,2560.25,2561.9,2340867,6023333065,11-Jun-21,87518
HDFC,EQ,2559.8,2559.8,2512.65,2539.2,2540.2,2559.8,2125197,5375890246,14-Jun-21,77870
HDFC,EQ,2559.8,2559.8,2535.2,2545.1,2543,2539.2,1589974,4047209589,15-Jun-21,76925
HDFC,EQ,2535,2545,2515.7,2521.45,2522.05,2545.1,2290999,5786943796,16-Jun-21,80726
HDFC,EQ,2482.2,2506.95,2482.2,2487.3,2487.75,2521.45,2657850,6624333540,17-Jun-21,133470
HDFC,EQ,2511,2511,2453.05,2488.1,2496,2487.3,3082747,7645806220,18-Jun-21,142128
HDFC,EQ,2459,2524.2,2451,2516.4,2517.5,2488.1,1891651,4718095840,21-Jun-21,86379
HDFC,EQ,2546.8,2546.8,2514.7,2522.9,2522.95,2516.4,2604542,6598651626,22-Jun-21,103601
HDFC,EQ,2537,2537,2493,2497.2,2498.8,2522.9,2179551,5464912314,23-Jun-21,80552
HDFC,EQ,2514.9,2515,2485,2487.4,2490.05,2497.2,3257706,8135078686,24-Jun-21,102299
HDFC,EQ,2511,2515,2482,2509.2,2506.65,2487.4,1871813,4675348230,25-Jun-21,98859
HDFC,EQ,2515,2523.1,2491.2,2494.95,2495,2509.2,2140346,5355256643,28-Jun-21,100314
HDFC,EQ,2510,2510,2476.9,2501.2,2500,2494.95,2671608,6663807351,29-Jun-21,129762
HDFC,EQ,2503.15,2515,2472.2,2475.25,2477.7,2501.2,2798047,6965719410,30-Jun-21,124568
HDFC,EQ,2480,2491.35,2456,2459.4,2464,2475.25,2189447,5401021708,01-Jul-21,94623
HDFC,EQ,2463,2480,2445,2475.7,2477,2459.4,1951251,4798295050,02-Jul-21,82471
HDFC,EQ,2489.3,2496.8,2471.2,2494.9,2496.7,2475.7,1234739,3069659783,05-Jul-21,73485
HDFC,EQ,2492.6,2518.9,2490.2,2496.4,2491.9,2494.9,1428812,3577834566,06-Jul-21,100792
HDFC,EQ,2503.85,2545.8,2495.2,2529.2,2532,2496.4,2542003,6417343090,07-Jul-21,115521
HDFC,EQ,2535,2543.85,2508,2512.05,2514,2529.2,2683729,6783000003,08-Jul-21,97079
HDFC,EQ,2504.1,2509,2484.85,2496.45,2499.65,2512.05,1348273,3365183704,09-Jul-21,83362
HDFC,EQ,2503,2511,2452.2,2476.95,2482.3,2496.45,6818026,16771588574,12-Jul-21,93221
HDFC,EQ,2496,2549.95,2487.75,2544.9,2542.1,2476.95,3716936,9402765045,13-Jul-21,120447
HDFC,EQ,2544,2544.9,2516,2531.1,2529.5,2544.9,2725020,6899920707,14-Jul-21,108626
HDFC,EQ,2539,2555,2516,2540.1,2540.9,2531.1,3272479,8304115004,15-Jul-21,97346
HDFC,EQ,2548,2558,2531.5,2536.9,2538,2540.1,1568532,3987381360,16-Jul-21,88501
HDFC,EQ,2488,2497.7,2470.9,2481.65,2482.5,2536.9,2262325,5618202370,19-Jul-21,94500
HDFC,BL,2481.65,2481.65,2481.65,2481.65,2481.65,1814.2,172808,428848973.2,20-Jul-21,1
HDFC,EQ,2470,2480.5,2450,2458.75,2459,2481.65,1731830,4264498995,20-Jul-21,112197
HDFC,EQ,2470.1,2493.05,2465.5,2490.3,2487.55,2458.75,1792789,4449905095,22-Jul-21,76941
HDFC,EQ,2497.8,2501.6,2470,2482.5,2485.8,2490.3,1275979,3170396149,23-Jul-21,65290
HDFC,EQ,2485,2485,2460,2464.3,2467.8,2482.5,1462225,3607935367,26-Jul-21,114366
HDFC,BL,2464.3,2464.3,2464.3,2464.3,2464.3,2481.65,165944,408935799.2,27-Jul-21,1
HDFC,EQ,2470.9,2474,2430,2433.95,2431.2,2464.3,2680260,6551232149,27-Jul-21,137424
HDFC,EQ,2417.1,2432.45,2380,2425.8,2428,2433.95,3988878,9599398985,28-Jul-21,153676
HDFC,EQ,2424,2433.65,2405.1,2414.8,2420,2425.8,3288676,7953361694,29-Jul-21,106210
HDFC,EQ,2417.95,2464.7,2414.8,2441.15,2442.55,2414.8,4128459,10076573660,30-Jul-21,168648
HDFC,EQ,2466,2487,2425.1,2462.05,2462.55,2441.15,5009133,12312390322,02-Aug-21,204456
HDFC,EQ,2515,2560,2476,2554.65,2555,2462.05,5962929,15044530763,03-Aug-21,183776
HDFC,EQ,2573.3,2681,2565,2676.05,2672,2554.65,9604932,25429515948,04-Aug-21,284090
HDFC,EQ,2680,2685,2644.3,2661.7,2662.55,2676.05,4021021,10712052309,05-Aug-21,141019
HDFC,EQ,2657,2673,2621.4,2628.1,2630.6,2661.7,2139764,5662476194,06-Aug-21,104469
HDFC,EQ,2632.05,2646.25,2599.9,2623.9,2621.5,2628.1,1751767,4595573079,09-Aug-21,69097
HDFC,EQ,2634.7,2678.7,2626.85,2671.65,2671,2623.9,4690741,12492467525,10-Aug-21,163969
HDFC,EQ,2675,2689.5,2633.75,2658.5,2654.6,2671.65,1769627,4705618793,11-Aug-21,89258
HDFC,EQ,2656.6,2675.25,2646.6,2668.75,2666,2658.5,1702479,4532596292,12-Aug-21,61672
HDFC,EQ,2662,2715,2662,2704.15,2702.1,2668.75,3248615,8774705018,13-Aug-21,119082
HDFC,EQ,2696.8,2734.45,2693.8,2731.15,2732.7,2704.15,2465887,6709996707,16-Aug-21,106602
HDFC,EQ,2729.95,2750,2707.15,2738.4,2745.6,2731.15,2795510,7620988084,17-Aug-21,134271
HDFC,EQ,2750,2770.3,2698,2710.75,2710,2738.4,2501410,6828940470,18-Aug-21,98075
HDFC,EQ,2700,2738.95,2698,2722.05,2712,2710.75,3986473,10845398497,20-Aug-21,148438
HDFC,EQ,2745.5,2758.5,2710,2721.95,2722,2722.05,1901700,5183281802,23-Aug-21,85099
HDFC,EQ,2726,2729.9,2683.95,2691.25,2694,2721.95,2984595,8043012751,24-Aug-21,109438
HDFC,EQ,2707.8,2718.5,2696.25,2699.25,2701,2691.25,1714777,4641944905,25-Aug-21,76558
HDFC,EQ,2711.25,2720,2682.2,2700.35,2702.95,2699.25,1855274,5013249312,26-Aug-21,60397
HDFC,EQ,2694.1,2724.65,2662.05,2718.2,2716.1,2700.35,2761023,7439778308,27-Aug-21,131023
HDFC,EQ,2730.45,2764.9,2723.1,2755.7,2758,2718.2,1731926,4754203941,30-Aug-21,77957
HDFC,EQ,2748,2812,2739.35,2798.5,2794.7,2755.7,4933523,13761630800,31-Aug-21,123236
HDFC,EQ,2790,2796.95,2736.6,2747.75,2746.2,2798.5,3084291,8511167124,01-Sep-21,149131
HDFC,EQ,2756.9,2785,2737.25,2777.7,2774.8,2747.75,1734037,4791826197,02-Sep-21,88029
HDFC,EQ,2768.1,2784.15,2742.1,2758.6,2755.5,2777.7,1914438,5283434526,03-Sep-21,102751
HDFC,EQ,2765,2777.7,2741.2,2765.3,2767,2758.6,1729080,4775427924,06-Sep-21,86318
HDFC,EQ,2769.8,2853.65,2749.95,2837,2833.2,2765.3,4072518,11466298343,07-Sep-21,141669
HDFC,EQ,2838.25,2852,2802.25,2829.3,2835.1,2837,2274494,6429755969,08-Sep-21,122209
HDFC,EQ,2815.2,2853.85,2813.8,2830.1,2826.55,2829.3,1986913,5624903935,09-Sep-21,102303
HDFC,EQ,2844,2875.85,2833.3,2849.8,2846.05,2830.1,3283960,9374158866,13-Sep-21,105113
HDFC,EQ,2864.95,2869,2810,2818.05,2820.2,2849.8,2238463,6333869738,14-Sep-21,79187
HDFC,EQ,2805.7,2843,2795,2815.45,2817.05,2818.05,1924840,5423022711,15-Sep-21,81827
HDFC,EQ,2800,2823.9,2798.5,2812.35,2819.8,2815.45,1831201,5151522833,16-Sep-21,74423
HDFC,EQ,2832.25,2851.95,2801.7,2825.65,2823.9,2812.35,4447386,12573392070,17-Sep-21,115382
HDFC,EQ,2795.3,2808.65,2733,2742.5,2742,2825.65,2057743,5695872943,20-Sep-21,96538
HDFC,EQ,2760,2780.7,2724.75,2774.35,2773.2,2742.5,2119275,5834171388,21-Sep-21,100753
HDFC,EQ,2765,2773.95,2717.7,2734.7,2737,2774.35,3054547,8362061151,22-Sep-21,119928
HDFC,EQ,2756.1,2828.5,2730,2817.4,2825.15,2734.7,3720965,10325269211,23-Sep-21,135360
HDFC,EQ,2818.6,2850,2800,2839,2829.95,2817.4,2433032,6876856565,24-Sep-21,115209
HDFC,EQ,2845.75,2869.4,2824.8,2839.8,2835,2839,2684448,7646929876,27-Sep-21,116914
HDFC,EQ,2842,2850,2760.95,2804.95,2802,2839.8,2645677,7437131096,28-Sep-21,145453
HDFC,EQ,2786.5,2792.95,2739.1,2746.45,2747.35,2804.95,3333322,9204268169,29-Sep-21,146771
HDFC,EQ,2729.9,2785,2721.2,2754.3,2744.2,2746.45,4186802,11549652775,30-Sep-21,169948
HDFC,EQ,2738.6,2752,2693.6,2711.65,2710,2754.3,2462648,6680224604,01-Oct-21,124536
HDFC,BL,2711.65,2711.65,2711.65,2711.65,2711.65,2464.3,1626963,4411754219,04-Oct-21,1
HDFC,EQ,2740.15,2770,2720.6,2725.2,2725,2711.65,2170643,5948053491,04-Oct-21,95964
HDFC,EQ,2720,2754.95,2715.45,2741.45,2744.25,2725.2,2125952,5824477719,05-Oct-21,114611
HDFC,EQ,2729,2795,2717,2750.95,2748.95,2741.45,3585605,9893855799,06-Oct-21,124866
HDFC,EQ,2770.7,2774.95,2722.6,2727,2731,2750.95,2247842,6166765813,07-Oct-21,116486
HDFC,EQ,2731,2745.6,2716,2720.65,2726,2727,1719442,4693554852,08-Oct-21,96775
HDFC,EQ,2739,2769,2726.8,2749.25,2748.35,2720.65,1773236,4875955872,11-Oct-21,96478
HDFC,EQ,2749.7,2767,2735,2755.1,2754.35,2749.25,1405800,3869637725,12-Oct-21,93240
HDFC,EQ,2775,2775,2748.2,2765.6,2764,2755.1,1513606,4183727790,13-Oct-21,94639
HDFC,EQ,2758.3,2815.55,2751.85,2808.75,2811,2765.6,2737670,7635132472,14-Oct-21,91462
HDFC,EQ,2848,2848,2788.05,2811.5,2805.45,2808.75,2609969,7348608399,18-Oct-21,115966
HDFC,EQ,2825,2827.95,2800,2822.9,2821,2811.5,1994376,5620209609,19-Oct-21,116753
HDFC,EQ,2833,2839.85,2773.4,2795.1,2795,2822.9,2106814,5900721420,20-Oct-21,98834
HDFC,EQ,2814,2857.4,2797.85,2844.1,2850,2795.1,3747385,10600618097,21-Oct-21,113568
HDFC,EQ,2858.8,2938.35,2856,2903.95,2907,2844.1,4364342,12689013565,22-Oct-21,216118
HDFC,EQ,2905,2919,2856.25,2896.15,2900,2903.95,3463553,10012339655,25-Oct-21,167820
HDFC,EQ,2908,2934,2896,2911.65,2920.75,2896.15,2430141,7081674412,26-Oct-21,107553
HDFC,EQ,2920.05,2948,2901.4,2915,2905,2911.65,3136213,9180191682,27-Oct-21,117977
HDFC,EQ,2891,2924.3,2863.15,2900.8,2891.1,2915,3302920,9555987109,28-Oct-21,120241
HDFC,EQ,2891,2893,2791.2,2844.7,2841.5,2900.8,3830779,10897583766,29-Oct-21,162268
HDFC,EQ,2873,2947.9,2838.05,2887.95,2890,2844.7,4951039,14261320071,01-Nov-21,254154
HDFC,EQ,2887.9,2917.25,2865.65,2900.05,2900,2887.95,4355642,12596624672,02-Nov-21,127862
HDFC,EQ,2908,2932.9,2872,2895.9,2888.2,2900.05,3731077,10818514374,03-Nov-21,121057
HDFC,EQ,2899.05,2909,2895.05,2899.7,2900,2895.9,129087,374616869.8,04-Nov-21,11161
HDFC,EQ,2929,3002,2906.15,2979.55,2980,2899.7,5481172,16210049011,08-Nov-21,169077
HDFC,EQ,2955.05,2966.95,2916.1,2941.6,2938,2979.55,2947787,8666818295,09-Nov-21,105242
HDFC,EQ,2920,2951,2886.05,2945.6,2944.7,2941.6,3294239,9620030818,10-Nov-21,111705
HDFC,EQ,2932,2932,2885.15,2908.85,2905,2945.6,2480671,7204722997,11-Nov-21,111766
HDFC,EQ,2925,2998,2905.45,2992.65,2987.1,2908.85,2802442,8298595510,12-Nov-21,107924
HDFC,EQ,3004,3021.1,2971,3000.85,2994.15,2992.65,3248126,9719566427,15-Nov-21,84930
HDFC,EQ,2986.2,2999.25,2957.7,2975.45,2972.6,3000.85,4242014,12617929621,16-Nov-21,129445
HDFC,EQ,2956.1,2977.2,2932.25,2948.4,2949,2975.45,2398355,7081640387,17-Nov-21,151593
HDFC,EQ,2936.1,2964.05,2916.75,2925.4,2931.2,2948.4,3481704,10223816402,18-Nov-21,214188
HDFC,EQ,2902,2934,2885.15,2894.85,2888,2925.4,3951901,11463776122,22-Nov-21,209720
HDFC,EQ,2855,2915,2855,2906.5,2900,2894.85,3340056,9671815412,23-Nov-21,133643
HDFC,EQ,2905.05,2923,2864.5,2883.55,2870.5,2906.5,2318225,6730622393,24-Nov-21,106810
HDFC,EQ,2890.45,2890.45,2847,2867.75,2870,2883.55,2221089,6377828537,25-Nov-21,157117
HDFC,EQ,2820.35,2856,2723,2741.7,2745,2867.75,3353278,9278778701,26-Nov-21,180323
HDFC,EQ,2745,2747.5,2682.3,2713.8,2712.55,2741.7,3571428,9673614458,29-Nov-21,134289
HDFC,EQ,2665,2764.9,2656,2673.1,2680,2713.8,7628539,20554477575,30-Nov-21,223764
HDFC,EQ,2712.8,2757.45,2696.2,2703.65,2710.5,2673.1,3847384,10463805533,01-Dec-21,155732
HDFC,EQ,2701.05,2814.95,2701.05,2807.8,2805,2703.65,4570690,12736696605,02-Dec-21,210319
HDFC,EQ,2790,2823.95,2765,2771.65,2777,2807.8,2961572,8255284192,03-Dec-21,104884
HDFC,EQ,2774.5,2799.9,2760,2768.8,2765,2771.65,1683131,4681792853,06-Dec-21,79423
HDFC,EQ,2795,2838.05,2769.45,2817.5,2820,2768.8,2543784,7165747017,07-Dec-21,129209
HDFC,EQ,2825.25,2864,2820.05,2853,2854.95,2817.5,1772235,5049654539,08-Dec-21,70985
HDFC,EQ,2872,2877.75,2829.05,2842.05,2839.75,2853,2036491,5801818223,09-Dec-21,116477
HDFC,EQ,2823.3,2838.25,2788.5,2808.75,2809.3,2842.05,3455657,9723684187,10-Dec-21,99993
HDFC,EQ,2832.8,2838.8,2766.05,2771.85,2774,2808.75,2661378,7420757036,13-Dec-21,117598
HDFC,EQ,2750,2764,2720.6,2751.95,2753.9,2771.85,2039433,5592313111,14-Dec-21,104420
HDFC,EQ,2755,2759.95,2715,2721.8,2721,2751.95,1355100,3698171652,15-Dec-21,88425
HDFC,EQ,2749.4,2755.25,2687.8,2699.6,2719.95,2721.8,3149777,8535331537,16-Dec-21,133768
HDFC,EQ,2700,2712.3,2611,2617.35,2619,2699.6,4503515,11879186174,17-Dec-21,214855
HDFC,EQ,2594,2594,2506.05,2550.3,2553.1,2617.35,3483707,8852280116,20-Dec-21,223619
HDFC,EQ,2583.75,2588.9,2530,2540.85,2547,2550.3,2502122,6399341670,21-Dec-21,116861
HDFC,EQ,2551.95,2557.15,2520.15,2539,2550,2540.85,2763684,7008496445,22-Dec-21,156177
HDFC,EQ,2558,2582,2543.35,2571.15,2565,2539,1777068,4564098094,23-Dec-21,100219
HDFC,EQ,2585,2585,2525.5,2534.55,2532.5,2571.15,1033480,2628879201,24-Dec-21,53889
HDFC,EQ,2520,2564.9,2509.45,2558.85,2560.8,2534.55,915233,2329795204,27-Dec-21,71399
HDFC,EQ,2579.8,2587.85,2548,2565.35,2567.45,2558.85,1634180,4191835123,28-Dec-21,64656
HDFC,EQ,2575,2581,2551,2563.55,2563,2565.35,1474656,3785067589,29-Dec-21,47522
HDFC,EQ,2561.3,2579.8,2545.4,2563.7,2570,2563.55,1558019,3997637290,30-Dec-21,70584
HDFC,EQ,2565,2608.65,2561,2586.45,2587,2563.7,2289067,5936020239,31-Dec-21,83568
HDFC,EQ,2594,2640,2587.1,2636.4,2639.15,2586.45,1256497,3290905540,03-Jan-22,61114
HDFC,EQ,2645,2678.7,2620.35,2675.3,2675,2636.4,1846249,4899339738,04-Jan-22,111237
HDFC,EQ,2680.95,2695.45,2652.3,2673.65,2672,2675.3,3743882,10018252554,05-Jan-22,163505
HDFC,EQ,2646.35,2654.75,2603.5,2620.4,2619,2673.65,4616700,12105100750,06-Jan-22,98787
HDFC,EQ,2606.05,2618.3,2585,2596.7,2598.05,2620.4,6185361,16058237795,07-Jan-22,169829
HDFC,EQ,2601.9,2665.05,2601.9,2659.65,2660,2596.7,5328083,13993259963,10-Jan-22,110165
HDFC,EQ,2664,2729,2664,2710.95,2707.65,2659.65,4170007,11265543697,11-Jan-22,167338
HDFC,EQ,2736,2752,2713.05,2737.5,2735,2710.95,2695634,7373367877,12-Jan-22,111173
HDFC,EQ,2750,2762,2726.1,2756,2757.3,2737.5,2011413,5525183513,13-Jan-22,115235
HDFC,EQ,2712,2731.6,2687.3,2712.45,2710.95,2756,1765906,4783840335,14-Jan-22,102510
HDFC,EQ,2710.6,2733.1,2692.5,2702.7,2697.1,2712.45,1614989,4371385432,17-Jan-22,97244
HDFC,EQ,2713,2713.55,2656.8,2662.5,2661,2702.7,2086266,5594002544,18-Jan-22,142910
HDFC,EQ,2681,2698.85,2608.1,2620.25,2617.2,2662.5,1793748,4713326731,19-Jan-22,160027
HDFC,EQ,2612.65,2630,2543.4,2569.3,2571,2620.25,3759429,9670953095,20-Jan-22,189896
HDFC,EQ,2553.5,2605.35,2542.05,2592.95,2599.8,2569.3,3952946,10189204401,21-Jan-22,160605
HDFC,EQ,2571.65,2601.8,2510.35,2539.8,2528,2592.95,2340062,5976368049,24-Jan-22,146189
HDFC,EQ,2500,2540.7,2473.8,2530.6,2530.1,2539.8,4528568,11350226971,25-Jan-22,203027
HDFC,EQ,2505.6,2514,2448.6,2503.35,2510.5,2530.6,6600059,16369774021,27-Jan-22,230610
HDFC,EQ,2513.7,2556.8,2488.7,2516.5,2513.1,2503.35,4885166,12373087203,28-Jan-22,151434
HDFC,EQ,2541.8,2561.4,2513.15,2521,2518,2516.5,3306726,8369409170,31-Jan-22,130516
HDFC,EQ,2552.6,2596,2510.3,2565.35,2569.9,2521,2980741,7649429323,01-Feb-22,135735
HDFC,EQ,2583.2,2623.3,2580.7,2612.95,2617,2565.35,4160178,10823813428,02-Feb-22,159412
HDFC,EQ,2613,2620,2520,2527.8,2521.5,2612.95,4647089,11829214750,03-Feb-22,243196
HDFC,EQ,2546.5,2547,2497,2503.25,2502,2527.8,4404184,11073056373,04-Feb-22,239694
HDFC,EQ,2488.5,2512.1,2420,2428.15,2426.7,2503.25,3664108,8980613667,07-Feb-22,200599
HDFC,EQ,2441,2452,2405,2414.6,2410.95,2428.15,6127473,14822659697,08-Feb-22,226531
HDFC,EQ,2432,2442.5,2402.5,2435.35,2440.4,2414.6,7141774,17288694746,09-Feb-22,215047
HDFC,EQ,2462,2505.7,2441.6,2476.55,2472,2435.35,6346218,15711797904,10-Feb-22,277489
HDFC,EQ,2449.95,2449.95,2417.1,2426.35,2422,2476.55,4062444,9872488535,11-Feb-22,196048
HDFC,EQ,2390,2390,2290,2296.8,2290.9,2426.35,5903697,13730084885,14-Feb-22,329805
HDFC,EQ,2319.75,2345,2286.85,2340.25,2340.9,2296.8,9153706,21216697286,15-Feb-22,224575
HDFC,EQ,2341,2403.85,2341,2363.85,2362.05,2340.25,8005225,18996437537,16-Feb-22,169860
HDFC,EQ,2389.95,2426,2361.8,2411.8,2407.9,2363.85,5317679,12786964356,17-Feb-22,136513
HDFC,EQ,2411.8,2451,2402.4,2441.15,2437.2,2411.8,3725963,9073874464,18-Feb-22,152533
HDFC,EQ,2424.95,2447.65,2410,2436.8,2438.9,2441.15,2979739,7248473304,21-Feb-22,135348
HDFC,EQ,2385.1,2462.25,2373.15,2453.95,2450.85,2436.8,4604370,11160140057,22-Feb-22,196868
HDFC,EQ,2471.8,2479.45,2428.3,2437.05,2440,2453.95,3044306,7483349300,23-Feb-22,198247
HDFC,EQ,2367,2401,2331,2343.05,2338.45,2437.05,5058230,12004079915,24-Feb-22,218835
HDFC,EQ,2380.9,2417.1,2370.05,2401.35,2400,2343.05,2731176,6557665185,25-Feb-22,144984
HDFC,EQ,2375,2402.8,2333,2364.5,2361.85,2401.35,8366630,19777540737,28-Feb-22,174652
HDFC,EQ,2321.5,2321.5,2259.45,2278.1,2286.2,2364.5,8890970,20323127540,02-Mar-22,304770
HDFC,EQ,2280,2306.55,2262.25,2273,2276.15,2278.1,6191711,14118516629,03-Mar-22,147832
HDFC,EQ,2250.3,2263,2203,2217.5,2219,2273,4537882,10134798811,04-Mar-22,232910
HDFC,EQ,2139.4,2154.9,2098.2,2121.95,2128,2217.5,7675627,16333335836,07-Mar-22,298979
HDFC,EQ,2106,2161.95,2046,2151.7,2156.85,2121.95,9024183,18962549055,08-Mar-22,317335
HDFC,EQ,2151.7,2216,2120.35,2194.4,2199.4,2151.7,6114047,13328627891,09-Mar-22,248506
HDFC,EQ,2287,2287,2206.65,2237.95,2232.55,2194.4,4183914,9412625443,10-Mar-22,190372
HDFC,EQ,2216,2259.85,2189.9,2230,2232,2237.95,2532517,5655277659,11-Mar-22,112353
HDFC,EQ,2235,2285.6,2218,2275.7,2285.3,2230,2153393,4854654795,14-Mar-22,119697
HDFC,EQ,2291.7,2308.05,2230.45,2240.85,2244.85,2275.7,4557236,10360064699,15-Mar-22,218370
HDFC,EQ,2280,2320,2272.65,2292.1,2302.3,2240.85,3558601,8169205464,16-Mar-22,204690
HDFC,EQ,2346,2423.8,2346,2415.25,2415,2292.1,6664277,15978619944,17-Mar-22,231016
HDFC,EQ,2459,2459,2383.5,2391.9,2389,2415.25,3702411,8914654808,21-Mar-22,167002
HDFC,EQ,2398,2420,2355.55,2402.75,2406.95,2391.9,6357856,15140962531,22-Mar-22,131396
HDFC,EQ,2408.75,2422.6,2341.2,2346.3,2344.7,2402.75,3173223,7537678414,23-Mar-22,132693
HDFC,EQ,2318,2356.95,2303.55,2310.5,2307.35,2346.3,3994199,9292327535,24-Mar-22,156339
HDFC,EQ,2333,2339.05,2286.75,2303,2306,2310.5,3418282,7864769162,25-Mar-22,154576
HDFC,EQ,2310,2313.9,2234.1,2268.25,2269,2303,4734110,10702910947,28-Mar-22,206984
HDFC,EQ,2285.9,2344.9,2284,2337.35,2343,2268.25,3202852,7424302460,29-Mar-22,135992
HDFC,EQ,2369.4,2388,2347.65,2385.45,2385,2337.35,3176850,7547510605,30-Mar-22,123275
HDFC,EQ,2381.5,2428.2,2380.2,2390.4,2384.9,2385.45,4167353,10006088216,31-Mar-22,148009
HDFC,EQ,2363.2,2464.7,2349,2452.3,2462.25,2390.4,2651324,6413169806,01-Apr-22,115526
HDFC,EQ,2570.5,2933.8,2570.5,2680.05,2676,2452.3,34117717,92866836731,04-Apr-22,817965
HDFC,EQ,2677.4,2680,2614.1,2623.7,2621.95,2680.05,6178848,16302889475,05-Apr-22,242994
HDFC,EQ,2597.4,2604,2530.1,2536.05,2537,2623.7,5102935,13055722516,06-Apr-22,232140
HDFC,EQ,2511.6,2519.9,2458.15,2462.7,2466,2536.05,8094839,20059175105,07-Apr-22,308847
HDFC,EQ,2490,2490,2427.6,2458.25,2457.35,2462.7,9568303,23467879885,08-Apr-22,254916
HDFC,EQ,2440,2454,2421.1,2424.7,2427,2458.25,4173679,10169826783,11-Apr-22,145859
HDFC,EQ,2411.2,2443.7,2399,2425.7,2426.55,2424.7,5390147,13060774852,12-Apr-22,201796
HDFC,EQ,2447,2447,2371.55,2378.5,2371.55,2425.7,4257122,10213119851,13-Apr-22,189878
HDFC,EQ,2318.6,2322,2257.05,2263.5,2264,2378.5,9158650,20905222862,18-Apr-22,305740
HDFC,EQ,2264.1,2270.9,2111.25,2140.2,2121.75,2263.5,20050720,43696581921,19-Apr-22,563837
HDFC,EQ,2154,2188.9,2144,2180.2,2185,2140.2,5434844,11783229992,20-Apr-22,247224
HDFC,EQ,2197.7,2246.6,2181.2,2230.65,2230,2180.2,5419406,11988675748,21-Apr-22,179865
HDFC,EQ,2190.05,2242.3,2186,2206.4,2202.7,2230.65,4840122,10726838763,22-Apr-22,152314
HDFC,EQ,2187.9,2221,2156,2210.5,2214.5,2206.4,2999737,6586771247,25-Apr-22,139111
HDFC,EQ,2230,2239,2205,2230.2,2224.05,2210.5,2514191,5595892476,26-Apr-22,132103
HDFC,EQ,2214.7,2238.9,2206,2218.7,2214.6,2230.2,2560457,5689026357,27-Apr-22,120084
HDFC,EQ,2237.4,2237.4,2206.75,2224,2219.5,2218.7,3424941,7618061665,28-Apr-22,126587
HDFC,EQ,2230,2283.5,2215,2229.7,2227,2224,5492816,12356599707,29-Apr-22,231841
HDFC,EQ,2194.1,2270,2184,2264,2259,2229.7,3878583,8724549275,02-May-22,175503
HDFC,EQ,2271.3,2278,2192,2206.95,2209.3,2264,4754704,10661925869,04-May-22,221302
HDFC,EQ,2230.35,2251.9,2207,2215.4,2215.55,2206.95,2661611,5932563317,05-May-22,93119
HDFC,EQ,2170,2190,2142.75,2150.65,2159,2215.4,3862931,8344598349,06-May-22,176903
HDFC,EQ,2115,2181,2113.6,2168.3,2170.2,2150.65,3969231,8529090113,09-May-22,163188
HDFC,EQ,2163.45,2221.8,2160.25,2201.3,2200,2168.3,4205193,9252533265,10-May-22,172317
HDFC,EQ,2228.2,2237.85,2186.35,2219.1,2227,2201.3,3499620,7736813608,11-May-22,198663
HDFC,EQ,2190,2204,2143,2150.45,2151.45,2219.1,4361039,9462948751,12-May-22,206791
HDFC,EQ,2165.4,2190.95,2125.25,2132.95,2131.95,2150.45,4905109,10595408721,13-May-22,171636
HDFC,EQ,2134.5,2182.55,2130.55,2172.1,2174.75,2132.95,1745877,3779345389,16-May-22,105100
HDFC,EQ,2180,2196.6,2160.75,2190.55,2195,2172.1,3079155,6722581366,17-May-22,160956
HDFC,EQ,2195,2218,2178,2184.55,2188,2190.55,2472415,5427286624,18-May-22,122402
HDFC,EQ,2132,2158.95,2122.65,2136.3,2138,2184.55,3867697,8271369182,19-May-22,148706
HDFC,EQ,2165,2212,2152.3,2201.6,2209.85,2136.3,3954167,8661459538,20-May-22,160680
HDFC,EQ,2217.7,2221,2165.2,2175.95,2171.9,2201.6,3630816,7997169556,23-May-22,110463
HDFC,EQ,2167.75,2226,2158.1,2206.8,2212.95,2175.95,3778065,8320988003,24-May-22,136564
HDFC,EQ,2217.85,2251.15,2216.05,2237.45,2236.05,2206.8,3147555,7036054683,25-May-22,138162
HDFC,EQ,2242,2301.65,2242,2287.75,2291.95,2237.45,5940524,13515628763,26-May-22,187638
HDFC,EQ,2304.6,2334.25,2300.3,2330.4,2330,2287.75,2257207,5238507182,27-May-22,119365
HDFC,EQ,2367.8,2388,2362.3,2367.25,2367,2330.4,5423558,12884682892,30-May-22,134234
HDFC,EQ,2328,2334.2,2287.9,2306.75,2295,2367.25,6282851,14527271814,31-May-22,126251
HDFC,EQ,2314,2335.65,2292.35,2329.9,2331.95,2306.75,2982569,6920174381,01-Jun-22,113063
HDFC,EQ,2324.4,2324.4,2278.35,2289.6,2293,2329.9,2873032,6594125010,02-Jun-22,98480
HDFC,EQ,2308,2316.05,2271.35,2277.35,2275,2289.6,2975522,6824929582,03-Jun-22,78179
HDFC,EQ,2257,2288,2256.05,2274,2265.75,2277.35,2897544,6602429800,06-Jun-22,85174
HDFC,EQ,2248.5,2263,2226,2259.5,2258,2274,2112189,4751934040,07-Jun-22,72120
HDFC,EQ,2280,2281.7,2242.6,2258.65,2258.55,2259.5,1780048,4026330139,08-Jun-22,93050
HDFC,EQ,2240.05,2273.75,2238,2265.45,2267,2258.65,2053393,4631978510,09-Jun-22,75545
HDFC,EQ,2240.3,2246.95,2172.5,2179.8,2180.2,2265.45,4485909,9844843638,10-Jun-22,172040
HDFC,EQ,2115,2137.65,2089.35,2128.45,2136.7,2179.8,3700786,7826627577,13-Jun-22,134842
HDFC,EQ,2094,2132,2090.05,2109.5,2112.05,2128.45,3631959,7666011007,14-Jun-22,125077
HDFC,EQ,2097,2110.95,2071.3,2105.45,2110.9,2109.5,4365287,9136623286,15-Jun-22,126733
HDFC,EQ,2115.35,2133.8,2050,2056.5,2057.1,2105.45,3189251,6650597755,16-Jun-22,139282
HDFC,EQ,2035,2064.9,2026,2052.7,2058,2056.5,5009613,10252662188,17-Jun-22,131298
HDFC,EQ,2063.45,2139.85,2062.1,2135.25,2133.35,2052.7,5845204,12342447633,20-Jun-22,143983
HDFC,EQ,2147.1,2192.05,2138.65,2174.7,2172,2135.25,3407154,7397100495,21-Jun-22,141099
HDFC,EQ,2160,2185.85,2151.1,2159.25,2154.6,2174.7,2951514,6403121534,22-Jun-22,115837
HDFC,EQ,2156.35,2179.95,2135,2164.2,2165.95,2159.25,2709259,5862358209,23-Jun-22,111135
HDFC,EQ,2160.1,2201,2158.05,2189,2187.95,2164.2,3076421,6719254400,24-Jun-22,98998
HDFC,EQ,2219,2221,2188.8,2194.45,2192.9,2189,2781655,6124175833,27-Jun-22,89673
HDFC,EQ,2177,2197,2159,2180.85,2191.5,2194.45,2995821,6507143936,28-Jun-22,142758
HDFC,EQ,2168,2189.95,2164.1,2177.15,2172.8,2180.85,2137621,4653751857,29-Jun-22,96248
HDFC,EQ,2156.05,2194,2152.1,2170.85,2154.1,2177.15,3052310,6630069204,30-Jun-22,114314
HDFC,EQ,2155,2224.05,2133.1,2210.55,2205.3,2170.85,2776869,6047258827,01-Jul-22,123963
HDFC,EQ,2195.15,2220.55,2178.2,2216.85,2209.45,2210.55,1713059,3769966437,04-Jul-22,70765
HDFC,EQ,2241,2245.5,2191.4,2202.9,2195,2216.85,3289675,7321309470,05-Jul-22,129323
HDFC,EQ,2186,2234,2186,2229.5,2225,2202.9,3415023,7579036311,06-Jul-22,127238
HDFC,EQ,2241.6,2249.45,2228.6,2245.55,2246.8,2229.5,2907549,6516952397,07-Jul-22,73701
HDFC,EQ,2260,2262.4,2224.9,2239.75,2245.75,2245.55,4484309,10047940338,08-Jul-22,107775
HDFC,EQ,2233.25,2260,2228.25,2249.5,2247.65,2239.75,2115471,4751034897,11-Jul-22,78127
HDFC,EQ,2230,2243,2218,2226.9,2223.65,2249.5,1699784,3784843262,12-Jul-22,56012
HDFC,EQ,2235,2239.6,2160.55,2165.05,2170.65,2226.9,3364164,7354123637,13-Jul-22,135898
HDFC,EQ,2177.85,2194.9,2160,2167.4,2169.95,2165.05,2740215,5964478134,14-Jul-22,103398
HDFC,EQ,2172.5,2218.95,2171.25,2216.1,2218.8,2167.4,2486731,5470604031,15-Jul-22,87352
HDFC,EQ,2212,2223.35,2188,2204.3,2205.5,2216.1,2747346,6050191516,18-Jul-22,66609
HDFC,EQ,2192,2223,2191.25,2217.7,2217.6,2204.3,2586991,5719551269,19-Jul-22,70320
HDFC,EQ,2243,2252.7,2224,2231.4,2227,2217.7,2511265,5628810535,20-Jul-22,91920
HDFC,EQ,2230,2250.4,2225,2242.4,2244,2231.4,2316951,5193881194,21-Jul-22,76330
HDFC,EQ,2260,2302.05,2250.6,2295.95,2295.95,2242.4,3059414,6977443610,22-Jul-22,132858
HDFC,BL,2295.95,2295.95,2295.95,2295.95,2295.95,2711.65,2318003,5322018988,25-Jul-22,1
HDFC,EQ,2286,2320,2275.6,2308.65,2303,2295.95,1931624,4433569513,25-Jul-22,92552
HDFC,EQ,2307.75,2309.95,2286,2292.5,2286.1,2308.65,1606301,3691587751,26-Jul-22,96565
HDFC,EQ,2286.25,2316.8,2282.55,2313.35,2311.05,2292.5,1103714,2543947424,27-Jul-22,76473
HDFC,EQ,2323.1,2345.6,2319,2337.55,2339.05,2313.35,1780021,4155695641,28-Jul-22,90414
HDFC,EQ,2356,2392.7,2340.4,2377.8,2389,2337.55,5268895,12477096525,29-Jul-22,164664
HDFC,EQ,2397,2397,2362.05,2383.75,2380,2377.8,2297226,5462456367,01-Aug-22,116880
HDFC,EQ,2371.3,2380,2330.25,2353.3,2342.4,2383.75,2830058,6647062133,02-Aug-22,118058
HDFC,EQ,2353.3,2374,2325,2368.4,2367.9,2353.3,2738937,6429958353,03-Aug-22,123915
HDFC,EQ,2379.85,2386.25,2330,2361.75,2354.1,2368.4,1807757,4266363846,04-Aug-22,99381
HDFC,EQ,2362,2363.95,2336.1,2355.2,2353.9,2361.75,1802793,4241508098,05-Aug-22,89233
HDFC,BL,2355.2,2355.2,2355.2,2355.2,2355.2,2295.95,2318005,5459365376,08-Aug-22,1
HDFC,EQ,2360,2402,2342.15,2393.7,2390.2,2355.2,2191019,5225595989,08-Aug-22,99860
HDFC,EQ,2404.45,2406.85,2370.85,2398.3,2394,2393.7,2345758,5617267877,10-Aug-22,90849
HDFC,EQ,2421,2463.5,2416,2454.85,2451.5,2398.3,3970325,9701287784,11-Aug-22,151285
HDFC,EQ,2448,2469.95,2438.6,2456.4,2455.6,2454.85,2502119,6150096108,12-Aug-22,152763
HDFC,EQ,2470,2490,2466.55,2484.15,2486,2456.4,2294546,5695433095,16-Aug-22,98285
HDFC,EQ,2486,2498,2444.05,2491.6,2487.6,2484.15,1636890,4059392352,17-Aug-22,81768
HDFC,EQ,2480,2507.95,2480,2497.95,2500,2491.6,2219069,5534584973,18-Aug-22,90554
HDFC,EQ,2492.55,2500,2459.6,2468.05,2462.1,2497.95,2411051,5980172795,19-Aug-22,109473
HDFC,EQ,2456.55,2460.95,2419.25,2423.2,2422,2468.05,1712483,4162035874,22-Aug-22,94868
HDFC,EQ,2403,2440.95,2396.85,2420.75,2428.1,2423.2,1639606,3964411915,23-Aug-22,102967
HDFC,EQ,2400,2443,2400,2438.5,2436.4,2420.75,2194348,5330777373,24-Aug-22,105135
HDFC,EQ,2450,2468.4,2410.35,2419.75,2417.25,2438.5,1276129,3121458864,25-Aug-22,80552
HDFC,EQ,2435,2445,2390.5,2396.7,2401.25,2419.75,2461738,5940422091,26-Aug-22,111748
HDFC,EQ,2354,2379,2340,2366,2367.3,2396.7,2202446,5199848190,29-Aug-22,111504
HDFC,EQ,2377.85,2452.15,2375,2446.4,2447,2366,3085257,7477060851,30-Aug-22,113910
HDFC,EQ,2409.25,2436.7,2393.7,2404.2,2406.1,2446.4,3005743,7246222176,01-Sep-22,144860
HDFC,EQ,2405,2449.8,2381,2444.35,2440,2404.2,3661775,8873280594,02-Sep-22,133763
HDFC,EQ,2454.9,2464.5,2439.5,2456.25,2454.9,2444.35,1772185,4351318472,05-Sep-22,74540
HDFC,EQ,2461,2472.65,2442.1,2448.5,2443.6,2456.25,2551663,6262974454,06-Sep-22,109969
HDFC,EQ,2422,2441.8,2416,2427.8,2427.5,2448.5,1176941,2859424678,07-Sep-22,67340
HDFC,EQ,2445.15,2454,2428,2449.65,2453,2427.8,1936503,4728359291,08-Sep-22,80508
HDFC,EQ,2465,2468.45,2425.9,2431.5,2431,2449.65,3243775,7947609279,09-Sep-22,104205
HDFC,EQ,2430,2436.85,2414.1,2419,2419.15,2431.5,3178742,7709202492,12-Sep-22,119887
HDFC,EQ,2434.95,2457,2429.5,2451.5,2452,2419,2197258,5382326173,13-Sep-22,98568
HDFC,EQ,2398,2478.4,2398,2453.35,2449.3,2451.5,3924096,9583461245,14-Sep-22,140737
HDFC,EQ,2465.65,2479.9,2437,2459.4,2455,2453.35,3028030,7450214059,15-Sep-22,126523
HDFC,EQ,2433.25,2444.55,2393.4,2404.1,2415.3,2459.4,6397528,15417143971,16-Sep-22,140689
HDFC,EQ,2409,2449.8,2392.75,2441.4,2442,2404.1,2990194,7292748069,19-Sep-22,95037
HDFC,EQ,2462.1,2493.95,2452,2486.25,2482,2441.4,3195080,7923956213,20-Sep-22,107461
HDFC,EQ,2470,2486.4,2440,2459.85,2461,2486.25,1864812,4587816801,21-Sep-22,120142
HDFC,EQ,2430,2440.2,2408.55,2416.65,2415.1,2459.85,3577005,8660416815,22-Sep-22,93391
HDFC,EQ,2389.25,2400.9,2340.9,2353.25,2353.9,2416.65,4075380,9607738022,23-Sep-22,175207
HDFC,EQ,2320.9,2341.6,2305,2309.65,2315,2353.25,2679719,6213249343,26-Sep-22,132498
HDFC,EQ,2311,2323.9,2281,2289.15,2293.3,2309.65,3437158,7920583464,27-Sep-22,121508
HDFC,EQ,2272,2278.1,2237.25,2244.05,2238,2289.15,2809685,6338386708,28-Sep-22,154761
HDFC,EQ,2260.5,2273.45,2231,2237.5,2238,2244.05,2787261,6270269847,29-Sep-22,191223
HDFC,EQ,2223.25,2317.85,2202.7,2287.75,2288.6,2237.5,4652604,10567028175,30-Sep-22,171262
HDFC,BL,2287.75,2287.75,2287.75,2287.75,2287.75,2355.2,2195167,5021993304,03-Oct-22,1
HDFC,EQ,2278,2289,2258.05,2283.05,2279.05,2287.75,2499307,5692876552,03-Oct-22,95995
HDFC,EQ,2328.7,2353.9,2315.25,2349.45,2350.9,2283.05,2356681,5525637893,04-Oct-22,114918
HDFC,EQ,2350,2358.8,2310,2316.1,2313,2349.45,3642541,8515676452,06-Oct-22,132178
HDFC,EQ,2302,2333.5,2301,2326.9,2324,2316.1,1942133,4502760518,07-Oct-22,73691
HDFC,EQ,2295,2316.4,2264.55,2298.5,2301.15,2326.9,1774667,4064365790,10-Oct-22,85211
HDFC,BL,2298.5,2298.5,2298.5,2298.5,2298.5,2287.75,2193871,5042612494,11-Oct-22,1
HDFC,EQ,2283.25,2305.1,2267.5,2271.25,2272,2298.5,2703737,6184366299,11-Oct-22,132344
HDFC,EQ,2275.2,2309.45,2271,2301.75,2307,2271.25,2115703,4856428441,12-Oct-22,100978
HDFC,EQ,2279,2295.85,2271,2283.25,2279.75,2301.75,3528425,8051476174,13-Oct-22,99362
HDFC,EQ,2305,2359,2305,2343.5,2349.8,2283.25,3867131,9048018949,14-Oct-22,103936
HDFC,EQ,2332,2367,2322.5,2349.25,2352.5,2343.5,3513903,8247323675,17-Oct-22,125122
HDFC,EQ,2355.5,2366.7,2322.05,2331.65,2334.85,2349.25,5434016,12709175663,18-Oct-22,155687
HDFC,EQ,2376.6,2415.95,2368.6,2381.8,2377,2331.65,4465058,10682687279,19-Oct-22,189883
HDFC,EQ,2351.6,2374.9,2347.1,2369.2,2371.4,2381.8,2393612,5657193719,20-Oct-22,84555
HDFC,EQ,2378.8,2378.8,2342,2349.9,2357,2369.2,3242255,7652865623,21-Oct-22,79965
HDFC,EQ,2387.35,2400,2387.35,2393,2392.2,2349.9,327385,784015442.8,24-Oct-22,15219
HDFC,BL,2393,2393,2393,2393,2393,2298.5,1427671,3416416703,25-Oct-22,1
HDFC,EQ,2385.1,2401,2352.75,2356.7,2353.25,2393,3731718,8859945940,25-Oct-22,118520
HDFC,EQ,2394,2404.3,2363,2383.3,2386,2356.7,3857960,9188286701,27-Oct-22,132802
HDFC,EQ,2383.7,2420.25,2379.3,2400.45,2400,2383.3,3234497,7769575583,28-Oct-22,140217
HDFC,EQ,2418,2475,2412.55,2469.8,2470,2400.45,3168194,7757742487,31-Oct-22,173863
HDFC,EQ,2480,2518,2474.95,2506.2,2509.3,2469.8,2913438,7300942592,01-Nov-22,162384
HDFC,EQ,2498.15,2523.2,2493.45,2508,2509.8,2506.2,2438809,6122845990,02-Nov-22,108636
HDFC,EQ,2478.6,2514,2476.75,2489.4,2479,2508,2582845,6440286038,03-Nov-22,96706
HDFC,EQ,2480,2512,2469.2,2486.65,2487.45,2489.4,1887494,4692888100,04-Nov-22,82145
HDFC,EQ,2500,2510,2471,2507.4,2510,2486.65,2656747,6633480933,07-Nov-22,90173
HDFC,EQ,2496.1,2514.2,2495.45,2503.5,2503,2507.4,2907326,7276366417,09-Nov-22,87304
HDFC,EQ,2480.2,2508.4,2467.8,2504.1,2506,2503.5,2403520,5982957182,10-Nov-22,108067
HDFC,EQ,2526,2688,2523.05,2651.7,2647.25,2504.1,9663942,25352426384,11-Nov-22,326969
HDFC,EQ,2665,2688,2638,2661.55,2659,2651.7,3589891,9557424098,14-Nov-22,148679
HDFC,EQ,2665.5,2682,2639.05,2675.5,2672.1,2661.55,2104269,5604266493,15-Nov-22,121059
HDFC,EQ,2650,2714.3,2650,2697.2,2700,2675.5,3723194,9997632639,16-Nov-22,102976
HDFC,EQ,2679,2705,2651.5,2659.25,2660.45,2697.2,2590306,6936242356,17-Nov-22,82639
HDFC,EQ,2664,2671.65,2643.05,2667.05,2663,2659.25,2336913,6205548432,18-Nov-22,100675
HDFC,EQ,2648,2654.9,2613.8,2618.9,2621.95,2667.05,2763479,7253842114,21-Nov-22,109731
HDFC,EQ,2619,2634.9,2608.1,2625.35,2630,2618.9,1961553,5142756698,22-Nov-22,109389
HDFC,EQ,2644,2651,2624,2637.45,2635,2625.35,2025693,5338568562,23-Nov-22,116205
HDFC,EQ,2650,2700,2642,2689.05,2697,2637.45,2179610,5820948189,24-Nov-22,86397
HDFC,EQ,2697.9,2697.9,2664.1,2681.35,2677.2,2689.05,1810808,4850978138,25-Nov-22,80035
HDFC,EQ,2650,2672,2635.9,2658.7,2658.5,2681.35,2152483,5710704754,28-Nov-22,70598
HDFC,EQ,2658,2681.5,2645.55,2665.25,2662,2658.7,2624497,7000136894,29-Nov-22,136328
HDFC,EQ,2675,2700,2666.35,2692.55,2694,2665.25,5491305,14750740640,30-Nov-22,100501
HDFC,EQ,2714.95,2728.15,2688.6,2700.95,2695.5,2692.55,3011653,8142424920,01-Dec-22,102123
HDFC,EQ,2672,2684.95,2663,2665.3,2666,2700.95,2710648,7239220408,02-Dec-22,91852
HDFC,EQ,2659.05,2681,2636.05,2675.8,2674.15,2665.3,3267404,8689152275,05-Dec-22,107171
HDFC,EQ,2650.5,2692.55,2650.5,2684.1,2688.3,2675.8,2586817,6902601550,06-Dec-22,85362
HDFC,EQ,2677.1,2682.95,2650,2659.85,2659.85,2684.1,2465806,6563524691,07-Dec-22,96169
HDFC,EQ,2652,2674.4,2647.45,2664.8,2667,2659.85,2708472,7210554710,08-Dec-22,86758
HDFC,EQ,2672.3,2682.8,2656.65,2672.1,2670.45,2664.8,2556413,6828649802,09-Dec-22,106004
HDFC,EQ,2651.1,2702,2651.1,2685.75,2685,2672.1,3387144,9085806817,12-Dec-22,133449
HDFC,EQ,2693.8,2707,2690,2702.6,2703.8,2685.75,1582885,4273638326,13-Dec-22,60976
HDFC,EQ,2710.5,2734.9,2704.8,2729.35,2725.5,2702.6,2534258,6904007793,14-Dec-22,98194
HDFC,EQ,2725.9,2732.65,2666.9,2672.35,2673.35,2729.35,2102582,5684658948,15-Dec-22,99356
HDFC,EQ,2651.75,2678.2,2632.1,2667.45,2661.25,2672.35,3188884,8482430035,16-Dec-22,80786
HDFC,EQ,2665.6,2714,2665.15,2710.55,2710,2667.45,2218644,5980322015,19-Dec-22,77904
HDFC,EQ,2680.6,2705,2677.75,2700.3,2705,2710.55,2239771,6027230371,20-Dec-22,85037
HDFC,EQ,2704,2711.65,2643.9,2656.85,2662.2,2700.3,2043280,5460775763,21-Dec-22,87385
HDFC,EQ,2671,2671,2636.2,2644.45,2645,2656.85,2337299,6196107026,22-Dec-22,100110
HDFC,EQ,2616,2630.85,2605,2623.05,2626.95,2644.45,3137007,8212896274,23-Dec-22,140079
HDFC,EQ,2624.55,2680,2616.1,2665.1,2662,2623.05,1157742,3069365724,26-Dec-22,98249
HDFC,EQ,2672.8,2672.8,2648.25,2669.1,2667.15,2665.1,1524310,4056003523,27-Dec-22,118509
HDFC,EQ,2664,2676.55,2659.15,2671.3,2668.05,2669.1,2022368,5399202107,28-Dec-22,94628
HDFC,EQ,2655,2679.9,2632.7,2675.4,2675,2671.3,1953701,5200940769,29-Dec-22,71669
HDFC,EQ,2687.35,2688.8,2627.35,2637.6,2642,2675.4,2344289,6215597853,30-Dec-22,96219
HDFC,EQ,2626.1,2659.15,2626.1,2652.4,2655.05,2637.6,1106318,2928654109,02-Jan-23,77678
HDFC,EQ,2643.25,2672.8,2638.5,2664.7,2663.05,2652.4,2262464,6007609954,03-Jan-23,70613
HDFC,EQ,2659,2670,2615.5,2625.7,2625,2664.7,2125220,5614897040,04-Jan-23,134227
HDFC,EQ,2638,2644.3,2606.2,2621.6,2624.9,2625.7,2910551,7637082366,05-Jan-23,130753
HDFC,EQ,2627,2635,2590,2596,2597,2621.6,1813292,4730188834,06-Jan-23,171225
HDFC,EQ,2600.9,2629.95,2591.05,2615.9,2619,2596,2895579,7570871951,09-Jan-23,99535
HDFC,EQ,2612.1,2615.85,2563,2575.35,2578.05,2615.9,1990190,5131288939,10-Jan-23,165445
HDFC,EQ,2566,2605.2,2547.05,2594.85,2593,2575.35,1910362,4939269032,11-Jan-23,104086
HDFC,EQ,2595.7,2621.6,2593.1,2612.8,2613,2594.85,2723696,7105934268,12-Jan-23,156863
HDFC,EQ,2608,2631.1,2590.6,2621.65,2619.25,2612.8,3378677,8821171410,13-Jan-23,114890
HDFC,EQ,2648,2648,2585.15,2594.8,2594.85,2621.65,2756714,7195628832,16-Jan-23,128335
HDFC,EQ,2593.1,2643.9,2587.6,2640.65,2639.6,2594.8,2108385,5541234701,17-Jan-23,95454
HDFC,EQ,2640.1,2691.35,2629.45,2687.65,2686,2640.65,3867408,10343151870,18-Jan-23,166265
HDFC,EQ,2685,2700,2670.4,2691.7,2688,2687.65,2408731,6477076526,19-Jan-23,100582
HDFC,EQ,2692,2732,2691.05,2715.95,2710.5,2691.7,1910649,5196010106,20-Jan-23,109634
HDFC,EQ,2725,2750.85,2715.95,2741.9,2739.95,2715.95,1868514,5122745505,23-Jan-23,61425
HDFC,EQ,2748,2780,2737.1,2775.4,2767,2741.9,3536820,9765295946,24-Jan-23,94861
HDFC,EQ,2764,2769.95,2700.45,2710.6,2714,2775.4,2282790,6226048966,25-Jan-23,86484
HDFC,EQ,2699,2699,2615.6,2661.5,2665,2710.6,4153948,11001275793,27-Jan-23,234721
HDFC,EQ,2646.3,2661,2597.25,2648.2,2647.05,2661.5,4429082,11658379531,30-Jan-23,197283
HDFC,EQ,2650,2654.5,2605.5,2622.95,2628.85,2648.2,5721836,15038085704,31-Jan-23,248083
HDFC,EQ,2650,2729.85,2620.5,2661.7,2655,2622.95,4406327,11762201783,01-Feb-23,166751
HDFC,EQ,2622.65,2649.85,2591.3,2613.3,2614,2661.7,3773664,9864619017,02-Feb-23,192570
HDFC,EQ,2615,2698,2609.95,2694.65,2696.05,2613.3,4067801,10834956886,03-Feb-23,167965
HDFC,EQ,2692,2707.7,2671.55,2683.15,2684.4,2694.65,2364396,6352097070,06-Feb-23,151422
HDFC,EQ,2684.4,2694.9,2654,2679.2,2680.65,2683.15,2494047,6680941158,07-Feb-23,105225
HDFC,EQ,2676.35,2704,2675,2685.8,2679,2679.2,2202728,5923949864,08-Feb-23,115455
HDFC,EQ,2690,2692.45,2655,2673.25,2672.3,2685.8,2285661,6104467337,09-Feb-23,78679
