,Date,Stock ID,Weekly Predictions,Monthly Predictions,Weekly Confidence,Monthly Confidence,Actual Weekly Trend,Actual Monthly Trend,Weekly Accuracy Actual,Monthly Accuracy Actual
0,2023-07-26,852146,Down,Up,0.65,0.72,Up,Down,0.7165242165242177,0.6014150943396233
1,2023-06-02,950442,Down,Down,0.69,0.61,Up,Down,0.7165242165242177,0.6014150943396233
2,2023-06-01,962209,Up,Down,0.75,0.66,Up,Down,0.7165242165242177,0.6014150943396233
3,2023-07-19,416310,Down,Down,0.78,0.7,Down,Up,0.7165242165242177,0.6014150943396233
4,2023-05-15,619599,Up,Down,0.58,0.52,Down,Up,0.7165242165242177,0.6014150943396233
5,2023-07-20,1002747,Up,Up,0.65,0.55,Down,Up,0.7165242165242177,0.6014150943396233
6,2023-04-25,1003523,Down,Down,0.78,0.71,Up,Down,0.7165242165242177,0.6014150943396233
7,2023-07-26,730070,Down,Down,0.73,0.83,Down,Up,0.7165242165242177,0.6014150943396233
8,2023-07-06,517351,Down,Up,0.66,0.86,Up,Down,0.7165242165242177,0.6014150943396233
9,2023-04-19,952728,Down,Up,0.84,0.77,Up,Down,0.7165242165242177,0.6014150943396233
10,2023-05-10,186692,Up,Up,0.78,0.69,Down,Down,0.7165242165242177,0.6014150943396233
11,2023-05-17,941844,Down,Up,0.91,0.77,Up,Up,0.7165242165242177,0.6014150943396233
12,2023-07-26,1002678,Down,Down,0.61,0.66,Up,Flat,0.7165242165242177,0.6014150943396233
13,2023-05-26,685316,Up,Down,0.71,0.62,Up,Up,0.7165242165242177,0.6014150943396233
14,2023-05-12,1003579,Down,Down,0.75,0.81,Down,Up,0.7165242165242177,0.6014150943396233
15,2023-07-26,663124,Down,Down,0.78,0.74,Up,Down,0.7165242165242177,0.6014150943396233
16,2023-06-16,335682,Down,Up,0.65,0.5,Down,Up,0.7165242165242177,0.6014150943396233
17,2023-05-22,734514,Down,Down,0.78,0.7,Down,Up,0.7165242165242177,0.6014150943396233
18,2023-04-12,291436,Up,Up,0.86,0.63,Up,Up,0.7165242165242177,0.6014150943396233
19,2023-04-21,970940,Up,Up,0.77,0.75,Up,Down,0.7165242165242177,0.6014150943396233
20,2023-06-15,910554,Down,Down,0.81,0.77,Up,Up,0.7165242165242177,0.6014150943396233
21,2023-02-13,733141,Up,Up,0.75,0.83,Down,Up,0.7165242165242177,0.6014150943396233
22,2023-06-30,844461,Up,Up,0.78,0.72,Down,Up,0.7165242165242177,0.6014150943396233
23,2023-04-18,1003492,Up,Down,0.74,0.67,Up,Down,0.7165242165242177,0.6014150943396233
24,2023-05-25,1000863,Down,Down,0.8,0.62,Up,Down,0.7165242165242177,0.6014150943396233
25,2023-04-21,346313,Down,Down,0.81,0.72,Down,Up,0.7165242165242177,0.6014150943396233
26,2023-06-09,872482,Up,Up,0.66,0.77,Up,Down,0.7165242165242177,0.6014150943396233
27,2023-07-26,1002630,Up,Down,0.65,0.51,Down,Up,0.7165242165242177,0.6014150943396233
28,2023-07-05,956244,Up,Up,0.81,0.73,Down,Up,0.7165242165242177,0.6014150943396233
29,2023-07-17,1002842,Down,Down,0.75,0.67,Down,Up,0.7165242165242177,0.6014150943396233
30,2023-06-22,518334,Up,Down,0.71,0.62,Down,Down,0.7165242165242177,0.6014150943396233
31,2023-07-26,1003585,Down,Down,0.54,0.62,Up,Up,0.7165242165242177,0.6014150943396233
32,2023-06-09,787025,Down,Up,0.81,0.63,Up,Down,0.7165242165242177,0.6014150943396233
33,2023-06-08,489805,Up,Down,0.72,0.58,Up,Down,0.7165242165242177,0.6014150943396233
34,2023-07-06,734522,Up,Up,0.84,0.74,Down,Down,0.7165242165242177,0.6014150943396233
35,2023-07-26,817865,Down,Down,0.47,0.5,Up,Down,0.7165242165242177,0.6014150943396233
36,2023-04-21,1003567,Down,Up,0.75,0.68,Up,Down,0.7165242165242177,0.6014150943396233
37,2023-04-27,342114,Down,Down,0.78,0.62,Up,Down,0.7165242165242177,0.6014150943396233
38,2023-03-24,1003495,Down,Up,0.73,0.56,Down,Down,0.7165242165242177,0.6014150943396233
39,2023-06-06,968623,Down,Up,0.78,0.62,Down,Up,0.7165242165242177,0.6014150943396233
40,2023-06-19,881291,Down,Down,0.71,0.53,Up,Down,0.7165242165242177,0.6014150943396233
41,2023-04-21,343371,Down,Down,0.86,0.77,Down,Up,0.7165242165242177,0.6014150943396233
42,2023-03-02,1003539,Down,Down,0.78,0.69,Up,Down,0.7165242165242177,0.6014150943396233
43,2023-06-20,275888,Down,Down,0.77,0.7,Up,Down,0.7165242165242177,0.6014150943396233
44,2023-03-24,1003577,Down,Down,0.85,0.65,Up,Down,0.7165242165242177,0.6014150943396233
45,2023-07-21,511273,Up,Down,0.74,0.72,Down,Down,0.7165242165242177,0.6014150943396233
46,2023-07-25,304521,Down,Down,0.74,0.7,Up,Down,0.7165242165242177,0.6014150943396233
47,2023-05-03,348058,Down,Down,0.85,0.85,Down,Down,0.7165242165242177,0.6014150943396233
48,2023-07-21,239052,Up,Up,0.57,0.52,Down,Up,0.7165242165242177,0.6014150943396233
49,2023-07-26,732927,Down,Up,0.66,0.58,Up,Up,0.7165242165242177,0.6014150943396233
50,2023-06-26,299760,Up,Down,0.76,0.71,Down,Up,0.7165242165242177,0.6014150943396233
51,2023-05-31,345147,Down,Up,0.72,0.75,Up,Up,0.7165242165242177,0.6014150943396233
52,2023-06-07,964509,Down,Down,0.82,0.84,Down,Down,0.7165242165242177,0.6014150943396233
53,2023-05-15,836794,Down,Down,0.85,0.6,Down,Up,0.7165242165242177,0.6014150943396233
54,2023-07-07,807829,Down,Up,0.62,0.58,Down,Up,0.7165242165242177,0.6014150943396233
55,2023-07-26,724998,Down,Down,0.61,0.74,Up,Up,0.7165242165242177,0.6014150943396233
56,2023-07-26,1003057,Down,Up,0.67,0.7,Up,Down,0.7165242165242177,0.6014150943396233
57,2023-04-24,545305,Up,Up,0.79,0.75,Down,Up,0.7165242165242177,0.6014150943396233
58,2023-05-31,179255,Up,Up,0.79,0.78,Up,Up,0.7165242165242177,0.6014150943396233
59,2023-06-30,546852,Down,Down,0.91,0.79,Up,Down,0.7165242165242177,0.6014150943396233
60,2023-05-19,375519,Up,Down,0.8,0.73,Up,Down,0.7165242165242177,0.6014150943396233
61,2023-06-01,274240,Down,Down,0.81,0.7,Down,Up,0.7165242165242177,0.6014150943396233
62,2023-03-08,156509,Down,Down,0.79,0.74,Up,Down,0.7165242165242177,0.6014150943396233
63,2023-06-19,169739,Down,Down,0.72,0.65,Down,Down,0.7165242165242177,0.6014150943396233
64,2023-05-26,1003541,Up,Up,0.63,0.44,Flat,Flat,0.7165242165242177,0.6014150943396233
65,2023-07-26,250971,Down,Down,0.74,0.72,Up,Up,0.7165242165242177,0.6014150943396233
66,2023-07-26,917970,Down,Up,0.54,0.55,Up,Down,0.7165242165242177,0.6014150943396233
67,2023-06-28,417663,Up,Up,0.75,0.67,Down,Up,0.7165242165242177,0.6014150943396233
68,2023-05-08,446711,Up,Up,0.76,0.71,Up,Down,0.7165242165242177,0.6014150943396233
69,2023-04-12,121464,Down,Down,0.82,0.67,Up,Down,0.7165242165242177,0.6014150943396233
70,2023-06-15,1000007,Up,Up,0.74,0.59,Down,Down,0.7165242165242177,0.6014150943396233
71,2023-03-21,1003560,Down,Down,0.62,0.63,Up,Up,0.7165242165242177,0.6014150943396233
72,2023-05-22,318534,Down,Up,0.67,0.78,Up,Down,0.7165242165242177,0.6014150943396233
73,2023-07-06,830776,Up,Up,0.7,0.69,Down,Up,0.7165242165242177,0.6014150943396233
74,2023-05-02,1003127,Up,Up,0.78,0.78,Down,Up,0.7165242165242177,0.6014150943396233
75,2023-05-05,1002728,Down,Up,0.82,0.6,Down,Down,0.7165242165242177,0.6014150943396233
76,2023-03-29,1003583,Up,Up,0.93,0.88,Up,Down,0.7165242165242177,0.6014150943396233
77,2023-07-26,1000775,Up,Down,0.7,0.67,Up,Up,0.7165242165242177,0.6014150943396233
78,2023-05-22,317368,Up,Up,0.79,0.74,Down,Down,0.7165242165242177,0.6014150943396233
79,2023-07-24,1002685,Down,Down,0.7,0.64,Up,Down,0.7165242165242177,0.6014150943396233
80,2023-07-26,431611,Up,Down,0.61,0.66,Down,Up,0.7165242165242177,0.6014150943396233
81,2023-06-26,857134,Down,Down,0.87,0.68,Up,Up,0.7165242165242177,0.6014150943396233
82,2023-05-03,226565,Down,Down,0.85,0.75,Down,Down,0.7165242165242177,0.6014150943396233
83,2023-07-26,928160,Down,Down,0.71,0.61,Down,Up,0.7165242165242177,0.6014150943396233
84,2023-07-17,687677,Down,Down,0.7,0.7,Down,Up,0.7165242165242177,0.6014150943396233
85,2023-04-21,1002586,Down,Down,0.72,0.67,Up,Up,0.7165242165242177,0.6014150943396233
86,2023-06-20,854942,Up,Up,0.83,0.73,Down,Down,0.7165242165242177,0.6014150943396233
87,2023-07-21,1003511,Up,Up,0.64,0.6,Down,Down,0.7165242165242177,0.6014150943396233
88,2023-05-02,997012,Up,Up,0.85,0.84,Up,Up,0.7165242165242177,0.6014150943396233
89,2023-02-27,807717,Up,Up,0.81,0.62,Up,Down,0.7165242165242177,0.6014150943396233
90,2023-06-05,601817,Up,Down,0.75,0.72,Up,Up,0.7165242165242177,0.6014150943396233
91,2023-07-26,467166,Up,Up,0.58,0.57,Down,Up,0.7165242165242177,0.6014150943396233
92,2023-07-26,907439,Down,Down,0.7,0.66,Down,Down,0.7165242165242177,0.6014150943396233
93,2023-02-21,235849,Up,Down,0.84,0.81,Down,Up,0.7165242165242177,0.6014150943396233
94,2023-07-06,639744,Up,Up,0.72,0.6,Down,Up,0.7165242165242177,0.6014150943396233
95,2023-06-06,836326,Up,Up,0.85,0.76,Up,Down,0.7165242165242177,0.6014150943396233
96,2023-07-26,455546,Down,Down,0.63,0.72,Down,Down,0.7165242165242177,0.6014150943396233
97,2023-05-12,721289,Up,Down,0.89,0.82,Down,Up,0.7165242165242177,0.6014150943396233
98,2023-07-11,453925,Down,Down,0.84,0.68,Down,Down,0.7165242165242177,0.6014150943396233
99,2023-05-08,396911,Up,Up,0.81,0.8,Up,Up,0.7165242165242177,0.6014150943396233
100,2023-07-26,932267,Up,Down,0.62,0.62,Down,Up,0.7165242165242177,0.6014150943396233
101,2023-07-26,424378,Up,Up,0.56,0.51,Up,Down,0.7165242165242177,0.6014150943396233
102,2023-07-24,1003490,Up,Down,0.63,0.58,Up,Down,0.7165242165242177,0.6014150943396233
103,2023-07-26,177956,Up,Up,0.71,0.66,Up,Down,0.7165242165242177,0.6014150943396233
104,2023-05-08,621353,Up,Down,0.82,0.68,Up,Up,0.7165242165242177,0.6014150943396233
105,2023-07-17,498418,Up,Down,0.75,0.57,Up,Down,0.7165242165242177,0.6014150943396233
106,2023-04-27,303615,Down,Up,0.83,0.83,Up,Down,0.7165242165242177,0.6014150943396233
107,2023-07-26,490789,Up,Down,0.55,0.59,Up,Down,0.7165242165242177,0.6014150943396233
108,2023-06-07,582879,Down,Up,0.81,0.76,Down,Down,0.7165242165242177,0.6014150943396233
109,2023-07-26,176863,Down,Up,0.67,0.64,Down,Up,0.7165242165242177,0.6014150943396233
110,2023-05-12,156274,Down,Up,0.86,0.78,Down,Down,0.7165242165242177,0.6014150943396233
111,2023-05-11,1000916,Up,Up,0.59,0.64,Up,Up,0.7165242165242177,0.6014150943396233
112,2023-06-07,170791,Down,Up,0.7,0.72,Up,Down,0.7165242165242177,0.6014150943396233
113,2023-06-12,1003520,Up,Up,0.67,0.65,Up,Down,0.7165242165242177,0.6014150943396233
114,2023-07-26,686667,Up,Down,0.66,0.65,Down,Up,0.7165242165242177,0.6014150943396233
115,2023-06-26,485050,Up,Up,0.85,0.73,Down,Up,0.7165242165242177,0.6014150943396233
116,2023-05-02,345424,Up,Up,0.78,0.79,Up,Down,0.7165242165242177,0.6014150943396233
117,2023-06-30,1003417,Up,Up,0.8,0.78,Up,Up,0.7165242165242177,0.6014150943396233
118,2023-02-23,397159,Down,Down,0.75,0.74,Up,Up,0.7165242165242177,0.6014150943396233
119,2023-06-26,655900,Down,Down,0.67,0.6,Up,Down,0.7165242165242177,0.6014150943396233
120,2023-07-11,713730,Up,Up,0.72,0.75,Up,Up,0.7165242165242177,0.6014150943396233
121,2023-04-17,1003587,Down,Down,0.72,0.72,Down,Up,0.7165242165242177,0.6014150943396233
122,2023-06-26,226688,Up,Up,0.7,0.61,Up,Down,0.7165242165242177,0.6014150943396233
123,2023-05-30,778907,Down,Down,0.74,0.63,Up,Down,0.7165242165242177,0.6014150943396233
124,2023-07-26,758477,Down,Down,0.7,0.69,Down,Up,0.7165242165242177,0.6014150943396233
125,2023-06-16,1003505,Down,Up,0.74,0.86,Down,Up,0.7165242165242177,0.6014150943396233
126,2023-07-26,745947,Up,Up,0.47,0.47,Down,Down,0.7165242165242177,0.6014150943396233
127,2023-07-21,898158,Up,Up,0.7,0.67,Up,Down,0.7165242165242177,0.6014150943396233
128,2023-05-19,301579,Up,Up,0.8,0.7,Up,Down,0.7165242165242177,0.6014150943396233
129,2023-05-24,1002774,Down,Up,0.82,0.78,Down,Down,0.7165242165242177,0.6014150943396233
130,2023-04-19,501629,Down,Up,0.76,0.66,Up,Up,0.7165242165242177,0.6014150943396233
131,2023-05-11,667248,Down,Down,0.78,0.74,Up,Down,0.7165242165242177,0.6014150943396233
132,2023-05-24,572153,Up,Down,0.83,0.82,Up,Down,0.7165242165242177,0.6014150943396233
133,2023-06-01,916288,Up,Up,0.89,0.85,Up,Down,0.7165242165242177,0.6014150943396233
134,2023-07-06,626838,Up,Up,0.81,0.6,Down,Down,0.7165242165242177,0.6014150943396233
135,2023-07-26,477933,Down,Up,0.7,0.66,Up,Down,0.7165242165242177,0.6014150943396233
136,2023-07-21,789133,Down,Down,0.64,0.6,Down,Down,0.7165242165242177,0.6014150943396233
137,2023-07-26,936284,Up,Up,0.58,0.58,Up,Up,0.7165242165242177,0.6014150943396233
138,2023-05-03,822285,Up,Up,0.79,0.63,Down,Down,0.7165242165242177,0.6014150943396233
139,2023-05-16,521748,Down,Up,0.84,0.82,Up,Down,0.7165242165242177,0.6014150943396233
140,2023-07-18,1003422,Down,Up,0.69,0.76,Up,Up,0.7165242165242177,0.6014150943396233
141,2023-05-05,191974,Down,Up,0.79,0.68,Up,Up,0.7165242165242177,0.6014150943396233
142,2023-06-26,964250,Up,Up,0.76,0.72,Down,Up,0.7165242165242177,0.6014150943396233
143,2023-07-26,1003132,Up,Up,0.62,0.54,Down,Up,0.7165242165242177,0.6014150943396233
144,2023-06-14,630265,Up,Down,0.84,0.74,Up,Down,0.7165242165242177,0.6014150943396233
145,2023-03-29,380537,Up,Up,0.83,0.73,Down,Down,0.7165242165242177,0.6014150943396233
146,2023-03-21,593089,Down,Up,0.76,0.72,Up,Down,0.7165242165242177,0.6014150943396233
147,2023-05-03,130452,Up,Up,0.77,0.69,Down,Down,0.7165242165242177,0.6014150943396233
148,2023-07-14,1002755,Down,Down,0.61,0.61,Down,Up,0.7165242165242177,0.6014150943396233
149,2023-07-21,1002923,Down,Up,0.67,0.61,Down,Up,0.7165242165242177,0.6014150943396233
150,2023-05-03,272806,Up,Down,0.8,0.66,Up,Down,0.7165242165242177,0.6014150943396233
151,2023-03-01,1003436,Down,Up,0.74,0.7,Down,Up,0.7165242165242177,0.6014150943396233
152,2023-07-25,805539,Up,Up,0.54,0.52,Up,Down,0.7165242165242177,0.6014150943396233
153,2023-07-26,963727,Down,Down,0.69,0.61,Down,Down,0.7165242165242177,0.6014150943396233
154,2023-03-22,141783,Up,Up,0.6,0.68,Down,Up,0.7165242165242177,0.6014150943396233
155,2023-07-26,958236,Down,Up,0.67,0.61,Down,Up,0.7165242165242177,0.6014150943396233
156,2023-07-26,1003477,Down,Down,0.61,0.68,Down,Up,0.7165242165242177,0.6014150943396233
157,2023-06-09,999952,Up,Up,0.78,0.7,Up,Up,0.7165242165242177,0.6014150943396233
158,2023-06-22,794998,Up,Up,0.74,0.74,Up,Up,0.7165242165242177,0.6014150943396233
159,2023-03-09,216858,Down,Down,0.89,0.85,Up,Up,0.7165242165242177,0.6014150943396233
160,2023-06-07,1002776,Up,Up,0.65,0.6,Up,Up,0.7165242165242177,0.6014150943396233
161,2023-04-24,257504,Down,Down,0.77,0.68,Up,Down,0.7165242165242177,0.6014150943396233
162,2023-07-26,459218,Up,Up,0.7,0.64,Up,Down,0.7165242165242177,0.6014150943396233
163,2023-07-12,1003455,Up,Up,0.55,0.53,Up,Down,0.7165242165242177,0.6014150943396233
164,2023-06-05,843438,Down,Down,0.75,0.68,Down,Up,0.7165242165242177,0.6014150943396233
165,2023-06-15,448344,Down,Down,0.78,0.76,Up,Up,0.7165242165242177,0.6014150943396233
166,2023-07-26,585335,Down,Down,0.69,0.71,Up,Up,0.7165242165242177,0.6014150943396233
167,2023-05-12,675281,Down,Down,0.65,0.63,Down,Up,0.7165242165242177,0.6014150943396233
168,2023-05-31,255999,Up,Down,0.7,0.74,Down,Up,0.7165242165242177,0.6014150943396233
169,2023-05-31,163401,Up,Up,0.83,0.72,Down,Up,0.7165242165242177,0.6014150943396233
170,2023-05-23,462367,Down,Up,0.86,0.7,Up,Down,0.7165242165242177,0.6014150943396233
171,2023-05-12,180260,Down,Down,0.53,0.71,Down,Up,0.7165242165242177,0.6014150943396233
172,2023-07-26,244442,Down,Up,0.77,0.66,Down,Down,0.7165242165242177,0.6014150943396233
173,2023-07-18,999935,Up,Up,0.77,0.65,Down,Down,0.7165242165242177,0.6014150943396233
174,2023-07-26,729412,Down,Down,0.64,0.62,Flat,Up,0.7165242165242177,0.6014150943396233
175,2023-07-26,579151,Down,Down,0.58,0.6,Up,Down,0.7165242165242177,0.6014150943396233
176,2023-07-26,447484,Down,Down,0.58,0.7,Down,Up,0.7165242165242177,0.6014150943396233
177,2023-06-26,883606,Up,Up,0.77,0.77,Up,Down,0.7165242165242177,0.6014150943396233
178,2023-05-25,110452,Flat,Flat,0.0,0.0,Down,Down,0.7165242165242177,0.6014150943396233
179,2023-02-07,518262,Down,Up,0.77,0.76,Down,Down,0.7165242165242177,0.6014150943396233
180,2023-07-26,857299,Down,Up,0.59,0.66,Up,Down,0.7165242165242177,0.6014150943396233
181,2023-05-24,569237,Down,Down,0.81,0.66,Down,Down,0.7165242165242177,0.6014150943396233
182,2023-07-26,829378,Down,Up,0.68,0.7,Down,Up,0.7165242165242177,0.6014150943396233
183,2023-06-16,346859,Up,Up,0.83,0.82,Up,Up,0.7165242165242177,0.6014150943396233
184,2023-04-20,274022,Up,Up,0.74,0.61,Up,Down,0.7165242165242177,0.6014150943396233
185,2023-07-26,889147,Up,Down,0.63,0.58,Down,Down,0.7165242165242177,0.6014150943396233
186,2023-04-05,999987,Down,Up,0.87,0.65,Down,Up,0.7165242165242177,0.6014150943396233
187,2023-07-26,1002905,Up,Up,0.63,0.59,Down,Down,0.7165242165242177,0.6014150943396233
188,2023-07-12,474387,Up,Down,0.64,0.66,Down,Down,0.7165242165242177,0.6014150943396233
189,2023-07-05,275976,Up,Down,0.78,0.67,Down,Up,0.7165242165242177,0.6014150943396233
190,2023-06-02,1003108,Up,Up,0.84,0.83,Down,Up,0.7165242165242177,0.6014150943396233
191,2023-07-26,785617,Up,Up,0.7,0.62,Up,Down,0.7165242165242177,0.6014150943396233
192,2023-04-18,1002835,Down,Up,0.81,0.75,Up,Down,0.7165242165242177,0.6014150943396233
193,2023-06-08,613539,Down,Up,0.72,0.74,Up,Up,0.7165242165242177,0.6014150943396233
194,2023-06-19,433635,Up,Up,0.74,0.72,Down,Down,0.7165242165242177,0.6014150943396233
195,2023-07-26,601113,Down,Up,0.58,0.6,Up,Down,0.7165242165242177,0.6014150943396233
196,2023-06-14,665690,Down,Down,0.78,0.68,Up,Down,0.7165242165242177,0.6014150943396233
197,2023-06-02,1003161,Up,Down,0.63,0.49,Up,Down,0.7165242165242177,0.6014150943396233
198,2023-07-20,1003443,Down,Down,0.6,0.55,Up,Up,0.7165242165242177,0.6014150943396233
199,2023-03-09,383151,Down,Up,0.85,0.92,Up,Down,0.7165242165242177,0.6014150943396233
200,2023-06-06,979469,Up,Up,0.73,0.74,Down,Up,0.7165242165242177,0.6014150943396233
201,2023-05-30,956522,Up,Down,0.79,0.66,Down,Up,0.7165242165242177,0.6014150943396233
202,2023-07-06,1003513,Down,Down,0.78,0.75,Up,Down,0.7165242165242177,0.6014150943396233
203,2023-07-26,726784,Up,Down,0.58,0.55,Down,Up,0.7165242165242177,0.6014150943396233
204,2023-07-26,681461,Up,Up,0.64,0.54,Up,Down,0.7165242165242177,0.6014150943396233
205,2023-07-24,494256,Up,Down,0.65,0.56,Up,Down,0.7165242165242177,0.6014150943396233
206,2023-03-16,112501,Down,Up,0.77,0.74,Up,Up,0.7165242165242177,0.6014150943396233
207,2023-06-08,234939,Up,Down,0.74,0.83,Down,Up,0.7165242165242177,0.6014150943396233
208,2023-05-31,313810,Down,Down,0.76,0.79,Down,Up,0.7165242165242177,0.6014150943396233
209,2023-06-20,248455,Up,Down,0.77,0.66,Up,Up,0.7165242165242177,0.6014150943396233
210,2023-06-21,670300,Up,Down,0.85,0.77,Down,Up,0.7165242165242177,0.6014150943396233
211,2023-07-26,972470,Down,Up,0.63,0.67,Up,Down,0.7165242165242177,0.6014150943396233
212,2023-06-01,1003412,Down,Up,0.78,0.63,Up,Up,0.7165242165242177,0.6014150943396233
213,2023-05-18,641789,Down,Down,0.77,0.78,Up,Down,0.7165242165242177,0.6014150943396233
214,2023-06-13,197397,Down,Down,0.76,0.65,Up,Up,0.7165242165242177,0.6014150943396233
215,2023-07-21,211122,Up,Down,0.79,0.74,Up,Up,0.7165242165242177,0.6014150943396233
216,2023-07-26,344647,Up,Up,0.58,0.62,Down,Up,0.7165242165242177,0.6014150943396233
217,2023-06-14,478299,Up,Up,0.8,0.7,Up,Up,0.7165242165242177,0.6014150943396233
218,2023-05-04,1003465,Down,Down,0.93,0.68,Down,Up,0.7165242165242177,0.6014150943396233
219,2023-06-13,1003615,Down,Up,0.67,0.7,Up,Up,0.7165242165242177,0.6014150943396233
220,2023-07-26,485202,Up,Down,0.69,0.73,Down,Up,0.7165242165242177,0.6014150943396233
221,2023-07-26,1003458,Down,Up,0.75,0.79,Up,Up,0.7165242165242177,0.6014150943396233
222,2023-05-17,1002772,Up,Down,0.8,0.69,Down,Up,0.7165242165242177,0.6014150943396233
223,2023-06-28,892537,Up,Up,0.78,0.62,Up,Up,0.7165242165242177,0.6014150943396233
224,2023-03-01,512481,Down,Up,0.86,0.84,Up,Down,0.7165242165242177,0.6014150943396233
225,2023-07-26,855070,Up,Up,0.62,0.57,Up,Up,0.7165242165242177,0.6014150943396233
226,2023-07-17,348479,Up,Down,0.68,0.71,Down,Up,0.7165242165242177,0.6014150943396233
227,2023-05-12,824055,Up,Up,0.79,0.67,Up,Up,0.7165242165242177,0.6014150943396233
228,2023-04-27,469937,Up,Up,0.76,0.85,Down,Down,0.7165242165242177,0.6014150943396233
229,2023-07-24,355638,Up,Up,0.66,0.66,Down,Down,0.7165242165242177,0.6014150943396233
230,2023-07-26,934380,Down,Up,0.6,0.58,Up,Down,0.7165242165242177,0.6014150943396233
231,2023-05-22,124359,Up,Down,0.68,0.74,Up,Up,0.7165242165242177,0.6014150943396233
232,2023-07-26,1003509,Down,Down,0.61,0.51,Down,Up,0.7165242165242177,0.6014150943396233
233,2023-03-22,1000660,Up,Down,0.89,0.73,Up,Up,0.7165242165242177,0.6014150943396233
234,2023-06-23,739743,Up,Up,0.76,0.76,Up,Down,0.7165242165242177,0.6014150943396233
235,2023-05-25,1003524,Down,Down,0.82,0.76,Down,Down,0.7165242165242177,0.6014150943396233
236,2023-07-26,919204,Up,Up,0.76,0.62,Down,Down,0.7165242165242177,0.6014150943396233
237,2023-04-03,224136,Down,Down,0.63,0.62,Up,Down,0.7165242165242177,0.6014150943396233
238,2023-05-19,832143,Up,Up,0.75,0.8,Down,Up,0.7165242165242177,0.6014150943396233
239,2023-07-03,1003480,Up,Up,0.79,0.65,Up,Down,0.7165242165242177,0.6014150943396233
240,2023-06-05,142849,Up,Up,0.9,0.85,Up,Up,0.7165242165242177,0.6014150943396233
241,2023-07-24,1003277,Up,Down,0.74,0.75,Down,Up,0.7165242165242177,0.6014150943396233
242,2023-07-26,591083,Up,Up,0.59,0.61,Up,Down,0.7165242165242177,0.6014150943396233
243,2023-05-02,457610,Up,Up,0.82,0.89,Down,Up,0.7165242165242177,0.6014150943396233
244,2023-07-04,535009,Up,Up,0.5,0.46,Down,Down,0.7165242165242177,0.6014150943396233
245,2023-06-16,234277,Down,Up,0.83,0.56,Down,Down,0.7165242165242177,0.6014150943396233
246,2023-04-05,597145,Up,Down,0.74,0.66,Down,Up,0.7165242165242177,0.6014150943396233
247,2023-07-26,116280,Up,Up,0.72,0.65,Up,Up,0.7165242165242177,0.6014150943396233
248,2023-06-15,306168,Up,Up,0.76,0.63,Down,Down,0.7165242165242177,0.6014150943396233
249,2023-05-26,415346,Down,Up,0.79,0.71,Up,Down,0.7165242165242177,0.6014150943396233
250,2023-05-08,405845,Down,Down,0.88,0.76,Down,Up,0.7165242165242177,0.6014150943396233
251,2023-06-28,950228,Flat,Flat,0.04,0.02,Down,Up,0.7165242165242177,0.6014150943396233
252,2023-05-03,129657,Up,Down,0.73,0.82,Down,Up,0.7165242165242177,0.6014150943396233
253,2023-05-18,477559,Down,Down,0.64,0.52,Down,Down,0.7165242165242177,0.6014150943396233
254,2023-07-26,329828,Down,Down,0.7,0.7,Down,Up,0.7165242165242177,0.6014150943396233
255,2023-06-19,1000454,Down,Down,0.75,0.74,Down,Down,0.7165242165242177,0.6014150943396233
256,2023-03-20,415234,Down,Up,0.74,0.74,Up,Up,0.7165242165242177,0.6014150943396233
257,2023-06-28,215539,Down,Down,0.64,0.64,Up,Up,0.7165242165242177,0.6014150943396233
258,2023-06-21,546345,Down,Down,0.78,0.77,Down,Up,0.7165242165242177,0.6014150943396233
259,2023-05-29,633228,Up,Up,0.69,0.63,Up,Up,0.7165242165242177,0.6014150943396233
260,2023-05-18,1003592,Down,Up,0.72,0.65,Down,Down,0.7165242165242177,0.6014150943396233
261,2023-07-19,884118,Down,Down,0.68,0.71,Up,Down,0.7165242165242177,0.6014150943396233
262,2023-06-12,580605,Down,Down,0.87,0.73,Up,Up,0.7165242165242177,0.6014150943396233
263,2023-03-23,336037,Down,Up,0.83,0.6,Up,Down,0.7165242165242177,0.6014150943396233
264,2023-07-26,493562,Up,Down,0.6,0.52,Down,Up,0.7165242165242177,0.6014150943396233
265,2023-06-27,242907,Down,Up,0.7,0.75,Down,Down,0.7165242165242177,0.6014150943396233
266,2023-07-13,646799,Down,Up,0.74,0.56,Up,Down,0.7165242165242177,0.6014150943396233
267,2023-07-21,910193,Down,Up,0.59,0.58,Down,Down,0.7165242165242177,0.6014150943396233
268,2023-06-02,336884,Down,Down,0.81,0.71,Down,Up,0.7165242165242177,0.6014150943396233
269,2023-07-13,1002775,Up,Down,0.74,0.67,Down,Down,0.7165242165242177,0.6014150943396233
270,2023-03-27,876431,Up,Down,0.71,0.64,Down,Down,0.7165242165242177,0.6014150943396233
271,2023-03-15,245716,Down,Up,0.85,0.74,Up,Down,0.7165242165242177,0.6014150943396233
272,2023-05-17,158315,Up,Up,0.81,0.63,Down,Up,0.7165242165242177,0.6014150943396233
273,2023-04-26,598465,Up,Down,0.77,0.77,Up,Down,0.7165242165242177,0.6014150943396233
274,2023-06-28,919728,Up,Up,0.78,0.6,Down,Up,0.7165242165242177,0.6014150943396233
275,2023-05-24,513245,Up,Up,0.85,0.72,Down,Down,0.7165242165242177,0.6014150943396233
276,2023-03-22,1002773,Up,Up,0.83,0.77,Down,Up,0.7165242165242177,0.6014150943396233
277,2023-07-26,517655,Up,Down,0.82,0.84,Up,Up,0.7165242165242177,0.6014150943396233
278,2023-07-26,399834,Up,Down,0.69,0.61,Down,Down,0.7165242165242177,0.6014150943396233
279,2023-07-05,774498,Down,Up,0.82,0.87,Down,Up,0.7165242165242177,0.6014150943396233
280,2023-07-07,736279,Down,Down,0.69,0.64,Up,Up,0.7165242165242177,0.6014150943396233
281,2023-05-19,711837,Down,Down,0.84,0.86,Up,Down,0.7165242165242177,0.6014150943396233
282,2023-07-26,970356,Up,Down,0.6,0.6,Up,Down,0.7165242165242177,0.6014150943396233
283,2023-03-16,694642,Down,Down,0.81,0.77,Up,Down,0.7165242165242177,0.6014150943396233
284,2023-07-04,338998,Down,Up,0.75,0.64,Up,Down,0.7165242165242177,0.6014150943396233
285,2023-06-01,394105,Up,Up,0.76,0.68,Up,Down,0.7165242165242177,0.6014150943396233
286,2023-07-26,880342,Down,Down,0.73,0.69,Up,Down,0.7165242165242177,0.6014150943396233
287,2023-04-11,1002997,Up,Down,0.84,0.73,Up,Up,0.7165242165242177,0.6014150943396233
288,2023-04-24,605836,Down,Up,0.87,0.73,Up,Down,0.7165242165242177,0.6014150943396233
289,2023-05-19,1002975,Up,Up,0.87,0.82,Down,Up,0.7165242165242177,0.6014150943396233
290,2023-05-19,940678,Down,Down,0.85,0.66,Up,Down,0.7165242165242177,0.6014150943396233
291,2023-07-26,826820,Down,Up,0.6,0.58,Down,Up,0.7165242165242177,0.6014150943396233
292,2023-05-29,1003387,Down,Up,0.85,0.73,Up,Up,0.7165242165242177,0.6014150943396233
293,2023-03-24,1002714,Down,Up,0.82,0.89,Up,Down,0.7165242165242177,0.6014150943396233
294,2023-04-20,1003373,Up,Up,0.79,0.69,Down,Up,0.7165242165242177,0.6014150943396233
295,2023-03-17,1002833,Down,Down,0.79,0.78,Down,Up,0.7165242165242177,0.6014150943396233
296,2023-07-26,515672,Up,Up,0.72,0.63,Down,Down,0.7165242165242177,0.6014150943396233
297,2023-07-07,1000522,Up,Up,0.74,0.64,Up,Down,0.7165242165242177,0.6014150943396233
298,2023-03-21,670822,Down,Up,0.74,0.64,Up,Down,0.7165242165242177,0.6014150943396233
299,2023-07-26,761113,Up,Down,0.72,0.77,Down,Up,0.7165242165242177,0.6014150943396233
300,2023-04-12,999929,Down,Down,0.75,0.82,Up,Up,0.7165242165242177,0.6014150943396233
301,2023-07-26,700089,Up,Down,0.76,0.77,Up,Down,0.7165242165242177,0.6014150943396233
302,2023-07-03,302744,Down,Down,0.85,0.7,Up,Down,0.7165242165242177,0.6014150943396233
303,2023-05-24,1000228,Up,Down,0.81,0.87,Up,Up,0.7165242165242177,0.6014150943396233
304,2023-05-03,470167,Up,Up,0.82,0.73,Up,Down,0.7165242165242177,0.6014150943396233
305,2023-05-08,123404,Up,Up,0.73,0.82,Up,Down,0.7165242165242177,0.6014150943396233
306,2023-05-23,215354,Up,Up,0.81,0.82,Down,Up,0.7165242165242177,0.6014150943396233
307,2023-04-21,218868,Down,Down,0.77,0.76,Up,Down,0.7165242165242177,0.6014150943396233
308,2023-06-13,294058,Up,Down,0.72,0.82,Up,Down,0.7165242165242177,0.6014150943396233
309,2023-07-13,1003363,Up,Down,0.6,0.62,Down,Up,0.7165242165242177,0.6014150943396233
310,2023-07-26,685542,Down,Down,0.67,0.79,Down,Down,0.7165242165242177,0.6014150943396233
311,2023-05-11,972964,Up,Down,0.84,0.74,Down,Down,0.7165242165242177,0.6014150943396233
312,2023-07-11,871937,Up,Down,0.77,0.67,Down,Down,0.7165242165242177,0.6014150943396233
313,2023-07-24,328753,Down,Up,0.62,0.64,Down,Up,0.7165242165242177,0.6014150943396233
314,2023-06-28,424557,Up,Up,0.68,0.63,Down,Up,0.7165242165242177,0.6014150943396233
315,2023-07-26,1002816,Up,Up,0.68,0.63,Up,Down,0.7165242165242177,0.6014150943396233
316,2023-05-15,328095,Up,Up,0.6,0.78,Down,Up,0.7165242165242177,0.6014150943396233
317,2023-04-25,267489,Up,Up,0.71,0.69,Down,Down,0.7165242165242177,0.6014150943396233
318,2023-03-29,148338,Up,Up,0.91,0.9,Up,Up,0.7165242165242177,0.6014150943396233
319,2023-05-16,680359,Down,Down,0.7,0.81,Up,Up,0.7165242165242177,0.6014150943396233
320,2023-06-05,1002588,Up,Up,0.8,0.7,Up,Down,0.7165242165242177,0.6014150943396233
321,2023-07-06,187595,Down,Up,0.66,0.68,Up,Down,0.7165242165242177,0.6014150943396233
322,2023-04-20,137053,Up,Down,0.91,0.76,Down,Up,0.7165242165242177,0.6014150943396233
323,2023-07-25,494176,Up,Up,0.67,0.61,Up,Up,0.7165242165242177,0.6014150943396233
324,2023-06-06,779011,Up,Up,0.75,0.65,Up,Down,0.7165242165242177,0.6014150943396233
325,2023-05-26,1002839,Up,Up,0.83,0.66,Up,Down,0.7165242165242177,0.6014150943396233
326,2023-06-12,657348,Down,Up,0.74,0.73,Up,Down,0.7165242165242177,0.6014150943396233
327,2023-06-16,535893,Up,Up,0.72,0.74,Up,Down,0.7165242165242177,0.6014150943396233
328,2023-07-24,485585,Up,Up,0.75,0.78,Up,Up,0.7165242165242177,0.6014150943396233
329,2023-05-17,604869,Down,Up,0.9,0.62,Up,Down,0.7165242165242177,0.6014150943396233
330,2023-07-26,202962,Down,Down,0.68,0.58,Down,Down,0.7165242165242177,0.6014150943396233
331,2023-06-23,597425,Up,Up,0.75,0.73,Down,Up,0.7165242165242177,0.6014150943396233
332,2023-07-26,1003525,Up,Down,0.62,0.56,Up,Down,0.7165242165242177,0.6014150943396233
333,2023-07-13,107657,Down,Down,0.58,0.54,Up,Down,0.7165242165242177,0.6014150943396233
334,2023-05-15,119922,Down,Up,0.82,0.72,Up,Down,0.7165242165242177,0.6014150943396233
335,2023-07-26,653435,Down,Up,0.61,0.65,Up,Down,0.7165242165242177,0.6014150943396233
336,2023-07-26,1002908,Up,Down,0.51,0.63,Down,Down,0.7165242165242177,0.6014150943396233
337,2023-05-02,549164,Up,Down,0.7,0.62,Up,Up,0.7165242165242177,0.6014150943396233
338,2023-07-04,1002662,Down,Down,0.75,0.76,Down,Up,0.7165242165242177,0.6014150943396233
339,2023-03-24,605152,Up,Down,0.74,0.76,Down,Up,0.7165242165242177,0.6014150943396233
340,2023-06-15,333626,Up,Up,0.83,0.79,Down,Up,0.7165242165242177,0.6014150943396233
341,2023-04-17,401033,Down,Up,0.69,0.89,Down,Down,0.7165242165242177,0.6014150943396233
342,2023-06-12,675291,Up,Up,0.82,0.78,Down,Up,0.7165242165242177,0.6014150943396233
343,2023-06-22,801588,Up,Down,0.79,0.7,Up,Up,0.7165242165242177,0.6014150943396233
344,2023-05-03,359296,Up,Down,0.8,0.75,Up,Down,0.7165242165242177,0.6014150943396233
345,2023-03-21,260168,Down,Up,0.82,0.78,Down,Down,0.7165242165242177,0.6014150943396233
346,2023-07-07,282594,Down,Down,0.68,0.75,Down,Up,0.7165242165242177,0.6014150943396233
347,2023-04-24,154225,Down,Down,0.73,0.8,Up,Down,0.7165242165242177,0.6014150943396233
348,2023-04-05,430474,Up,Up,0.82,0.78,Down,Down,0.7165242165242177,0.6014150943396233
349,2023-05-29,1003564,Down,Up,0.7,0.55,Up,Down,0.7165242165242177,0.6014150943396233
350,2023-04-13,608125,Down,Down,0.7,0.69,Down,Up,0.7165242165242177,0.6014150943396233
351,2023-07-26,166797,Down,Down,0.68,0.68,Up,Up,0.7165242165242177,0.6014150943396233
352,2023-07-06,1002626,Down,Up,0.8,0.76,Down,Up,0.7165242165242177,0.6014150943396233
353,2023-06-08,1003117,Up,Down,0.84,0.67,Up,Up,0.7165242165242177,0.6014150943396233
354,2023-05-12,1003091,Up,Up,0.89,0.78,Up,Up,0.7165242165242177,0.6014150943396233
355,2023-06-15,242878,Down,Down,0.69,0.67,Up,Up,0.7165242165242177,0.6014150943396233
356,2023-07-06,949886,Down,Down,0.78,0.72,Down,Down,0.7165242165242177,0.6014150943396233
357,2023-05-10,1003011,Up,Up,0.81,0.9,Up,Down,0.7165242165242177,0.6014150943396233
358,2023-07-21,778316,Up,Down,0.61,0.62,Up,Up,0.7165242165242177,0.6014150943396233
359,2023-05-15,337918,Down,Down,0.8,0.7,Up,Up,0.7165242165242177,0.6014150943396233
360,2023-07-26,936829,Down,Up,0.59,0.66,Up,Down,0.7165242165242177,0.6014150943396233
361,2023-06-23,957749,Down,Up,0.66,0.62,Up,Down,0.7165242165242177,0.6014150943396233
362,2023-07-26,999924,Up,Up,0.64,0.58,Up,Down,0.7165242165242177,0.6014150943396233
363,2023-05-02,376799,Down,Up,0.86,0.73,Up,Up,0.7165242165242177,0.6014150943396233
364,2023-05-04,947027,Up,Down,0.78,0.65,Down,Down,0.7165242165242177,0.6014150943396233
365,2023-07-26,984862,Up,Up,0.6,0.63,Down,Down,0.7165242165242177,0.6014150943396233
366,2023-07-24,941607,Down,Up,0.75,0.58,Up,Down,0.7165242165242177,0.6014150943396233
367,2023-07-18,824163,Up,Up,0.81,0.75,Down,Down,0.7165242165242177,0.6014150943396233
368,2023-07-26,556898,Up,Up,0.62,0.64,Up,Down,0.7165242165242177,0.6014150943396233
369,2023-05-22,252170,Up,Down,0.71,0.72,Up,Up,0.7165242165242177,0.6014150943396233
370,2023-05-31,491198,Down,Down,0.77,0.78,Down,Down,0.7165242165242177,0.6014150943396233
371,2023-06-09,710529,Up,Down,0.8,0.7,Up,Up,0.7165242165242177,0.6014150943396233
372,2023-03-16,363433,Up,Down,0.78,0.84,Up,Down,0.7165242165242177,0.6014150943396233
373,2023-06-01,1003568,Up,Up,0.56,0.52,Up,Up,0.7165242165242177,0.6014150943396233
374,2023-07-14,864806,Up,Down,0.72,0.64,Up,Down,0.7165242165242177,0.6014150943396233
375,2023-07-18,1002649,Up,Down,0.68,0.65,Down,Up,0.7165242165242177,0.6014150943396233
376,2023-07-26,1003459,Down,Up,0.72,0.79,Down,Down,0.7165242165242177,0.6014150943396233
377,2023-06-01,365098,Down,Down,0.84,0.77,Up,Down,0.7165242165242177,0.6014150943396233
378,2023-07-26,525933,Up,Up,0.67,0.64,Down,Up,0.7165242165242177,0.6014150943396233
379,2023-04-24,1003494,Up,Down,0.81,0.78,Down,Up,0.7165242165242177,0.6014150943396233
380,2023-03-27,1002910,Up,Up,0.9,0.84,Down,Down,0.7165242165242177,0.6014150943396233
381,2023-06-12,117351,Up,Up,0.75,0.67,Up,Up,0.7165242165242177,0.6014150943396233
382,2023-07-26,580224,Up,Up,0.7,0.63,Down,Up,0.7165242165242177,0.6014150943396233
383,2023-06-23,761462,Down,Down,0.86,0.75,Down,Up,0.7165242165242177,0.6014150943396233
384,2023-06-02,1002698,Up,Down,0.78,0.59,Down,Down,0.7165242165242177,0.6014150943396233
385,2023-06-27,1003498,Up,Up,0.73,0.68,Down,Down,0.7165242165242177,0.6014150943396233
386,2023-07-26,954456,Up,Down,0.67,0.59,Up,Down,0.7165242165242177,0.6014150943396233
387,2023-05-24,119152,Up,Down,0.87,0.75,Up,Up,0.7165242165242177,0.6014150943396233
388,2023-06-12,1003401,Down,Down,0.73,0.63,Down,Down,0.7165242165242177,0.6014150943396233
389,2023-05-10,142544,Down,Down,0.8,0.74,Up,Down,0.7165242165242177,0.6014150943396233
390,2023-04-11,304977,Down,Up,0.78,0.94,Down,Up,0.7165242165242177,0.6014150943396233
391,2023-07-26,793005,Up,Down,0.59,0.68,Up,Down,0.7165242165242177,0.6014150943396233
392,2023-07-24,1003122,Up,Up,0.55,0.54,Up,Down,0.7165242165242177,0.6014150943396233
393,2023-04-28,431628,Up,Up,0.85,0.71,Down,Up,0.7165242165242177,0.6014150943396233
394,2023-07-26,973634,Down,Down,0.53,0.63,Flat,Down,0.7165242165242177,0.6014150943396233
395,2023-05-18,250603,Down,Down,0.74,0.78,Up,Down,0.7165242165242177,0.6014150943396233
396,2023-06-19,893193,Up,Up,0.7,0.58,Down,Up,0.7165242165242177,0.6014150943396233
397,2023-05-25,134241,Down,Down,0.61,0.64,Down,Up,0.7165242165242177,0.6014150943396233
398,2023-07-10,247169,Up,Down,0.78,0.72,Down,Up,0.7165242165242177,0.6014150943396233
399,2023-07-19,950688,Down,Down,0.72,0.55,Up,Down,0.7165242165242177,0.6014150943396233
400,2023-04-03,482661,Up,Up,0.66,0.7,Down,Up,0.7165242165242177,0.6014150943396233
401,2023-07-26,217318,Up,Up,0.77,0.8,Up,Up,0.7165242165242177,0.6014150943396233
402,2023-03-20,131043,Down,Up,0.8,0.76,Down,Down,0.7165242165242177,0.6014150943396233
403,2023-04-21,1000566,Down,Down,0.72,0.72,Up,Down,0.7165242165242177,0.6014150943396233
404,2023-07-26,807696,Up,Up,0.69,0.5,Up,Up,0.7165242165242177,0.6014150943396233
405,2023-03-23,939216,Up,Down,0.82,0.74,Down,Up,0.7165242165242177,0.6014150943396233
406,2023-07-26,441024,Up,Down,0.7,0.71,Up,Up,0.7165242165242177,0.6014150943396233
407,2023-07-26,1003485,Up,Down,0.67,0.59,Up,Up,0.7165242165242177,0.6014150943396233
408,2023-06-23,350592,Up,Down,0.83,0.81,Up,Up,0.7165242165242177,0.6014150943396233
409,2023-06-20,743220,Down,Down,0.83,0.85,Down,Down,0.7165242165242177,0.6014150943396233
410,2023-07-26,616625,Down,Up,0.64,0.66,Down,Up,0.7165242165242177,0.6014150943396233
411,2023-05-23,976655,Up,Down,0.68,0.66,Up,Down,0.7165242165242177,0.6014150943396233
412,2023-05-02,132112,Up,Down,0.74,0.7,Up,Down,0.7165242165242177,0.6014150943396233
413,2023-03-28,815638,Up,Up,0.87,0.68,Up,Down,0.7165242165242177,0.6014150943396233
414,2023-06-07,658824,Down,Down,0.74,0.74,Down,Up,0.7165242165242177,0.6014150943396233
415,2023-06-27,495614,Up,Up,0.78,0.69,Down,Up,0.7165242165242177,0.6014150943396233
416,2023-06-06,767147,Down,Down,0.82,0.66,Up,Up,0.7165242165242177,0.6014150943396233
417,2023-04-20,198275,Up,Down,0.64,0.67,Up,Down,0.7165242165242177,0.6014150943396233
418,2023-06-05,1002873,Down,Down,0.87,0.53,Down,Up,0.7165242165242177,0.6014150943396233
419,2023-07-21,1003404,Up,Up,0.76,0.67,Down,Up,0.7165242165242177,0.6014150943396233
420,2023-07-26,713887,Down,Down,0.69,0.6,Up,Down,0.7165242165242177,0.6014150943396233
421,2023-05-23,1003159,Down,Down,0.65,0.7,Down,Down,0.7165242165242177,0.6014150943396233
422,2023-05-12,1002874,Up,Up,0.75,0.81,Up,Up,0.7165242165242177,0.6014150943396233
423,2023-03-31,465419,Down,Down,0.86,0.6,Down,Up,0.7165242165242177,0.6014150943396233
424,2023-06-05,530274,Down,Up,0.69,0.65,Up,Down,0.7165242165242177,0.6014150943396233
425,2023-07-14,980842,Up,Down,0.67,0.57,Down,Up,0.7165242165242177,0.6014150943396233
426,2023-06-01,337661,Down,Up,0.85,0.75,Up,Up,0.7165242165242177,0.6014150943396233
427,2023-07-07,594470,Up,Up,0.67,0.66,Up,Up,0.7165242165242177,0.6014150943396233
428,2023-07-26,331572,Up,Up,0.74,0.66,Down,Down,0.7165242165242177,0.6014150943396233
429,2023-05-19,1002821,Down,Down,0.86,0.77,Down,Down,0.7165242165242177,0.6014150943396233
430,2023-05-15,1003575,Down,Down,0.78,0.74,Down,Down,0.7165242165242177,0.6014150943396233
431,2023-07-13,825938,Up,Up,0.62,0.52,Up,Up,0.7165242165242177,0.6014150943396233
432,2023-05-29,993891,Down,Down,0.85,0.73,Down,Up,0.7165242165242177,0.6014150943396233
433,2023-06-27,802538,Up,Down,0.78,0.64,Up,Down,0.7165242165242177,0.6014150943396233
434,2023-07-26,969461,Up,Up,0.59,0.55,Up,Down,0.7165242165242177,0.6014150943396233
435,2023-06-08,157382,Down,Down,0.86,0.72,Up,Down,0.7165242165242177,0.6014150943396233
436,2023-06-28,963427,Down,Down,0.78,0.83,Up,Up,0.7165242165242177,0.6014150943396233
437,2023-03-02,475365,Down,Up,0.78,0.75,Up,Up,0.7165242165242177,0.6014150943396233
438,2023-04-11,493214,Down,Down,0.8,0.67,Up,Up,0.7165242165242177,0.6014150943396233
439,2023-07-26,604881,Up,Up,0.66,0.66,Down,Down,0.7165242165242177,0.6014150943396233
440,2023-07-26,506830,Down,Down,0.68,0.62,Up,Down,0.7165242165242177,0.6014150943396233
441,2023-07-13,1003280,Down,Up,0.66,0.61,Down,Up,0.7165242165242177,0.6014150943396233
442,2023-07-26,492294,Down,Down,0.6,0.57,Up,Down,0.7165242165242177,0.6014150943396233
443,2023-05-26,633211,Down,Down,0.79,0.68,Down,Up,0.7165242165242177,0.6014150943396233
444,2023-05-10,1003037,Up,Down,0.73,0.7,Up,Up,0.7165242165242177,0.6014150943396233
445,2023-03-14,643071,Down,Down,0.81,0.82,Down,Down,0.7165242165242177,0.6014150943396233
446,2023-07-14,1002686,Up,Up,0.73,0.64,Down,Down,0.7165242165242177,0.6014150943396233
447,2023-07-26,1003526,Down,Down,0.58,0.56,Up,Up,0.7165242165242177,0.6014150943396233
448,2023-07-26,721368,Up,Up,0.59,0.59,Down,Up,0.7165242165242177,0.6014150943396233
449,2023-03-13,685105,Up,Down,0.72,0.73,Up,Down,0.7165242165242177,0.6014150943396233
450,2023-05-12,1000667,Down,Up,0.78,0.66,Down,Up,0.7165242165242177,0.6014150943396233
451,2023-06-22,569141,Up,Up,0.85,0.69,Up,Up,0.7165242165242177,0.6014150943396233
452,2023-07-26,212597,Up,Down,0.71,0.68,Up,Up,0.7165242165242177,0.6014150943396233
453,2023-06-20,288150,Down,Down,0.66,0.62,Up,Down,0.7165242165242177,0.6014150943396233
454,2023-03-29,1003604,Down,Up,0.82,0.9,Up,Down,0.7165242165242177,0.6014150943396233
455,2023-05-08,816180,Down,Down,0.64,0.69,Down,Up,0.7165242165242177,0.6014150943396233
456,2023-02-27,333539,Up,Down,0.79,0.73,Up,Up,0.7165242165242177,0.6014150943396233
457,2023-06-28,968239,Down,Down,0.81,0.69,Up,Up,0.7165242165242177,0.6014150943396233
458,2023-04-26,127926,Down,Down,0.82,0.86,Down,Down,0.7165242165242177,0.6014150943396233
459,2023-06-19,149140,Down,Down,0.88,0.68,Down,Down,0.7165242165242177,0.6014150943396233
460,2023-04-27,1003448,Up,Up,0.77,0.56,Down,Up,0.7165242165242177,0.6014150943396233
461,2023-05-23,1003081,Up,Up,0.93,0.89,Up,Down,0.7165242165242177,0.6014150943396233
462,2023-06-06,885398,Down,Up,0.86,0.78,Up,Up,0.7165242165242177,0.6014150943396233
463,2023-05-16,426139,Down,Down,0.76,0.75,Up,Up,0.7165242165242177,0.6014150943396233
464,2023-05-29,449496,Down,Down,0.77,0.86,Down,Down,0.7165242165242177,0.6014150943396233
465,2023-07-26,671224,Down,Down,0.68,0.74,Down,Down,0.7165242165242177,0.6014150943396233
466,2023-07-26,810620,Up,Up,0.57,0.7,Down,Up,0.7165242165242177,0.6014150943396233
467,2023-06-16,259799,Up,Down,0.74,0.79,Up,Down,0.7165242165242177,0.6014150943396233
468,2023-05-04,109825,Up,Down,0.74,0.66,Down,Down,0.7165242165242177,0.6014150943396233
469,2023-05-09,1003514,Up,Down,0.81,0.54,Up,Down,0.7165242165242177,0.6014150943396233
470,2023-07-11,846471,Down,Down,0.71,0.59,Up,Down,0.7165242165242177,0.6014150943396233
471,2023-05-16,187323,Down,Down,0.78,0.7,Down,Down,0.7165242165242177,0.6014150943396233
472,2023-06-12,392774,Up,Up,0.82,0.62,Down,Down,0.7165242165242177,0.6014150943396233
473,2023-06-08,1002866,Down,Down,0.9,0.89,Down,Down,0.7165242165242177,0.6014150943396233
474,2023-02-14,209624,Up,Down,0.82,0.79,Up,Down,0.7165242165242177,0.6014150943396233
475,2023-07-13,657550,Up,Up,0.66,0.63,Down,Down,0.7165242165242177,0.6014150943396233
476,2023-05-09,616923,Up,Up,0.89,0.77,Up,Down,0.7165242165242177,0.6014150943396233
477,2023-04-27,557740,Up,Up,0.86,0.78,Up,Down,0.7165242165242177,0.6014150943396233
478,2023-05-24,1003129,Down,Down,0.82,0.75,Down,Up,0.7165242165242177,0.6014150943396233
479,2023-05-11,772343,Down,Down,0.67,0.6,Down,Down,0.7165242165242177,0.6014150943396233
480,2023-07-26,1003135,Up,Up,0.6,0.5,Up,Up,0.7165242165242177,0.6014150943396233
481,2023-07-26,1003544,Up,Up,0.66,0.72,Down,Down,0.7165242165242177,0.6014150943396233
482,2023-07-18,576299,Down,Down,0.76,0.6,Up,Down,0.7165242165242177,0.6014150943396233
483,2023-06-28,324228,Up,Up,0.82,0.84,Up,Down,0.7165242165242177,0.6014150943396233
484,2023-07-26,935758,Down,Down,0.65,0.72,Down,Down,0.7165242165242177,0.6014150943396233
485,2023-05-12,789039,Up,Up,0.74,0.79,Down,Down,0.7165242165242177,0.6014150943396233
486,2023-05-11,1002640,Down,Up,0.8,0.69,Up,Down,0.7165242165242177,0.6014150943396233
487,2023-05-03,315485,Up,Down,0.81,0.68,Down,Up,0.7165242165242177,0.6014150943396233
488,2023-05-09,965959,Up,Down,0.85,0.86,Down,Up,0.7165242165242177,0.6014150943396233
489,2023-05-30,564675,Down,Up,0.88,0.82,Down,Down,0.7165242165242177,0.6014150943396233
490,2023-06-27,807018,Up,Down,0.81,0.67,Up,Down,0.7165242165242177,0.6014150943396233
491,2023-07-26,201791,Down,Down,0.67,0.61,Down,Up,0.7165242165242177,0.6014150943396233
492,2023-04-18,276044,Up,Down,0.68,0.67,Up,Up,0.7165242165242177,0.6014150943396233
493,2023-07-04,1002939,Up,Down,0.79,0.69,Down,Up,0.7165242165242177,0.6014150943396233
494,2023-06-20,777011,Up,Up,0.7,0.63,Up,Up,0.7165242165242177,0.6014150943396233
495,2023-04-25,924049,Down,Down,0.87,0.62,Up,Down,0.7165242165242177,0.6014150943396233
496,2023-05-04,880374,Down,Up,0.75,0.7,Up,Up,0.7165242165242177,0.6014150943396233
497,2023-04-10,508302,Up,Up,0.9,0.84,Up,Up,0.7165242165242177,0.6014150943396233
498,2023-06-05,1003463,Up,Down,0.71,0.62,Down,Up,0.7165242165242177,0.6014150943396233
499,2023-03-01,873000,Down,Up,0.81,0.78,Up,Up,0.7165242165242177,0.6014150943396233
500,2023-06-23,404713,Down,Down,0.77,0.61,Down,Up,0.7165242165242177,0.6014150943396233
501,2023-06-28,996089,Down,Up,0.73,0.7,Up,Up,0.7165242165242177,0.6014150943396233
502,2023-07-26,346062,Down,Down,0.71,0.62,Down,Up,0.7165242165242177,0.6014150943396233
503,2023-07-26,449890,Up,Down,0.63,0.7,Up,Down,0.7165242165242177,0.6014150943396233
504,2023-05-03,1003569,Up,Down,0.79,0.65,Down,Up,0.7165242165242177,0.6014150943396233
505,2023-07-03,1000372,Up,Up,0.74,0.78,Down,Up,0.7165242165242177,0.6014150943396233
506,2023-07-26,792489,Down,Down,0.54,0.59,Up,Up,0.7165242165242177,0.6014150943396233
507,2023-06-23,867494,Down,Down,0.86,0.78,Up,Up,0.7165242165242177,0.6014150943396233
508,2023-07-20,901145,Up,Up,0.68,0.54,Up,Down,0.7165242165242177,0.6014150943396233
509,2023-07-11,447687,Down,Down,0.59,0.6,Up,Down,0.7165242165242177,0.6014150943396233
510,2023-07-26,576743,Up,Down,0.58,0.58,Down,Up,0.7165242165242177,0.6014150943396233
511,2023-07-26,1003405,Up,Down,0.71,0.61,Up,Down,0.7165242165242177,0.6014150943396233
512,2023-04-12,560476,Up,Down,0.74,0.76,Up,Down,0.7165242165242177,0.6014150943396233
513,2023-07-26,724048,Down,Up,0.65,0.64,Up,Up,0.7165242165242177,0.6014150943396233
514,2023-04-27,633866,Down,Up,0.73,0.71,Up,Down,0.7165242165242177,0.6014150943396233
515,2023-07-26,1003501,Down,Up,0.54,0.5,Up,Up,0.7165242165242177,0.6014150943396233
516,2023-06-12,106361,Down,Down,0.81,0.61,Down,Down,0.7165242165242177,0.6014150943396233
517,2023-05-02,522321,Down,Up,0.87,0.8,Down,Down,0.7165242165242177,0.6014150943396233
518,2023-07-26,1003508,Up,Up,0.63,0.64,Down,Up,0.7165242165242177,0.6014150943396233
519,2023-07-26,792348,Down,Down,0.39,0.55,Up,Up,0.7165242165242177,0.6014150943396233
520,2023-07-26,999961,Up,Down,0.6,0.61,Up,Down,0.7165242165242177,0.6014150943396233
521,2023-05-09,854419,Down,Down,0.86,0.72,Down,Down,0.7165242165242177,0.6014150943396233
522,2023-05-03,338854,Up,Up,0.73,0.74,Up,Down,0.7165242165242177,0.6014150943396233
523,2023-07-26,1003324,Down,Up,0.78,0.69,Up,Up,0.7165242165242177,0.6014150943396233
524,2023-07-11,290229,Up,Down,0.8,0.75,Up,Up,0.7165242165242177,0.6014150943396233
525,2023-06-06,864957,Down,Down,0.87,0.74,Up,Down,0.7165242165242177,0.6014150943396233
526,2023-07-26,1003103,Up,Down,0.66,0.58,Down,Up,0.7165242165242177,0.6014150943396233
527,2023-04-11,337698,Down,Down,0.83,0.69,Up,Down,0.7165242165242177,0.6014150943396233
528,2023-02-22,296554,Down,Up,0.81,0.66,Down,Up,0.7165242165242177,0.6014150943396233
529,2023-07-26,272282,Down,Down,0.64,0.66,Down,Up,0.7165242165242177,0.6014150943396233
530,2023-07-17,955411,Down,Up,0.72,0.69,Down,Up,0.7165242165242177,0.6014150943396233
531,2023-07-12,675701,Up,Down,0.81,0.74,Up,Up,0.7165242165242177,0.6014150943396233
532,2023-07-26,1002879,Up,Down,0.73,0.62,Down,Down,0.7165242165242177,0.6014150943396233
533,2023-05-11,1003320,Up,Down,0.84,0.8,Down,Down,0.7165242165242177,0.6014150943396233
534,2023-05-08,927063,Up,Down,0.72,0.62,Up,Down,0.7165242165242177,0.6014150943396233
535,2023-07-26,1003534,Down,Down,0.61,0.69,Down,Up,0.7165242165242177,0.6014150943396233
536,2023-05-12,568696,Up,Up,0.82,0.65,Down,Up,0.7165242165242177,0.6014150943396233
537,2023-06-26,416296,Down,Up,0.8,0.64,Up,Up,0.7165242165242177,0.6014150943396233
538,2023-06-13,339153,Up,Up,0.85,0.8,Up,Up,0.7165242165242177,0.6014150943396233
539,2023-07-26,1002951,Down,Down,0.74,0.77,Up,Up,0.7165242165242177,0.6014150943396233
540,2023-03-23,212311,Down,Down,0.76,0.79,Down,Down,0.7165242165242177,0.6014150943396233
541,2023-07-26,716033,Down,Down,0.75,0.72,Up,Up,0.7165242165242177,0.6014150943396233
542,2023-05-18,757345,Up,Up,0.72,0.56,Up,Up,0.7165242165242177,0.6014150943396233
543,2023-05-02,129013,Down,Up,0.64,0.8,Down,Up,0.7165242165242177,0.6014150943396233
544,2023-04-26,968443,Up,Down,0.82,0.63,Up,Down,0.7165242165242177,0.6014150943396233
545,2023-06-28,744932,Up,Down,0.71,0.76,Down,Down,0.7165242165242177,0.6014150943396233
546,2023-07-26,1002644,Down,Down,0.7,0.64,Up,Up,0.7165242165242177,0.6014150943396233
547,2023-07-26,520711,Up,Up,0.63,0.6,Down,Up,0.7165242165242177,0.6014150943396233
548,2023-05-05,577677,Up,Down,0.89,0.66,Up,Up,0.7165242165242177,0.6014150943396233
549,2023-04-25,305783,Up,Down,0.77,0.72,Up,Up,0.7165242165242177,0.6014150943396233
550,2023-07-14,869478,Down,Down,0.63,0.6,Down,Down,0.7165242165242177,0.6014150943396233
551,2023-05-25,1000345,Down,Down,0.78,0.73,Down,Down,0.7165242165242177,0.6014150943396233
552,2023-07-12,1002795,Up,Down,0.73,0.73,Down,Down,0.7165242165242177,0.6014150943396233
553,2023-06-09,395110,Up,Down,0.79,0.77,Down,Up,0.7165242165242177,0.6014150943396233
554,2023-07-17,561785,Up,Up,0.63,0.6,Down,Down,0.7165242165242177,0.6014150943396233
555,2023-05-25,590845,Up,Down,0.78,0.73,Down,Down,0.7165242165242177,0.6014150943396233
556,2023-07-26,580033,Down,Up,0.62,0.54,Up,Down,0.7165242165242177,0.6014150943396233
557,2023-07-26,1003278,Up,Up,0.64,0.55,Up,Down,0.7165242165242177,0.6014150943396233
558,2023-05-02,349351,Up,Up,0.82,0.85,Down,Up,0.7165242165242177,0.6014150943396233
559,2023-05-16,183066,Up,Down,0.85,0.7,Up,Up,0.7165242165242177,0.6014150943396233
560,2023-07-26,696114,Up,Down,0.56,0.46,Down,Down,0.7165242165242177,0.6014150943396233
561,2023-05-09,392418,Up,Down,0.86,0.66,Down,Up,0.7165242165242177,0.6014150943396233
562,2023-05-30,843730,Up,Up,0.67,0.64,Down,Up,0.7165242165242177,0.6014150943396233
563,2023-07-13,1002948,Up,Up,0.74,0.65,Up,Up,0.7165242165242177,0.6014150943396233
564,2023-05-29,574204,Down,Down,0.75,0.73,Up,Up,0.7165242165242177,0.6014150943396233
565,2023-04-06,573496,Down,Down,0.7,0.66,Up,Up,0.7165242165242177,0.6014150943396233
566,2023-06-15,457089,Up,Up,0.82,0.71,Down,Up,0.7165242165242177,0.6014150943396233
567,2023-07-20,1002932,Up,Down,0.68,0.67,Down,Up,0.7165242165242177,0.6014150943396233
568,2023-07-26,1003017,Down,Down,0.73,0.58,Down,Down,0.7165242165242177,0.6014150943396233
569,2023-06-09,576164,Up,Down,0.82,0.66,Up,Up,0.7165242165242177,0.6014150943396233
570,2023-04-06,1003502,Down,Down,0.78,0.66,Up,Up,0.7165242165242177,0.6014150943396233
571,2023-06-22,381936,Up,Up,0.75,0.66,Up,Down,0.7165242165242177,0.6014150943396233
572,2023-06-12,856077,Up,Up,0.76,0.66,Down,Up,0.7165242165242177,0.6014150943396233
573,2023-04-28,280329,Up,Up,0.82,0.74,Down,Down,0.7165242165242177,0.6014150943396233
574,2023-05-02,282332,Down,Up,0.69,0.82,Up,Up,0.7165242165242177,0.6014150943396233
575,2023-07-25,981047,Down,Down,0.74,0.58,Down,Up,0.7165242165242177,0.6014150943396233
576,2023-06-09,712697,Up,Up,0.8,0.75,Up,Up,0.7165242165242177,0.6014150943396233
577,2023-06-26,347516,Up,Up,0.7,0.61,Down,Up,0.7165242165242177,0.6014150943396233
578,2023-07-19,467961,Down,Down,0.72,0.61,Up,Up,0.7165242165242177,0.6014150943396233
579,2023-07-11,661020,Up,Down,0.72,0.67,Up,Down,0.7165242165242177,0.6014150943396233
580,2023-05-25,301324,Up,Down,0.75,0.69,Up,Down,0.7165242165242177,0.6014150943396233
581,2023-07-14,1003471,Down,Up,0.65,0.58,Up,Up,0.7165242165242177,0.6014150943396233
582,2023-04-18,240221,Up,Up,0.8,0.72,Down,Down,0.7165242165242177,0.6014150943396233
583,2023-05-12,854537,Up,Up,0.78,0.62,Down,Up,0.7165242165242177,0.6014150943396233
584,2023-07-26,526321,Up,Down,0.61,0.51,Down,Down,0.7165242165242177,0.6014150943396233
585,2023-06-27,972395,Up,Up,0.79,0.72,Down,Down,0.7165242165242177,0.6014150943396233
586,2023-05-02,1002849,Up,Up,0.76,0.76,Up,Up,0.7165242165242177,0.6014150943396233
587,2023-06-01,823938,Up,Up,0.7,0.64,Down,Up,0.7165242165242177,0.6014150943396233
588,2023-03-08,766446,Down,Up,0.7,0.7,Down,Up,0.7165242165242177,0.6014150943396233
589,2023-07-17,407518,Up,Up,0.69,0.65,Up,Up,0.7165242165242177,0.6014150943396233
590,2023-07-14,880888,Up,Up,0.75,0.7,Up,Up,0.7165242165242177,0.6014150943396233
591,2023-07-05,1003028,Down,Down,0.78,0.61,Down,Down,0.7165242165242177,0.6014150943396233
592,2023-05-08,1003582,Down,Down,0.74,0.7,Up,Down,0.7165242165242177,0.6014150943396233
593,2023-05-03,256060,Down,Down,0.66,0.5,Down,Down,0.7165242165242177,0.6014150943396233
594,2023-07-11,423292,Down,Up,0.66,0.67,Down,Down,0.7165242165242177,0.6014150943396233
595,2023-07-10,793828,Up,Up,0.69,0.67,Down,Up,0.7165242165242177,0.6014150943396233
596,2023-06-19,909399,Down,Down,0.69,0.58,Up,Up,0.7165242165242177,0.6014150943396233
597,2023-03-20,258069,Down,Down,0.81,0.72,Up,Up,0.7165242165242177,0.6014150943396233
598,2023-06-21,1000415,Down,Down,0.77,0.63,Down,Down,0.7165242165242177,0.6014150943396233
599,2023-06-05,328626,Down,Down,0.85,0.73,Up,Down,0.7165242165242177,0.6014150943396233
600,2023-06-28,632923,Up,Down,0.82,0.74,Up,Up,0.7165242165242177,0.6014150943396233
601,2023-07-04,658016,Down,Down,0.63,0.62,Down,Down,0.7165242165242177,0.6014150943396233
602,2023-04-27,926143,Down,Down,0.74,0.78,Up,Up,0.7165242165242177,0.6014150943396233
603,2023-07-21,1003499,Up,Up,0.68,0.67,Up,Up,0.7165242165242177,0.6014150943396233
604,2023-06-22,751972,Down,Down,0.67,0.65,Up,Up,0.7165242165242177,0.6014150943396233
605,2023-07-26,855995,Up,Up,0.56,0.54,Down,Up,0.7165242165242177,0.6014150943396233
606,2023-04-17,535362,Up,Down,0.8,0.67,Down,Up,0.7165242165242177,0.6014150943396233
607,2023-06-28,197255,Down,Down,0.81,0.6,Up,Down,0.7165242165242177,0.6014150943396233
608,2023-02-22,324703,Down,Down,0.79,0.72,Up,Down,0.7165242165242177,0.6014150943396233
609,2023-04-26,671066,Up,Down,0.78,0.54,Down,Down,0.7165242165242177,0.6014150943396233
610,2023-07-12,1002699,Down,Down,0.78,0.71,Down,Up,0.7165242165242177,0.6014150943396233
611,2023-07-12,435326,Up,Up,0.75,0.72,Up,Down,0.7165242165242177,0.6014150943396233
612,2023-05-25,664761,Down,Down,0.78,0.78,Up,Up,0.7165242165242177,0.6014150943396233
613,2023-07-13,179367,Down,Up,0.7,0.66,Up,Down,0.7165242165242177,0.6014150943396233
614,2023-07-26,918007,Up,Down,0.69,0.73,Down,Up,0.7165242165242177,0.6014150943396233
615,2023-06-22,822443,Up,Down,0.62,0.59,Up,Down,0.7165242165242177,0.6014150943396233
616,2023-07-07,698915,Up,Down,0.73,0.77,Down,Up,0.7165242165242177,0.6014150943396233
617,2023-07-13,830688,Up,Up,0.54,0.57,Down,Down,0.7165242165242177,0.6014150943396233
618,2023-07-26,1002712,Down,Down,0.71,0.79,Up,Up,0.7165242165242177,0.6014150943396233
619,2023-05-05,159344,Down,Down,0.77,0.78,Down,Down,0.7165242165242177,0.6014150943396233
620,2023-07-26,563526,Down,Up,0.6,0.6,Up,Down,0.7165242165242177,0.6014150943396233
621,2023-07-17,577230,Up,Down,0.76,0.7,Up,Down,0.7165242165242177,0.6014150943396233
622,2023-07-14,1002744,Up,Up,0.8,0.58,Down,Up,0.7165242165242177,0.6014150943396233
623,2023-06-27,796151,Up,Up,0.78,0.72,Down,Up,0.7165242165242177,0.6014150943396233
624,2023-05-29,797608,Up,Up,0.73,0.7,Down,Down,0.7165242165242177,0.6014150943396233
625,2023-05-26,992451,Up,Down,0.83,0.7,Down,Down,0.7165242165242177,0.6014150943396233
626,2023-07-07,1002794,Down,Up,0.79,0.64,Up,Down,0.7165242165242177,0.6014150943396233
627,2023-07-10,1003097,Up,Up,0.76,0.49,Up,Up,0.7165242165242177,0.6014150943396233
628,2023-05-26,621045,Down,Down,0.7,0.66,Up,Down,0.7165242165242177,0.6014150943396233
629,2023-05-26,1003518,Up,Up,0.73,0.63,Down,Down,0.7165242165242177,0.6014150943396233
630,2023-01-23,721234,Up,Down,0.87,0.73,Up,Up,0.7165242165242177,0.6014150943396233
631,2023-07-25,701197,Up,Up,0.67,0.67,Down,Up,0.7165242165242177,0.6014150943396233
632,2023-06-02,371883,Down,Down,0.69,0.78,Up,Up,0.7165242165242177,0.6014150943396233
633,2023-07-05,1003429,Down,Up,0.7,0.59,Down,Up,0.7165242165242177,0.6014150943396233
634,2023-07-12,664903,Up,Down,0.65,0.64,Up,Up,0.7165242165242177,0.6014150943396233
635,2023-07-20,861535,Up,Down,0.72,0.63,Up,Up,0.7165242165242177,0.6014150943396233
636,2023-07-24,1003366,Down,Up,0.74,0.72,Down,Down,0.7165242165242177,0.6014150943396233
637,2023-04-24,1002887,Down,Down,0.79,0.73,Up,Up,0.7165242165242177,0.6014150943396233
638,2023-07-25,723443,Down,Up,0.59,0.65,Up,Down,0.7165242165242177,0.6014150943396233
639,2023-07-26,888193,Down,Up,0.74,0.71,Down,Up,0.7165242165242177,0.6014150943396233
640,2023-05-02,877223,Up,Up,0.78,0.68,Up,Up,0.7165242165242177,0.6014150943396233
641,2023-05-17,166782,Down,Down,0.76,0.78,Up,Up,0.7165242165242177,0.6014150943396233
642,2023-07-26,114940,Down,Up,0.7,0.59,Up,Down,0.7165242165242177,0.6014150943396233
643,2023-06-09,175814,Down,Up,0.74,0.7,Up,Down,0.7165242165242177,0.6014150943396233
644,2023-04-13,963994,Up,Up,0.84,0.79,Down,Down,0.7165242165242177,0.6014150943396233
645,2023-03-06,164981,Down,Up,0.84,0.79,Down,Up,0.7165242165242177,0.6014150943396233
646,2023-06-13,879915,Down,Up,0.81,0.65,Up,Down,0.7165242165242177,0.6014150943396233
647,2023-06-15,927973,Down,Down,0.63,0.57,Up,Up,0.7165242165242177,0.6014150943396233
648,2023-07-26,254021,Up,Down,0.82,0.9,Down,Down,0.7165242165242177,0.6014150943396233
649,2023-05-17,565761,Up,Up,0.77,0.78,Up,Down,0.7165242165242177,0.6014150943396233
650,2023-05-05,807270,Down,Up,0.81,0.76,Up,Up,0.7165242165242177,0.6014150943396233
651,2023-05-16,954692,Up,Up,0.71,0.69,Up,Up,0.7165242165242177,0.6014150943396233
652,2023-07-03,1000019,Down,Down,0.77,0.67,Down,Down,0.7165242165242177,0.6014150943396233
653,2023-07-26,1002957,Up,Down,0.67,0.61,Up,Up,0.7165242165242177,0.6014150943396233
654,2023-07-05,753852,Down,Down,0.62,0.61,Down,Up,0.7165242165242177,0.6014150943396233
655,2023-05-19,147473,Down,Down,0.67,0.66,Down,Down,0.7165242165242177,0.6014150943396233
656,2023-03-20,884883,Up,Down,0.8,0.64,Down,Down,0.7165242165242177,0.6014150943396233
657,2023-05-30,914349,Down,Down,0.78,0.67,Up,Up,0.7165242165242177,0.6014150943396233
658,2023-05-23,1002585,Down,Up,0.75,0.77,Down,Up,0.7165242165242177,0.6014150943396233
659,2023-07-14,604782,Up,Up,0.58,0.52,Up,Up,0.7165242165242177,0.6014150943396233
660,2023-03-10,1003025,Up,Down,0.86,0.76,Up,Up,0.7165242165242177,0.6014150943396233
661,2023-06-02,464537,Down,Down,0.73,0.7,Up,Up,0.7165242165242177,0.6014150943396233
662,2023-07-26,1003008,Up,Down,0.73,0.74,Up,Up,0.7165242165242177,0.6014150943396233
663,2023-06-16,1002878,Down,Up,0.78,0.62,Up,Down,0.7165242165242177,0.6014150943396233
664,2023-07-26,552665,Down,Up,0.68,0.66,Up,Up,0.7165242165242177,0.6014150943396233
665,2023-06-08,1002964,Up,Up,0.66,0.69,Up,Down,0.7165242165242177,0.6014150943396233
666,2023-03-16,397643,Down,Down,0.75,0.67,Up,Up,0.7165242165242177,0.6014150943396233
667,2023-07-26,203402,Down,Down,0.64,0.56,Down,Down,0.7165242165242177,0.6014150943396233
668,2023-05-11,705833,Down,Down,0.7,0.66,Down,Up,0.7165242165242177,0.6014150943396233
669,2023-03-29,585342,Up,Up,0.88,0.72,Up,Down,0.7165242165242177,0.6014150943396233
670,2023-06-05,270205,Down,Down,0.69,0.7,Down,Down,0.7165242165242177,0.6014150943396233
671,2023-04-13,378354,Down,Down,0.79,0.76,Down,Down,0.7165242165242177,0.6014150943396233
672,2023-07-17,959222,Up,Down,0.55,0.55,Down,Up,0.7165242165242177,0.6014150943396233
673,2023-06-23,452162,Down,Down,0.82,0.78,Down,Up,0.7165242165242177,0.6014150943396233
674,2023-05-09,731413,Up,Down,0.75,0.76,Up,Down,0.7165242165242177,0.6014150943396233
675,2023-07-24,983371,Up,Up,0.61,0.58,Down,Up,0.7165242165242177,0.6014150943396233
676,2023-07-25,779228,Up,Up,0.66,0.68,Down,Up,0.7165242165242177,0.6014150943396233
677,2023-06-21,256229,Down,Down,0.76,0.72,Down,Down,0.7165242165242177,0.6014150943396233
678,2023-05-25,467058,Down,Up,0.73,0.6,Up,Down,0.7165242165242177,0.6014150943396233
679,2023-03-22,842422,Up,Down,0.86,0.83,Up,Down,0.7165242165242177,0.6014150943396233
680,2023-07-26,1003432,Up,Up,0.6,0.6,Down,Up,0.7165242165242177,0.6014150943396233
681,2023-04-21,1003393,Down,Down,0.71,0.68,Up,Up,0.7165242165242177,0.6014150943396233
682,2023-07-24,634627,Up,Up,0.67,0.59,Up,Up,0.7165242165242177,0.6014150943396233
683,2023-03-27,400868,Up,Down,0.74,0.81,Down,Down,0.7165242165242177,0.6014150943396233
684,2023-04-18,408500,Up,Down,0.82,0.73,Down,Up,0.7165242165242177,0.6014150943396233
685,2023-07-26,162029,Up,Up,0.64,0.51,Down,Up,0.7165242165242177,0.6014150943396233
686,2023-06-05,183917,Up,Up,0.7,0.6,Up,Up,0.7165242165242177,0.6014150943396233
687,2023-05-24,557714,Down,Down,0.81,0.77,Up,Up,0.7165242165242177,0.6014150943396233
688,2023-06-05,219617,Up,Down,0.66,0.7,Up,Down,0.7165242165242177,0.6014150943396233
689,2023-07-10,346524,Up,Up,0.72,0.58,Up,Down,0.7165242165242177,0.6014150943396233
690,2023-05-04,189427,Up,Up,0.81,0.7,Down,Up,0.7165242165242177,0.6014150943396233
691,2023-05-15,371122,Up,Down,0.77,0.82,Up,Down,0.7165242165242177,0.6014150943396233
692,2023-05-11,1003476,Up,Down,0.79,0.81,Down,Up,0.7165242165242177,0.6014150943396233
693,2023-03-02,616556,Down,Up,0.72,0.76,Up,Down,0.7165242165242177,0.6014150943396233
694,2023-03-27,1003529,Down,Down,0.67,0.57,Up,Down,0.7165242165242177,0.6014150943396233
695,2023-03-28,589529,Down,Up,0.87,0.78,Down,Down,0.7165242165242177,0.6014150943396233
696,2023-07-17,640544,Up,Down,0.78,0.69,Down,Up,0.7165242165242177,0.6014150943396233
697,2023-06-16,790785,Up,Down,0.82,0.58,Down,Up,0.7165242165242177,0.6014150943396233
698,2023-07-19,194167,Up,Up,0.68,0.66,Down,Up,0.7165242165242177,0.6014150943396233
699,2023-07-21,1000893,Down,Up,0.66,0.58,Up,Down,0.7165242165242177,0.6014150943396233
700,2023-04-18,650168,Up,Up,0.71,0.68,Down,Up,0.7165242165242177,0.6014150943396233
701,2023-06-12,1002587,Up,Down,0.75,0.69,Down,Down,0.7165242165242177,0.6014150943396233
702,2023-06-09,888024,Up,Up,0.83,0.74,Up,Down,0.7165242165242177,0.6014150943396233
703,2023-05-31,763851,Down,Up,0.79,0.81,Down,Down,0.7165242165242177,0.6014150943396233
704,2023-06-01,361277,Up,Down,0.87,0.85,Down,Down,0.7165242165242177,0.6014150943396233
705,2023-07-26,694251,Down,Up,0.65,0.7,Up,Up,0.7165242165242177,0.6014150943396233
706,2023-07-25,1003317,Up,Up,0.67,0.61,Down,Down,0.7165242165242177,0.6014150943396233
707,2023-05-15,1003563,Down,Down,0.83,0.63,Up,Down,0.7165242165242177,0.6014150943396233
708,2023-04-19,250217,Up,Up,0.74,0.75,Up,Down,0.7165242165242177,0.6014150943396233
709,2023-04-25,1003478,Down,Up,0.72,0.84,Down,Down,0.7165242165242177,0.6014150943396233
710,2023-04-10,1000400,Down,Up,0.88,0.81,Up,Down,0.7165242165242177,0.6014150943396233
711,2023-05-10,1003457,Down,Down,0.75,0.69,Up,Up,0.7165242165242177,0.6014150943396233
712,2023-07-26,1003124,Down,Down,0.59,0.55,Down,Up,0.7165242165242177,0.6014150943396233
713,2023-06-14,125372,Up,Down,0.76,0.74,Up,Down,0.7165242165242177,0.6014150943396233
714,2023-05-09,1003479,Up,Down,0.8,0.75,Up,Up,0.7165242165242177,0.6014150943396233
715,2023-05-22,776884,Down,Up,0.69,0.67,Down,Up,0.7165242165242177,0.6014150943396233
716,2023-03-29,284716,Up,Down,0.9,0.58,Down,Up,0.7165242165242177,0.6014150943396233
717,2023-02-01,622550,Down,Down,0.75,0.71,Up,Down,0.7165242165242177,0.6014150943396233
718,2023-07-21,1002793,Up,Up,0.5,0.44,Up,Flat,0.7165242165242177,0.6014150943396233
719,2023-04-19,178818,Up,Up,0.8,0.7,Down,Down,0.7165242165242177,0.6014150943396233
720,2023-06-08,462877,Up,Up,0.67,0.72,Up,Up,0.7165242165242177,0.6014150943396233
721,2023-07-13,226036,Up,Down,0.74,0.74,Up,Up,0.7165242165242177,0.6014150943396233
722,2023-05-19,1003512,Down,Down,0.81,0.68,Up,Down,0.7165242165242177,0.6014150943396233
723,2023-05-03,350988,Up,Down,0.83,0.79,Up,Up,0.7165242165242177,0.6014150943396233
724,2023-06-08,801400,Down,Up,0.77,0.76,Down,Up,0.7165242165242177,0.6014150943396233
725,2023-07-06,999938,Up,Up,0.78,0.77,Down,Down,0.7165242165242177,0.6014150943396233
726,2023-04-27,1003530,Down,Up,0.83,0.67,Up,Up,0.7165242165242177,0.6014150943396233
727,2023-07-07,119570,Down,Down,0.7,0.55,Up,Up,0.7165242165242177,0.6014150943396233
728,2023-03-17,565450,Down,Down,0.8,0.8,Up,Down,0.7165242165242177,0.6014150943396233
729,2023-06-16,628721,Up,Up,0.74,0.75,Up,Up,0.7165242165242177,0.6014150943396233
730,2023-03-16,122880,Down,Up,0.74,0.58,Up,Down,0.7165242165242177,0.6014150943396233
731,2023-02-23,1003617,Down,Up,0.8,0.7,Down,Down,0.7165242165242177,0.6014150943396233
732,2023-07-26,1002761,Down,Down,0.73,0.73,Up,Up,0.7165242165242177,0.6014150943396233
733,2023-05-31,533514,Up,Down,0.82,0.59,Up,Up,0.7165242165242177,0.6014150943396233
734,2023-05-19,997848,Down,Down,0.67,0.6,Down,Down,0.7165242165242177,0.6014150943396233
735,2023-06-09,793993,Up,Up,0.82,0.82,Up,Down,0.7165242165242177,0.6014150943396233
736,2023-04-18,559955,Down,Down,0.81,0.75,Up,Up,0.7165242165242177,0.6014150943396233
737,2023-07-26,493089,Up,Down,0.71,0.83,Up,Down,0.7165242165242177,0.6014150943396233
738,2023-07-26,790869,Up,Up,0.66,0.52,Down,Up,0.7165242165242177,0.6014150943396233
739,2023-06-19,129094,Up,Up,0.65,0.58,Up,Down,0.7165242165242177,0.6014150943396233
740,2023-07-26,918817,Down,Down,0.48,0.59,Down,Up,0.7165242165242177,0.6014150943396233
741,2023-07-13,501249,Up,Up,0.71,0.6,Down,Up,0.7165242165242177,0.6014150943396233
742,2023-06-02,1003386,Down,Down,0.72,0.73,Down,Up,0.7165242165242177,0.6014150943396233
743,2023-07-18,1002663,Up,Down,0.76,0.68,Up,Up,0.7165242165242177,0.6014150943396233
744,2023-05-24,674320,Down,Up,0.81,0.77,Down,Down,0.7165242165242177,0.6014150943396233
745,2023-05-31,604024,Up,Up,0.82,0.61,Down,Down,0.7165242165242177,0.6014150943396233
746,2023-04-10,1003451,Up,Down,0.9,0.76,Up,Down,0.7165242165242177,0.6014150943396233
747,2023-03-03,598119,Down,Down,0.83,0.67,Up,Down,0.7165242165242177,0.6014150943396233
748,2023-07-04,869476,Up,Up,0.7,0.55,Down,Up,0.7165242165242177,0.6014150943396233
749,2023-05-04,452187,Down,Down,0.74,0.65,Up,Down,0.7165242165242177,0.6014150943396233
750,2023-05-31,658168,Up,Down,0.83,0.72,Up,Down,0.7165242165242177,0.6014150943396233
751,2023-05-09,1000598,Down,Up,0.75,0.76,Down,Up,0.7165242165242177,0.6014150943396233
752,2023-07-25,477981,Down,Down,0.58,0.54,Up,Down,0.7165242165242177,0.6014150943396233
753,2023-05-29,102348,Down,Down,0.8,0.61,Down,Up,0.7165242165242177,0.6014150943396233
754,2023-07-26,313906,Down,Up,0.71,0.52,Up,Up,0.7165242165242177,0.6014150943396233
755,2023-05-31,1002829,Up,Down,0.74,0.7,Up,Down,0.7165242165242177,0.6014150943396233
756,2023-06-30,456242,Up,Down,0.72,0.64,Up,Up,0.7165242165242177,0.6014150943396233
757,2023-06-06,915452,Down,Up,0.78,0.75,Down,Up,0.7165242165242177,0.6014150943396233
758,2023-04-24,748382,Down,Down,0.81,0.61,Down,Up,0.7165242165242177,0.6014150943396233
759,2023-05-24,229993,Down,Up,0.81,0.66,Down,Down,0.7165242165242177,0.6014150943396233
760,2023-07-26,178477,Up,Up,0.65,0.59,Down,Up,0.7165242165242177,0.6014150943396233
761,2023-05-31,271462,Up,Up,0.6,0.6,Down,Up,0.7165242165242177,0.6014150943396233
762,2023-06-01,113280,Down,Up,0.75,0.63,Down,Up,0.7165242165242177,0.6014150943396233
763,2023-07-12,469590,Up,Up,0.86,0.74,Up,Down,0.7165242165242177,0.6014150943396233
764,2023-06-21,640830,Down,Down,0.86,0.83,Down,Up,0.7165242165242177,0.6014150943396233
765,2023-04-21,994427,Up,Up,0.83,0.71,Up,Down,0.7165242165242177,0.6014150943396233
766,2023-07-26,441386,Up,Down,0.7,0.66,Up,Down,0.7165242165242177,0.6014150943396233
767,2023-05-17,1003450,Up,Down,0.67,0.63,Down,Up,0.7165242165242177,0.6014150943396233
768,2023-07-20,509760,Up,Up,0.79,0.69,Down,Down,0.7165242165242177,0.6014150943396233
769,2023-06-30,1002707,Up,Down,0.75,0.62,Down,Down,0.7165242165242177,0.6014150943396233
770,2023-06-20,972978,Down,Up,0.66,0.69,Up,Up,0.7165242165242177,0.6014150943396233
771,2023-05-08,227845,Down,Down,0.82,0.78,Down,Down,0.7165242165242177,0.6014150943396233
772,2023-07-26,1003562,Down,Up,0.6,0.68,Up,Up,0.7165242165242177,0.6014150943396233
773,2023-07-26,266126,Up,Down,0.65,0.6,Up,Down,0.7165242165242177,0.6014150943396233
774,2023-04-24,279400,Up,Down,0.74,0.75,Up,Up,0.7165242165242177,0.6014150943396233
775,2023-05-05,1003428,Down,Up,0.78,0.64,Down,Up,0.7165242165242177,0.6014150943396233
776,2023-06-12,229887,Up,Up,0.71,0.72,Down,Up,0.7165242165242177,0.6014150943396233
777,2023-07-26,542329,Down,Down,0.47,0.62,Up,Down,0.7165242165242177,0.6014150943396233
778,2023-07-26,1003160,Up,Up,0.65,0.72,Down,Up,0.7165242165242177,0.6014150943396233
779,2023-05-18,895502,Up,Up,0.77,0.83,Down,Up,0.7165242165242177,0.6014150943396233
780,2023-05-11,887786,Up,Down,0.7,0.81,Up,Up,0.7165242165242177,0.6014150943396233
781,2023-06-12,275446,Down,Down,0.67,0.55,Down,Down,0.7165242165242177,0.6014150943396233
782,2023-07-26,1003522,Up,Down,0.57,0.59,Down,Down,0.7165242165242177,0.6014150943396233
783,2023-06-16,610517,Up,Up,0.78,0.73,Down,Up,0.7165242165242177,0.6014150943396233
784,2023-07-26,871836,Up,Up,0.6,0.69,Up,Down,0.7165242165242177,0.6014150943396233
785,2023-07-26,260365,Up,Down,0.7,0.82,Up,Down,0.7165242165242177,0.6014150943396233
786,2023-07-26,889867,Up,Up,0.72,0.6,Up,Up,0.7165242165242177,0.6014150943396233
787,2023-05-11,343801,Down,Down,0.79,0.58,Down,Up,0.7165242165242177,0.6014150943396233
788,2023-07-21,1002843,Up,Up,0.59,0.58,Down,Down,0.7165242165242177,0.6014150943396233
789,2023-06-22,166265,Down,Down,0.64,0.78,Up,Down,0.7165242165242177,0.6014150943396233
790,2023-07-26,129404,Down,Up,0.67,0.68,Down,Up,0.7165242165242177,0.6014150943396233
791,2023-03-24,351446,Up,Up,0.87,0.8,Down,Up,0.7165242165242177,0.6014150943396233
792,2023-05-08,221824,Down,Down,0.78,0.77,Down,Up,0.7165242165242177,0.6014150943396233
793,2023-05-23,1003469,Down,Up,0.79,0.77,Up,Down,0.7165242165242177,0.6014150943396233
794,2023-07-26,757264,Up,Up,0.68,0.62,Down,Up,0.7165242165242177,0.6014150943396233
795,2023-05-23,820800,Up,Down,0.83,0.67,Down,Down,0.7165242165242177,0.6014150943396233
796,2023-04-26,234124,Up,Up,0.77,0.74,Up,Up,0.7165242165242177,0.6014150943396233
797,2023-07-26,497388,Up,Up,0.72,0.68,Down,Up,0.7165242165242177,0.6014150943396233
798,2023-05-11,472877,Down,Up,0.85,0.8,Up,Down,0.7165242165242177,0.6014150943396233
799,2023-05-22,818537,Down,Up,0.67,0.88,Down,Up,0.7165242165242177,0.6014150943396233
800,2023-07-17,1003456,Up,Up,0.66,0.65,Down,Up,0.7165242165242177,0.6014150943396233
801,2023-07-26,791358,Down,Down,0.6,0.66,Down,Down,0.7165242165242177,0.6014150943396233
802,2023-06-28,555067,Up,Up,0.69,0.63,Up,Down,0.7165242165242177,0.6014150943396233
803,2023-05-08,135277,Down,Up,0.8,0.77,Up,Up,0.7165242165242177,0.6014150943396233
804,2023-06-01,313094,Down,Down,0.73,0.71,Down,Down,0.7165242165242177,0.6014150943396233
805,2023-05-12,141796,Up,Down,0.64,0.68,Down,Down,0.7165242165242177,0.6014150943396233
806,2023-07-24,950641,Up,Down,0.68,0.54,Up,Up,0.7165242165242177,0.6014150943396233
807,2023-06-08,976720,Up,Up,0.58,0.62,Up,Down,0.7165242165242177,0.6014150943396233
808,2023-07-26,1002764,Down,Down,0.5,0.63,Down,Up,0.7165242165242177,0.6014150943396233
809,2023-03-23,970040,Up,Down,0.82,0.76,Up,Down,0.7165242165242177,0.6014150943396233
810,2023-06-07,267795,Down,Up,0.77,0.58,Down,Up,0.7165242165242177,0.6014150943396233
811,2022-11-17,793120,Down,Down,0.78,0.81,Down,Up,0.7165242165242177,0.6014150943396233
812,2023-06-23,1003013,Up,Up,0.8,0.79,Down,Down,0.7165242165242177,0.6014150943396233
813,2023-06-26,629558,Down,Down,0.85,0.82,Down,Down,0.7165242165242177,0.6014150943396233
814,2023-07-25,461333,Up,Down,0.71,0.63,Down,Up,0.7165242165242177,0.6014150943396233
815,2023-06-06,948699,Up,Down,0.62,0.61,Down,Down,0.7165242165242177,0.6014150943396233
816,2023-03-22,492988,Down,Up,0.89,0.87,Down,Up,0.7165242165242177,0.6014150943396233
817,2023-05-29,801618,Down,Down,0.77,0.74,Up,Up,0.7165242165242177,0.6014150943396233
818,2023-07-19,110499,Up,Down,0.54,0.57,Up,Down,0.7165242165242177,0.6014150943396233
819,2023-06-22,1003571,Up,Down,0.67,0.65,Up,Up,0.7165242165242177,0.6014150943396233
820,2023-03-13,547650,Down,Up,0.85,0.69,Down,Down,0.7165242165242177,0.6014150943396233
821,2023-06-06,763763,Down,Up,0.73,0.79,Down,Down,0.7165242165242177,0.6014150943396233
822,2023-03-28,176027,Down,Up,0.87,0.79,Up,Down,0.7165242165242177,0.6014150943396233
823,2023-06-30,623044,Up,Up,0.82,0.76,Up,Up,0.7165242165242177,0.6014150943396233
824,2023-07-26,453220,Down,Down,0.64,0.82,Down,Down,0.7165242165242177,0.6014150943396233
825,2023-04-18,513374,Down,Up,0.7,0.76,Up,Up,0.7165242165242177,0.6014150943396233
826,2023-02-10,1003364,Up,Down,0.84,0.72,Up,Up,0.7165242165242177,0.6014150943396233
827,2023-06-09,837957,Up,Down,0.74,0.78,Down,Up,0.7165242165242177,0.6014150943396233
828,2023-06-23,468567,Up,Up,0.77,0.74,Up,Down,0.7165242165242177,0.6014150943396233
829,2023-06-19,280557,Up,Down,0.66,0.79,Up,Up,0.7165242165242177,0.6014150943396233
830,2023-04-20,1003452,Down,Up,0.81,0.67,Down,Down,0.7165242165242177,0.6014150943396233
831,2023-04-03,209609,Up,Down,0.9,0.82,Up,Up,0.7165242165242177,0.6014150943396233
832,2023-06-02,1002968,Down,Up,0.81,0.68,Down,Up,0.7165242165242177,0.6014150943396233
833,2023-05-31,515458,Down,Down,0.79,0.62,Up,Up,0.7165242165242177,0.6014150943396233
834,2023-04-27,989109,Down,Down,0.75,0.66,Up,Up,0.7165242165242177,0.6014150943396233
835,2023-02-21,562014,Up,Up,0.82,0.66,Up,Down,0.7165242165242177,0.6014150943396233
836,2023-07-26,539868,Down,Down,0.65,0.6,Down,Down,0.7165242165242177,0.6014150943396233
837,2023-05-31,743949,Down,Up,0.76,0.58,Down,Down,0.7165242165242177,0.6014150943396233
838,2023-07-11,744293,Up,Up,0.74,0.74,Flat,Down,0.7165242165242177,0.6014150943396233
839,2023-02-24,919264,Down,Down,0.82,0.75,Up,Up,0.7165242165242177,0.6014150943396233
840,2023-06-27,639617,Up,Down,0.65,0.75,Up,Down,0.7165242165242177,0.6014150943396233
841,2023-05-03,289834,Up,Up,0.89,0.69,Up,Up,0.7165242165242177,0.6014150943396233
842,2023-05-17,1002718,Down,Down,0.78,0.71,Down,Down,0.7165242165242177,0.6014150943396233
843,2023-07-04,541728,Up,Up,0.8,0.77,Down,Down,0.7165242165242177,0.6014150943396233
844,2023-04-10,527477,Down,Up,0.86,0.79,Down,Down,0.7165242165242177,0.6014150943396233
845,2023-03-09,101946,Down,Down,0.76,0.68,Down,Up,0.7165242165242177,0.6014150943396233
846,2023-05-16,100894,Up,Up,0.79,0.78,Down,Down,0.7165242165242177,0.6014150943396233
847,2023-05-23,395702,Down,Up,0.73,0.69,Up,Up,0.7165242165242177,0.6014150943396233
848,2023-07-26,141577,Up,Down,0.62,0.51,Down,Up,0.7165242165242177,0.6014150943396233
849,2023-07-04,734845,Up,Up,0.73,0.75,Down,Up,0.7165242165242177,0.6014150943396233
850,2023-07-13,856648,Up,Up,0.74,0.62,Down,Up,0.7165242165242177,0.6014150943396233
851,2023-07-26,732050,Down,Up,0.64,0.58,Up,Up,0.7165242165242177,0.6014150943396233
852,2023-06-23,1003576,Up,Up,0.65,0.72,Down,Up,0.7165242165242177,0.6014150943396233
853,2023-07-26,808097,Down,Down,0.58,0.6,Down,Down,0.7165242165242177,0.6014150943396233
854,2023-07-26,1002814,Up,Up,0.62,0.65,Down,Up,0.7165242165242177,0.6014150943396233
855,2023-03-16,360959,Down,Down,0.82,0.73,Down,Down,0.7165242165242177,0.6014150943396233
856,2023-06-23,1000163,Down,Down,0.82,0.81,Down,Up,0.7165242165242177,0.6014150943396233
857,2023-05-26,364261,Up,Down,0.86,0.63,Down,Up,0.7165242165242177,0.6014150943396233
858,2023-07-26,592009,Down,Up,0.53,0.55,Up,Down,0.7165242165242177,0.6014150943396233
859,2023-06-09,373168,Down,Up,0.81,0.67,Down,Up,0.7165242165242177,0.6014150943396233
860,2023-05-25,146836,Down,Up,0.75,0.74,Down,Down,0.7165242165242177,0.6014150943396233
861,2023-07-13,688428,Up,Up,0.73,0.55,Flat,Up,0.7165242165242177,0.6014150943396233
862,2023-07-26,1003410,Down,Up,0.68,0.62,Up,Down,0.7165242165242177,0.6014150943396233
863,2023-07-26,1002800,Down,Down,0.65,0.68,Down,Down,0.7165242165242177,0.6014150943396233
864,2023-07-26,942521,Up,Down,0.66,0.58,Up,Down,0.7165242165242177,0.6014150943396233
865,2023-05-02,422062,Up,Up,0.77,0.68,Up,Down,0.7165242165242177,0.6014150943396233
866,2023-06-20,118611,Down,Up,0.84,0.69,Up,Down,0.7165242165242177,0.6014150943396233
867,2023-06-15,336744,Up,Down,0.72,0.58,Up,Down,0.7165242165242177,0.6014150943396233
868,2023-05-24,949649,Down,Up,0.77,0.7,Down,Down,0.7165242165242177,0.6014150943396233
869,2023-06-01,549544,Down,Down,0.75,0.63,Up,Down,0.7165242165242177,0.6014150943396233
870,2023-05-11,143614,Up,Up,0.8,0.7,Down,Down,0.7165242165242177,0.6014150943396233
871,2023-03-17,330885,Down,Down,0.87,0.74,Up,Up,0.7165242165242177,0.6014150943396233
872,2023-07-26,397071,Down,Up,0.68,0.7,Down,Up,0.7165242165242177,0.6014150943396233
873,2023-07-20,171892,Up,Up,0.69,0.66,Down,Down,0.7165242165242177,0.6014150943396233
874,2023-07-26,1003131,Down,Up,0.69,0.7,Down,Up,0.7165242165242177,0.6014150943396233
875,2023-06-08,1003416,Up,Up,0.77,0.67,Down,Down,0.7165242165242177,0.6014150943396233
876,2023-05-04,455903,Down,Down,0.78,0.63,Up,Down,0.7165242165242177,0.6014150943396233
877,2023-06-13,213617,Up,Down,0.57,0.58,Down,Up,0.7165242165242177,0.6014150943396233
878,2023-07-05,1003110,Up,Up,0.7,0.63,Down,Up,0.7165242165242177,0.6014150943396233
879,2023-05-18,1002771,Down,Down,0.82,0.7,Up,Down,0.7165242165242177,0.6014150943396233
880,2023-05-15,315296,Down,Down,0.79,0.69,Up,Up,0.7165242165242177,0.6014150943396233
881,2023-06-20,805473,Down,Up,0.73,0.58,Up,Down,0.7165242165242177,0.6014150943396233
882,2023-04-21,775741,Up,Up,0.9,0.7,Down,Up,0.7165242165242177,0.6014150943396233
883,2023-06-01,818765,Down,Down,0.78,0.65,Up,Down,0.7165242165242177,0.6014150943396233
884,2023-06-05,412939,Down,Down,0.85,0.71,Down,Down,0.7165242165242177,0.6014150943396233
885,2023-03-29,537216,Down,Up,0.65,0.58,Up,Down,0.7165242165242177,0.6014150943396233
886,2023-07-20,891577,Up,Up,0.68,0.58,Down,Down,0.7165242165242177,0.6014150943396233
887,2023-06-28,359139,Up,Up,0.74,0.69,Down,Up,0.7165242165242177,0.6014150943396233
888,2023-07-20,222901,Up,Up,0.58,0.54,Up,Down,0.7165242165242177,0.6014150943396233
889,2023-04-19,1003481,Down,Up,0.85,0.73,Up,Down,0.7165242165242177,0.6014150943396233
890,2023-05-18,659194,Up,Up,0.78,0.76,Up,Up,0.7165242165242177,0.6014150943396233
891,2023-03-23,380908,Down,Down,0.76,0.63,Up,Down,0.7165242165242177,0.6014150943396233
892,2023-06-09,248522,Down,Down,0.65,0.72,Up,Down,0.7165242165242177,0.6014150943396233
893,2023-07-25,770604,Up,Up,0.6,0.58,Up,Up,0.7165242165242177,0.6014150943396233
894,2023-05-12,728631,Down,Up,0.8,0.61,Up,Down,0.7165242165242177,0.6014150943396233
895,2023-07-26,295527,Down,Down,0.65,0.62,Up,Up,0.7165242165242177,0.6014150943396233
896,2023-07-26,1003099,Up,Down,0.62,0.56,Up,Up,0.7165242165242177,0.6014150943396233
897,2023-04-25,461857,Down,Down,0.61,0.63,Up,Up,0.7165242165242177,0.6014150943396233
898,2023-05-26,137618,Down,Up,0.84,0.73,Up,Down,0.7165242165242177,0.6014150943396233
899,2023-05-08,359242,Down,Up,0.85,0.84,Down,Up,0.7165242165242177,0.6014150943396233
900,2023-04-26,410328,Up,Up,0.82,0.62,Up,Down,0.7165242165242177,0.6014150943396233
901,2023-02-13,127568,Down,Down,0.83,0.71,Down,Down,0.7165242165242177,0.6014150943396233
902,2023-03-09,213056,Up,Up,0.9,0.83,Down,Down,0.7165242165242177,0.6014150943396233
903,2023-05-09,884842,Down,Down,0.82,0.8,Down,Down,0.7165242165242177,0.6014150943396233
904,2023-05-15,913012,Down,Down,0.77,0.61,Up,Down,0.7165242165242177,0.6014150943396233
905,2023-06-08,106152,Down,Down,0.82,0.8,Up,Up,0.7165242165242177,0.6014150943396233
906,2023-06-01,695610,Up,Up,0.78,0.62,Down,Down,0.7165242165242177,0.6014150943396233
907,2023-05-17,998049,Up,Up,0.7,0.78,Up,Up,0.7165242165242177,0.6014150943396233
908,2023-07-25,1003372,Up,Up,0.69,0.66,Down,Down,0.7165242165242177,0.6014150943396233
909,2023-07-26,1002847,Down,Up,0.62,0.84,Down,Up,0.7165242165242177,0.6014150943396233
910,2023-07-26,589145,Up,Down,0.62,0.61,Up,Up,0.7165242165242177,0.6014150943396233
911,2023-05-31,448733,Up,Down,0.64,0.55,Down,Up,0.7165242165242177,0.6014150943396233
912,2023-07-05,278022,Up,Down,0.8,0.73,Up,Down,0.7165242165242177,0.6014150943396233
913,2023-05-22,887823,Up,Up,0.72,0.75,Up,Up,0.7165242165242177,0.6014150943396233
914,2023-03-14,109342,Down,Up,0.73,0.67,Down,Down,0.7165242165242177,0.6014150943396233
915,2023-04-28,405665,Up,Up,0.72,0.75,Up,Up,0.7165242165242177,0.6014150943396233
916,2023-06-02,1002645,Up,Down,0.7,0.72,Down,Down,0.7165242165242177,0.6014150943396233
917,2023-06-27,1002584,Down,Down,0.9,0.88,Down,Up,0.7165242165242177,0.6014150943396233
918,2023-07-26,678787,Down,Down,0.68,0.55,Down,Down,0.7165242165242177,0.6014150943396233
919,2023-07-24,1002656,Up,Up,0.72,0.58,Down,Up,0.7165242165242177,0.6014150943396233
920,2023-07-13,360609,Up,Up,0.81,0.7,Up,Down,0.7165242165242177,0.6014150943396233
921,2023-03-24,1002803,Up,Up,0.82,0.78,Up,Up,0.7165242165242177,0.6014150943396233
922,2023-07-10,1002694,Down,Up,0.86,0.76,Down,Down,0.7165242165242177,0.6014150943396233
923,2023-06-01,1002872,Down,Down,0.68,0.64,Down,Down,0.7165242165242177,0.6014150943396233
924,2023-07-26,1000060,Up,Down,0.71,0.63,Up,Down,0.7165242165242177,0.6014150943396233
925,2023-06-07,909467,Up,Up,0.8,0.74,Up,Up,0.7165242165242177,0.6014150943396233
926,2023-06-30,845805,Up,Up,0.67,0.67,Down,Down,0.7165242165242177,0.6014150943396233
927,2023-06-16,588414,Down,Down,0.82,0.74,Up,Down,0.7165242165242177,0.6014150943396233
928,2023-05-03,161742,Down,Up,0.81,0.62,Up,Up,0.7165242165242177,0.6014150943396233
929,2023-04-28,166053,Down,Down,0.78,0.74,Down,Up,0.7165242165242177,0.6014150943396233
930,2023-04-17,159760,Up,Up,0.8,0.7,Up,Down,0.7165242165242177,0.6014150943396233
931,2023-05-30,670449,Down,Up,0.74,0.89,Up,Down,0.7165242165242177,0.6014150943396233
932,2023-07-26,828262,Up,Down,0.69,0.58,Up,Down,0.7165242165242177,0.6014150943396233
933,2023-06-19,337147,Up,Down,0.65,0.56,Down,Down,0.7165242165242177,0.6014150943396233
934,2023-05-02,348227,Up,Up,0.74,0.65,Up,Up,0.7165242165242177,0.6014150943396233
935,2023-03-24,421555,Down,Up,0.71,0.88,Down,Up,0.7165242165242177,0.6014150943396233
936,2023-06-13,1003473,Down,Up,0.92,0.75,Up,Down,0.7165242165242177,0.6014150943396233
937,2023-05-22,504759,Down,Up,0.71,0.65,Down,Down,0.7165242165242177,0.6014150943396233
938,2023-05-08,325754,Down,Down,0.85,0.75,Up,Down,0.7165242165242177,0.6014150943396233
939,2023-05-26,1003425,Down,Down,0.72,0.68,Up,Up,0.7165242165242177,0.6014150943396233
940,2023-07-26,564860,Up,Up,0.62,0.57,Up,Down,0.7165242165242177,0.6014150943396233
941,2023-07-26,415052,Down,Down,0.72,0.71,Down,Down,0.7165242165242177,0.6014150943396233
942,2023-04-20,748439,Down,Up,0.81,0.75,Down,Up,0.7165242165242177,0.6014150943396233
943,2023-04-28,1003355,Up,Up,0.86,0.82,Down,Down,0.7165242165242177,0.6014150943396233
944,2023-05-15,995536,Down,Down,0.74,0.55,Down,Down,0.7165242165242177,0.6014150943396233
945,2023-06-30,1003150,Up,Up,0.7,0.77,Down,Down,0.7165242165242177,0.6014150943396233
946,2023-05-16,178029,Down,Up,0.81,0.74,Down,Up,0.7165242165242177,0.6014150943396233
947,2023-07-11,844507,Down,Down,0.74,0.77,Down,Down,0.7165242165242177,0.6014150943396233
948,2023-06-06,768655,Down,Down,0.75,0.73,Down,Up,0.7165242165242177,0.6014150943396233
949,2023-07-26,1003439,Down,Down,0.75,0.66,Up,Down,0.7165242165242177,0.6014150943396233
950,2023-07-10,906634,Up,Down,0.59,0.67,Up,Up,0.7165242165242177,0.6014150943396233
951,2023-04-05,754697,Down,Up,0.7,0.7,Down,Up,0.7165242165242177,0.6014150943396233
952,2023-07-26,695791,Down,Up,0.67,0.66,Up,Up,0.7165242165242177,0.6014150943396233
953,2023-07-26,1003009,Down,Down,0.63,0.67,Down,Down,0.7165242165242177,0.6014150943396233
954,2023-06-19,780863,Down,Down,0.76,0.81,Up,Up,0.7165242165242177,0.6014150943396233
955,2023-06-15,360065,Up,Down,0.8,0.75,Down,Down,0.7165242165242177,0.6014150943396233
956,2023-07-03,765677,Up,Up,0.69,0.58,Up,Down,0.7165242165242177,0.6014150943396233
957,2023-07-26,1002757,Down,Down,0.53,0.62,Up,Up,0.7165242165242177,0.6014150943396233
958,2023-05-05,905788,Up,Up,0.87,0.75,Down,Up,0.7165242165242177,0.6014150943396233
959,2023-06-08,529773,Up,Up,0.66,0.71,Down,Up,0.7165242165242177,0.6014150943396233
960,2023-07-26,864998,Up,Up,0.5,0.57,Up,Up,0.7165242165242177,0.6014150943396233
961,2023-06-14,737446,Up,Down,0.86,0.69,Up,Up,0.7165242165242177,0.6014150943396233
962,2023-06-12,1003608,Up,Up,0.58,0.57,Down,Down,0.7165242165242177,0.6014150943396233
963,2023-07-26,426392,Up,Up,0.66,0.62,Up,Down,0.7165242165242177,0.6014150943396233
964,2023-04-03,180757,Down,Down,0.71,0.81,Up,Up,0.7165242165242177,0.6014150943396233
965,2023-04-05,852895,Down,Down,0.87,0.7,Up,Up,0.7165242165242177,0.6014150943396233
966,2023-06-07,172368,Up,Up,0.88,0.73,Up,Up,0.7165242165242177,0.6014150943396233
967,2023-05-24,308453,Down,Up,0.75,0.75,Down,Up,0.7165242165242177,0.6014150943396233
968,2023-06-02,420605,Up,Up,0.83,0.91,Up,Down,0.7165242165242177,0.6014150943396233
969,2023-07-26,131877,Up,Down,0.75,0.69,Up,Down,0.7165242165242177,0.6014150943396233
970,2023-04-13,553345,Down,Up,0.87,0.79,Up,Up,0.7165242165242177,0.6014150943396233
971,2023-06-08,780523,Down,Down,0.89,0.89,Down,Down,0.7165242165242177,0.6014150943396233
972,2023-04-05,107182,Up,Down,0.8,0.69,Up,Down,0.7165242165242177,0.6014150943396233
973,2023-05-11,531797,Down,Down,0.79,0.61,Up,Up,0.7165242165242177,0.6014150943396233
974,2023-06-02,921067,Up,Up,0.8,0.67,Up,Down,0.7165242165242177,0.6014150943396233
975,2023-06-01,699119,Down,Up,0.8,0.77,Up,Down,0.7165242165242177,0.6014150943396233
976,2023-06-28,636797,Down,Down,0.85,0.75,Down,Up,0.7165242165242177,0.6014150943396233
977,2023-05-23,1003580,Down,Down,0.71,0.57,Down,Down,0.7165242165242177,0.6014150943396233
978,2023-07-26,1002987,Down,Up,0.58,0.7,Down,Up,0.7165242165242177,0.6014150943396233
979,2023-05-22,452063,Down,Up,0.78,0.68,Down,Up,0.7165242165242177,0.6014150943396233
980,2023-07-26,634431,Down,Down,0.61,0.6,Down,Up,0.7165242165242177,0.6014150943396233
981,2023-07-04,370662,Up,Up,0.74,0.56,Down,Down,0.7165242165242177,0.6014150943396233
982,2023-07-17,531139,Down,Down,0.54,0.51,Down,Down,0.7165242165242177,0.6014150943396233
983,2023-04-11,591600,Up,Up,0.72,0.69,Up,Down,0.7165242165242177,0.6014150943396233
984,2023-05-05,611023,Up,Down,0.73,0.62,Up,Down,0.7165242165242177,0.6014150943396233
985,2023-06-12,617014,Down,Down,0.85,0.74,Down,Down,0.7165242165242177,0.6014150943396233
986,2023-07-03,921237,Up,Down,0.78,0.64,Up,Down,0.7165242165242177,0.6014150943396233
987,2023-06-22,219774,Down,Down,0.74,0.67,Down,Down,0.7165242165242177,0.6014150943396233
988,2023-07-26,847959,Up,Up,0.68,0.53,Down,Up,0.7165242165242177,0.6014150943396233
989,2023-07-26,1000161,Down,Up,0.76,0.82,Down,Down,0.7165242165242177,0.6014150943396233
990,2023-06-16,598896,Down,Up,0.81,0.65,Up,Up,0.7165242165242177,0.6014150943396233
991,2023-02-22,1003581,Up,Down,0.79,0.7,Up,Up,0.7165242165242177,0.6014150943396233
992,2023-06-01,264317,Up,Down,0.83,0.7,Down,Down,0.7165242165242177,0.6014150943396233
993,2023-06-06,694669,Up,Down,0.68,0.7,Up,Down,0.7165242165242177,0.6014150943396233
994,2023-07-26,563917,Down,Down,0.75,0.61,Down,Down,0.7165242165242177,0.6014150943396233
995,2023-07-05,937608,Up,Down,0.73,0.61,Up,Down,0.7165242165242177,0.6014150943396233
996,2023-04-25,372338,Down,Up,0.8,0.81,Down,Up,0.7165242165242177,0.6014150943396233
997,2023-05-25,387440,Up,Up,0.84,0.75,Down,Up,0.7165242165242177,0.6014150943396233
998,2023-05-04,914785,Up,Down,0.83,0.66,Up,Down,0.7165242165242177,0.6014150943396233
999,2023-07-26,1002620,Down,Up,0.82,0.92,Down,Down,0.7165242165242177,0.6014150943396233
1000,2023-07-26,621403,Down,Down,0.64,0.58,Down,Down,0.7165242165242177,0.6014150943396233
1001,2023-06-14,1002983,Down,Down,0.78,0.73,Up,Down,0.7165242165242177,0.6014150943396233
1002,2023-05-09,288379,Up,Down,0.67,0.67,Up,Up,0.7165242165242177,0.6014150943396233
1003,2023-07-13,521481,Up,Down,0.76,0.9,Up,Down,0.7165242165242177,0.6014150943396233
1004,2023-07-26,873791,Up,Up,0.67,0.69,Up,Up,0.7165242165242177,0.6014150943396233
1005,2023-06-09,690246,Up,Up,0.82,0.67,Down,Up,0.7165242165242177,0.6014150943396233
1006,2023-07-04,564803,Up,Down,0.57,0.47,Down,Up,0.7165242165242177,0.6014150943396233
1007,2023-06-01,608999,Down,Down,0.82,0.72,Down,Down,0.7165242165242177,0.6014150943396233
1008,2023-04-27,1003566,Up,Down,0.65,0.59,Up,Up,0.7165242165242177,0.6014150943396233
1009,2023-07-25,1003063,Up,Up,0.67,0.62,Up,Down,0.7165242165242177,0.6014150943396233
1010,2023-04-13,418044,Up,Up,0.75,0.81,Up,Down,0.7165242165242177,0.6014150943396233
1011,2023-05-04,255722,Up,Up,0.7,0.71,Down,Down,0.7165242165242177,0.6014150943396233
1012,2023-05-04,464237,Up,Up,0.77,0.67,Down,Up,0.7165242165242177,0.6014150943396233
1013,2023-07-14,925707,Down,Down,0.8,0.64,Down,Down,0.7165242165242177,0.6014150943396233
1014,2023-07-06,946670,Up,Up,0.7,0.74,Up,Up,0.7165242165242177,0.6014150943396233
1015,2023-03-28,1003558,Down,Down,0.91,0.6,Up,Up,0.7165242165242177,0.6014150943396233
1016,2023-06-05,914093,Up,Down,0.72,0.81,Up,Up,0.7165242165242177,0.6014150943396233
1017,2023-04-03,486005,Down,Down,0.83,0.74,Down,Down,0.7165242165242177,0.6014150943396233
