Date,Price,Open,High,Low,Volume,Change(%)
16 Aug 2023,982.1,984.8,987.05,970.55,327673,-0.38%
14 Aug 2023,985.8,995.8,995.8,976,465280,-2.50%
11 Aug 2023,1011.1,1032,1032,1008.1,656045,-1.53%
10 Aug 2023,1026.85,1060,1064.55,1021.05,698420,-3.54%
09 Aug 2023,1064.55,1071.2,1071.9,1057.6,338087,-0.69%
08 Aug 2023,1071.9,1066.05,1078,1050.2,445577,0.76%
07 Aug 2023,1063.85,1070,1093.75,1059,835927,0.72%
04 Aug 2023,1056.25,1140,1140,1053.85,2474513,-5.75%
03 Aug 2023,1120.7,1095,1126,1082.45,892712,2.09%
02 Aug 2023,1097.75,1120.95,1144,1081.55,979508,-2.07%
01 Aug 2023,1120.95,1118.3,1130.35,1104.1,370405,0.24%
31 Jul 2023,1118.3,1116.5,1137,1107.5,453504,0.56%
28 Jul 2023,1112.05,1124.75,1124.75,1086.7,720289,2.03%
27 Jul 2023,1089.9,1086.6,1105,1081.05,534497,0.30%
26 Jul 2023,1086.6,1091.95,1096.35,1079.4,237808,-0.25%
25 Jul 2023,1089.3,1048.8,1092,1043.25,541892,3.86%
24 Jul 2023,1048.8,1075,1077.6,1043.95,264500,-1.54%
21 Jul 2023,1065.25,1061.95,1071.65,1058,155979,-0.07%
20 Jul 2023,1065.95,1065,1074.3,1062.65,123880,0.14%
19 Jul 2023,1064.45,1061.9,1071.2,1058,249800,0.39%
18 Jul 2023,1060.35,1075.7,1087.4,1057.2,432302,-1.37%
17 Jul 2023,1075.05,1081.05,1096.8,1072,166664,-0.64%
14 Jul 2023,1082,1084.65,1087.7,1073.55,252300,-0.24%
13 Jul 2023,1084.65,1124,1124.3,1082,412765,-2.60%
12 Jul 2023,1113.55,1112,1134,1105.4,1053186,0.14%
11 Jul 2023,1112,1105,1115,1098.05,223484,1.09%
10 Jul 2023,1100,1111.75,1116.6,1090.05,270923,-1.05%
07 Jul 2023,1111.65,1106.95,1124.35,1105.25,596658,0.68%
06 Jul 2023,1104.1,1080,1110.75,1076.85,649853,2.23%
05 Jul 2023,1080,1072.5,1087.6,1069.95,311617,0.74%
04 Jul 2023,1072.1,1086.9,1086.9,1067.95,248802,-0.82%
03 Jul 2023,1080.95,1054,1087.35,1049.5,782193,3.09%
30 Jun 2023,1048.5,1035.1,1056,1035.1,311696,1.34%
28 Jun 2023,1034.6,1044,1052.4,1028.2,397465,-1.06%
27 Jun 2023,1045.65,1034.7,1062.35,1032.05,1228102,1.59%
26 Jun 2023,1029.3,1011,1034.9,1010,223902,1.25%
23 Jun 2023,1016.55,1037,1040,1013.5,371563,-2.03%
22 Jun 2023,1037.65,1038,1069,1035,679027,-0.15%
21 Jun 2023,1039.25,1034.7,1044,1026.25,196494,0.46%
20 Jun 2023,1034.5,1029.1,1037.55,1026,143724,0.33%
19 Jun 2023,1031.05,1045.2,1051.05,1023.4,231777,-1.35%
16 Jun 2023,1045.2,1041.95,1049.8,1036,147485,0.43%
15 Jun 2023,1040.75,1053.45,1056.6,1038,200886,-0.67%
14 Jun 2023,1047.75,1032.5,1050.35,1029.05,335413,1.94%
13 Jun 2023,1027.8,1026.65,1034.3,1021,222508,0.69%
12 Jun 2023,1020.8,1032,1032,1015.1,164612,-0.43%
09 Jun 2023,1025.25,1032,1037.85,1020.05,107117,-0.44%
08 Jun 2023,1029.8,1036.6,1042.4,1024.1,246243,-0.02%
07 Jun 2023,1030.05,1033,1035,1026,122165,0.23%
06 Jun 2023,1027.65,1030.1,1033,1020.9,157556,-0.12%
05 Jun 2023,1028.9,1040,1046.95,1025.7,239476,-0.86%
02 Jun 2023,1037.8,1069,1076,1030.1,568042,-2.92%
01 Jun 2023,1069,1057.8,1079.9,1055.65,602650,1.06%
31 May 2023,1057.8,1053.8,1064.65,1048.8,281106,0.37%
30 May 2023,1053.85,1045.2,1061.35,1042.2,370934,0.83%
29 May 2023,1045.2,1044.45,1053.45,1039,158058,0.96%
26 May 2023,1035.3,1033.45,1047.2,1030.1,204505,0.22%
25 May 2023,1033.05,1030,1038,1024.75,148456,0.04%
24 May 2023,1032.65,1021.6,1039.5,1021.6,223369,0.27%
23 May 2023,1029.9,1029.1,1034.6,1024.1,214061,0.14%
22 May 2023,1028.5,1027.95,1034.25,1020.95,206181,-0.07%
19 May 2023,1029.2,1047.05,1047.85,1025.25,283282,-1.22%
18 May 2023,1041.95,1062.9,1071.5,1039.05,350910,-1.47%
17 May 2023,1057.45,1054.8,1065,1045.45,225405,0.29%
16 May 2023,1054.35,1053,1074.1,1050.4,425446,0.12%
15 May 2023,1053.05,1048.65,1057,1031.65,595994,0.45%
12 May 2023,1048.35,1050.6,1076.95,1045.85,1238264,-2.79%
11 May 2023,1078.4,1100,1100,1073.9,593770,-1.91%
10 May 2023,1099.45,1081.75,1103,1055.4,2080139,2.38%
09 May 2023,1073.9,1045,1097.7,1028.95,6826366,7.43%
08 May 2023,999.6,981.1,1002.85,979,250592,2.04%
05 May 2023,979.6,985.05,989.25,976,142636,-0.44%
04 May 2023,983.95,1006.85,1006.85,979,471094,-1.77%
03 May 2023,1001.65,1007.35,1014.85,998.3,227927,-0.21%
02 May 2023,1003.8,1009.75,1018,999.05,260828,-0.48%
28 Apr 2023,1008.65,1008.95,1015,1000,333791,0.22%
27 Apr 2023,1006.45,1013,1020,1002.3,362450,-0.72%
26 Apr 2023,1013.8,1015,1018.6,1001,276178,0.33%
25 Apr 2023,1010.5,1017.6,1022.1,1006.55,344682,-0.70%
24 Apr 2023,1017.6,1003.8,1021.9,998.85,373504,1.37%
21 Apr 2023,1003.8,1014,1016.15,1001,149268,-0.48%
20 Apr 2023,1008.65,1016.5,1024.85,1007,338596,-0.25%
19 Apr 2023,1011.15,1020,1024,1008,404164,-0.67%
18 Apr 2023,1018,1007.8,1035,1004.4,1038085,0.41%
17 Apr 2023,1013.85,982,1015,982,655253,2.29%
13 Apr 2023,991.15,998,1004.7,988.85,390121,-0.61%
12 Apr 2023,997.25,997.3,1015.8,990.6,889973,0.56%
11 Apr 2023,991.65,995,1002.9,984.65,659780,-0.07%
10 Apr 2023,992.3,1000.45,1024.5,973.15,1561798,0.94%
06 Apr 2023,983.1,968,986,954.5,892334,2.66%
05 Apr 2023,957.6,929.15,960.5,920.15,1387525,3.98%
03 Apr 2023,920.95,995.8,995.8,909,2190452,-6.36%
31 Mar 2023,983.45,991.95,991.95,974.55,422523,-0.14%
29 Mar 2023,984.8,981.05,990.55,976.65,340000,0.50%
28 Mar 2023,979.9,964,981.8,959.5,679477,2.46%
27 Mar 2023,956.35,955.2,964.1,945.4,312851,-0.42%
24 Mar 2023,960.35,975,979.7,957.3,312601,-1.35%
23 Mar 2023,973.45,975,987.85,970.8,309006,-0.61%
22 Mar 2023,979.4,982,988.95,975.55,282340,-0.81%
21 Mar 2023,987.35,981,999.45,979.95,794142,1.79%
20 Mar 2023,970,978.05,988.7,963.65,353969,-1.46%
17 Mar 2023,984.4,989.15,997.75,977.85,294567,-0.27%
16 Mar 2023,987.1,966.5,992,966.5,484625,1.31%
15 Mar 2023,974.3,981,986.9,966.05,608864,-0.74%
14 Mar 2023,981.6,992.75,1002.2,979.15,761322,-0.88%
13 Mar 2023,990.35,986.35,1006.65,984.3,1303984,0.41%
10 Mar 2023,986.35,989.95,996,977,669134,-1.07%
09 Mar 2023,997,986,1006.25,984.15,1106501,0.98%
08 Mar 2023,987.3,987.4,995.5,976.2,1515835,0.14%
06 Mar 2023,985.95,920,989.5,917.25,4955639,8.72%
03 Mar 2023,906.9,908.6,917,899.15,597836,0.88%
02 Mar 2023,898.95,904,908.45,896.15,236381,-0.55%
01 Mar 2023,903.95,900,905,891.05,244561,0.90%
28 Feb 2023,895.85,874.2,897.7,872.4,324340,2.54%
27 Feb 2023,873.65,876,882,867.25,111090,-0.79%
24 Feb 2023,880.65,876.2,883,867.25,207432,0.60%
23 Feb 2023,875.4,887,887,864.7,254430,-0.87%
22 Feb 2023,883.1,893.9,896.6,879.3,230051,-1.30%
21 Feb 2023,894.75,895.55,904.35,891.25,233927,0.57%
20 Feb 2023,889.65,887,896,883.7,337022,0.31%
17 Feb 2023,886.9,920,925.5,885,693181,-3.69%
16 Feb 2023,920.85,908.8,931.7,901.5,747796,1.83%
15 Feb 2023,904.3,889,907.45,889,429652,1.69%
14 Feb 2023,889.3,882.1,894.95,868,455736,-0.29%
13 Feb 2023,891.85,902.5,903.4,881.55,375839,-1.05%
10 Feb 2023,901.35,895.3,903,885.05,193924,0.90%
09 Feb 2023,893.3,906,908.7,887.2,282498,-1.08%
08 Feb 2023,903.05,882.1,906,872.85,276965,2.19%
07 Feb 2023,883.7,882,888.8,870,310724,0.19%
06 Feb 2023,882,851.6,885,851,551834,3.72%
03 Feb 2023,850.35,862,868.9,830.5,643454,-0.18%
02 Feb 2023,851.85,876,877.95,843,344772,-3.28%
01 Feb 2023,880.7,883.95,898.05,868.4,279085,-0.37%
31 Jan 2023,883.95,853.9,887.9,850,298571,4.06%
30 Jan 2023,849.45,852.55,867.5,847.1,187863,-0.15%
27 Jan 2023,850.7,864.1,876.35,844.35,208102,-1.82%
25 Jan 2023,866.45,865.6,876.4,861.05,165318,-0.77%
24 Jan 2023,873.2,888.95,893.65,870,320181,-1.16%
23 Jan 2023,883.45,867.8,889.45,867.75,283210,1.81%
20 Jan 2023,867.75,863.85,882.8,862.5,490043,0.95%
19 Jan 2023,859.55,860.4,868.4,855.05,89934,-0.36%
18 Jan 2023,862.65,852.1,866.7,852.1,83340,1.01%
17 Jan 2023,854.05,855,857.8,841,111306,0.38%
16 Jan 2023,850.8,855.1,861.95,845.35,82220,-0.49%
13 Jan 2023,854.95,858,870.4,847,181157,-0.81%
12 Jan 2023,861.95,867.55,871.45,860.5,112304,-0.63%
11 Jan 2023,867.4,870,871.9,860.7,81258,-0.07%
10 Jan 2023,868.05,871,874.45,861.65,96795,-0.16%
09 Jan 2023,869.4,863.85,872.65,863.85,117381,1.15%
06 Jan 2023,859.55,868.5,874.3,853,220995,-0.90%
05 Jan 2023,867.35,851.45,869,845.5,205112,1.87%
04 Jan 2023,851.45,857.1,860,845,328598,-0.60%
03 Jan 2023,856.6,845.2,862.95,842.35,273557,1.35%
02 Jan 2023,845.2,842.7,847.25,834.3,128988,0.83%
30 Dec 2022,838.25,838.2,849.35,834.35,225363,0.06%
29 Dec 2022,837.75,842,842.85,833.65,243113,-0.63%
28 Dec 2022,843.1,848,852.5,839,119276,-0.48%
27 Dec 2022,847.15,851,857.8,841.2,200068,-0.11%
26 Dec 2022,848.1,830,851,820.1,257126,2.33%
23 Dec 2022,828.8,862.95,863.5,825,361062,-4.27%
22 Dec 2022,865.75,887,891.8,856.4,608905,-2.45%
21 Dec 2022,887.5,910,918.85,878.35,518030,-2.45%
20 Dec 2022,909.75,909.7,915,890.55,622422,0.32%
19 Dec 2022,906.85,890.6,910.7,888.05,587354,1.98%
16 Dec 2022,889.2,898.5,909,883.55,563698,-1.06%
15 Dec 2022,898.75,887,905,880.4,376492,1.52%
14 Dec 2022,885.25,876,888.4,875,270146,1.33%
13 Dec 2022,873.6,878.85,884.8,870,254450,-0.52%
12 Dec 2022,878.2,873.45,880,860,209819,0.81%
09 Dec 2022,871.15,883.1,894.1,863,313052,-1.27%
08 Dec 2022,882.35,884.9,889.55,876.4,218167,-0.16%
07 Dec 2022,883.75,897,901.75,881,275679,-1.72%
06 Dec 2022,899.2,907.8,912.55,894.25,486374,-0.55%
05 Dec 2022,904.15,909,911.7,897.4,160208,-0.34%
02 Dec 2022,907.25,904.5,918,899,489400,0.83%
01 Dec 2022,899.75,909,922.45,897,544761,-0.33%
30 Nov 2022,902.75,897.95,922.5,893.05,551670,0.59%
29 Nov 2022,897.45,914.8,916.1,892.05,485497,-1.43%
28 Nov 2022,910.45,891,914.5,882,524462,2.16%
25 Nov 2022,891.2,873.95,892.65,868.05,318083,2.35%
24 Nov 2022,870.7,877.95,880.75,845.05,592668,-0.67%
23 Nov 2022,876.6,868.25,879.45,860.85,334291,0.60%
22 Nov 2022,871.35,895,917,864.05,908116,-3.31%
21 Nov 2022,901.15,899.35,906,891,512073,0.49%
18 Nov 2022,896.75,882,903.7,874.5,641035,2.01%
17 Nov 2022,879.05,889.2,893.85,874.4,293047,-1.45%
16 Nov 2022,891.95,899.65,913,886.4,731864,-0.87%
15 Nov 2022,899.75,884.7,907.8,877.25,1192127,2.21%
14 Nov 2022,880.3,861,888,837.05,674481,0.49%
11 Nov 2022,876.05,894,894,867.8,261566,-0.22%
10 Nov 2022,878,879.95,897.45,873.3,415229,0.10%
09 Nov 2022,877.15,886,892.45,875,255050,-1.36%
07 Nov 2022,889.2,894.5,897.95,876.95,369529,-0.07%
04 Nov 2022,889.85,887.5,894,882.1,209665,0.30%
03 Nov 2022,887.15,876.3,889,872.45,305686,1.24%
02 Nov 2022,876.3,865.95,881.75,862.9,352269,1.21%
01 Nov 2022,865.8,861.65,868,857.15,155387,0.48%
31 Oct 2022,861.65,856.2,865.9,847,248279,0.67%
28 Oct 2022,855.95,868.95,875,851.5,453346,-1.50%
27 Oct 2022,868.95,839,874.9,836.25,1480704,3.66%
25 Oct 2022,838.3,780.3,840.7,780.3,1335509,6.66%
24 Oct 2022,785.95,790,795,785,38887,0.29%
21 Oct 2022,783.65,786.8,792.6,774,335668,0.08%
20 Oct 2022,783.05,786.7,788.6,773,322222,-0.29%
19 Oct 2022,785.35,800.35,809,783.65,510978,-1.38%
18 Oct 2022,796.35,802,805.7,787.15,635158,0.18%
17 Oct 2022,794.95,811.45,816.15,792,323902,-1.66%
14 Oct 2022,808.4,786.8,814.4,786.8,609841,3.28%
13 Oct 2022,782.7,779.75,792.2,779.75,234859,0.38%
12 Oct 2022,779.75,787.25,787.25,771.4,286061,-0.26%
11 Oct 2022,781.8,809.9,810.85,779.65,450932,-3.10%
10 Oct 2022,806.85,819.15,820.4,802.1,222756,-1.50%
07 Oct 2022,819.15,829.4,838,810.9,349269,-1.02%
06 Oct 2022,827.55,827.65,841,825,433502,0.49%
04 Oct 2022,823.55,822.1,830,812.05,653825,2.67%
03 Oct 2022,802.1,821.95,824.95,796.05,1228043,-3.61%
30 Sep 2022,832.15,865,875,826.6,1244113,-4.79%
29 Sep 2022,874.05,866.85,885,866.05,968857,1.34%
28 Sep 2022,862.5,846.15,870.8,839.85,880394,1.31%
27 Sep 2022,851.35,800,857.8,798.15,1273738,6.67%
26 Sep 2022,798.15,835,836.95,790,473138,-4.75%
23 Sep 2022,837.95,871.9,878.2,836,399595,-3.96%
22 Sep 2022,872.5,854.9,874.95,850.9,346184,1.82%
21 Sep 2022,856.9,872.9,906,855.1,1605224,-1.40%
20 Sep 2022,869.1,862.9,878.35,858.5,320874,1.25%
19 Sep 2022,858.35,852,864.5,834,386054,0.95%
16 Sep 2022,850.25,900.05,904.55,847,559134,-5.06%
15 Sep 2022,895.55,875.75,904,871.05,686474,2.52%
14 Sep 2022,873.5,872.8,875.9,865.1,224856,-0.69%
13 Sep 2022,879.6,889,896.4,876,157066,-0.97%
12 Sep 2022,888.2,884.55,892.5,879.05,187786,0.90%
09 Sep 2022,880.25,881.5,897.6,874.9,494949,0.38%
08 Sep 2022,876.9,884,889.75,874.4,184137,0.01%
07 Sep 2022,876.8,856,880.5,856,198269,1.46%
06 Sep 2022,864.2,878.8,884.55,861.35,188644,-1.09%
05 Sep 2022,873.75,872.5,876.3,865.1,163704,0.19%
02 Sep 2022,872.05,875.75,892,868.85,709597,0.05%
01 Sep 2022,871.65,864.4,884,862.05,423334,0.37%
30 Aug 2022,868.45,862,870.6,859,253442,0.84%
29 Aug 2022,861.2,847.5,866.7,840,371261,0.76%
26 Aug 2022,854.7,860,865,851.8,142147,-0.13%
25 Aug 2022,855.85,864,872,852.6,273897,-0.83%
24 Aug 2022,863,865,867.1,852.5,338925,0.34%
23 Aug 2022,860.1,846,865.4,840.95,444861,0.90%
22 Aug 2022,852.45,868.9,870.7,850,356784,-1.75%
19 Aug 2022,867.65,891.75,902,863.95,738043,-2.70%
18 Aug 2022,891.75,905,920,886,656371,-1.58%
17 Aug 2022,906.1,908,912,887,1598775,-1.69%
16 Aug 2022,921.65,892.25,925,890.1,1373922,3.59%
12 Aug 2022,889.75,860,902,853.35,2036194,3.42%
11 Aug 2022,860.35,812.75,863.6,799,3346586,5.92%
10 Aug 2022,812.3,822,822.75,797.35,1077234,-0.66%
08 Aug 2022,817.7,790.1,829,790.1,2814483,4.14%
05 Aug 2022,785.2,782.5,794.85,759.35,694452,0.62%
04 Aug 2022,780.35,789,792.9,770.25,417498,-0.63%
03 Aug 2022,785.3,790,795.45,777.55,428392,-0.26%
02 Aug 2022,787.35,781,788.95,775,258003,0.71%
01 Aug 2022,781.8,760,784,756.55,556380,3.73%
29 Jul 2022,753.7,757,759.5,748.5,267784,0.81%
28 Jul 2022,747.65,751.8,756.5,738.4,255680,-0.03%
27 Jul 2022,747.9,725.05,749.95,725,453505,2.59%
26 Jul 2022,729.05,745.1,748.15,727,353890,-1.94%
25 Jul 2022,743.45,745,753.15,737.25,454286,-1.14%
22 Jul 2022,752,774,776,750,486933,-2.57%
21 Jul 2022,771.85,784.5,787.95,770.2,308866,-1.59%
20 Jul 2022,784.35,788.5,797,782.3,255400,-0.08%
19 Jul 2022,785,792,802,780.1,371251,-1.84%
18 Jul 2022,799.7,795,806.8,794.1,239266,0.41%
15 Jul 2022,796.4,795.55,801.9,791.5,72515,0.14%
14 Jul 2022,795.3,795.1,804.25,790.25,152922,-0.59%
13 Jul 2022,800.05,807,810,794.3,440554,1.13%
12 Jul 2022,791.1,798,809.95,788.2,158546,-1.56%
11 Jul 2022,803.6,803.05,807.2,793.85,162595,0.07%
08 Jul 2022,803.05,793,812.45,787.45,505460,1.76%
07 Jul 2022,789.15,783.8,799.75,782.55,355641,0.91%
06 Jul 2022,782.05,767.2,784.35,763.6,289857,1.94%
05 Jul 2022,767.15,784.15,787,765,243167,-1.27%
04 Jul 2022,777,765,788.25,765,544035,0.92%
01 Jul 2022,769.9,760.55,771,757.05,170132,1.22%
30 Jun 2022,760.6,758.4,771.75,755,377663,-0.24%
29 Jun 2022,762.4,759.75,771.2,748.4,333316,-0.26%
28 Jun 2022,764.4,761,770.95,750.05,651004,0.15%
27 Jun 2022,763.25,765,768,757.2,267452,0.96%
24 Jun 2022,756,742,760.15,740,643391,2.29%
23 Jun 2022,739.1,737.65,746.7,727.5,330754,0.20%
22 Jun 2022,737.65,716,742,709.8,902930,2.89%
21 Jun 2022,716.9,682,718.85,682,482148,5.82%
20 Jun 2022,677.5,700,701.8,665.8,460388,-3.07%
17 Jun 2022,698.95,721.9,724.45,696,427277,-3.04%
16 Jun 2022,720.85,772,772.95,716.35,460376,-5.51%
15 Jun 2022,762.85,759,784.55,756.55,1431765,1.68%
14 Jun 2022,750.25,740.9,759.95,738.15,443183,1.26%
13 Jun 2022,740.95,758,758.55,735.1,272300,-3.23%
10 Jun 2022,765.65,758,770,756.3,291862,-0.75%
09 Jun 2022,771.45,762.1,781.8,759.05,705204,1.23%
08 Jun 2022,762.1,764.95,771,755,221767,0.04%
07 Jun 2022,761.8,761,770.4,756.1,168767,-0.23%
06 Jun 2022,763.55,764,766.4,753.15,101112,0.19%
03 Jun 2022,762.1,774.3,775.2,760.2,116986,-1.05%
02 Jun 2022,770.2,764.1,773,757.2,217781,0.80%
01 Jun 2022,764.1,763,766,755,157351,1.02%
31 May 2022,756.4,750,762.45,746.45,219678,0.92%
30 May 2022,749.5,736,753.1,736,163028,2.12%
27 May 2022,733.95,742.85,749.75,730.35,146270,-1.20%
26 May 2022,742.85,724.8,745,712.4,241264,2.49%
25 May 2022,724.8,730,736.45,721.3,333379,-1.09%
24 May 2022,732.8,756,756.15,730.2,308592,-3.04%
23 May 2022,755.75,765,768.15,753,145441,-0.91%
20 May 2022,762.7,754.7,765,752.6,210032,2.30%
19 May 2022,745.55,760,760,741.4,235068,-2.59%
18 May 2022,765.4,770.7,776.5,763.3,264514,-0.17%
17 May 2022,766.7,765.95,769,754,351782,0.87%
16 May 2022,760.1,741.55,762.7,735,284058,2.65%
13 May 2022,740.5,755.3,766.35,737.3,569239,-1.02%
12 May 2022,748.15,764.6,764.6,739.05,529217,-2.15%
11 May 2022,764.6,775,799,755.95,2702074,2.33%
10 May 2022,747.2,757,776.05,743,378683,-1.99%
09 May 2022,762.4,757,778.9,754.8,587204,-0.20%
06 May 2022,763.95,761.5,769,752.55,206813,-0.31%
05 May 2022,766.3,768,779.5,761.2,198200,-0.07%
04 May 2022,766.8,775,780,763.2,295843,-0.60%
02 May 2022,771.4,765.95,774.85,756.5,410970,0.29%
29 Apr 2022,769.2,808,819.75,766,1348564,-6.86%
28 Apr 2022,825.85,842.8,842.8,821.35,382538,-1.07%
27 Apr 2022,834.8,817.3,847.2,814.9,1588067,1.51%
26 Apr 2022,822.4,812,824.95,810.45,231222,1.78%
25 Apr 2022,808,817.95,823.15,804.75,217422,-1.92%
22 Apr 2022,823.85,820,838.65,818,380976,-0.21%
21 Apr 2022,825.55,819.4,828.75,813.5,282912,1.73%
20 Apr 2022,811.5,809.55,822,799.1,246222,0.23%
19 Apr 2022,809.6,825.05,837.15,797.95,363125,-1.73%
18 Apr 2022,823.85,828.7,835.95,815.05,278139,-0.63%
13 Apr 2022,829.1,841,847.6,817.1,943933,1.57%
12 Apr 2022,816.3,831,837,811,244357,-1.95%
11 Apr 2022,832.55,834.45,844,830,285936,0.45%
08 Apr 2022,828.8,823,834.5,818.4,294053,1.10%
07 Apr 2022,819.8,827,835,815,474987,-0.11%
06 Apr 2022,820.7,839,865,815.35,1521099,-0.96%
05 Apr 2022,828.65,830,835,821.1,495374,0.31%
04 Apr 2022,826.05,803.3,828,796.25,1082048,3.81%
01 Apr 2022,795.75,785,797.3,770.05,551184,2.14%
31 Mar 2022,779.05,787,803,776,840894,-0.48%
30 Mar 2022,782.8,784,791.5,773.3,711309,0.58%
29 Mar 2022,778.3,761,794,761,1541684,2.31%
28 Mar 2022,760.75,758.3,766.4,737.85,803804,0.55%
25 Mar 2022,756.6,776.8,784.65,752.65,483711,-1.72%
24 Mar 2022,769.85,765,775.6,756.45,362700,-0.19%
23 Mar 2022,771.3,759.8,794.9,757.15,1806388,2.42%
22 Mar 2022,753.05,769,769,746.35,334753,-1.33%
21 Mar 2022,763.2,770,775,760.25,413269,-0.70%
17 Mar 2022,768.55,778.4,782.85,766.95,518355,-0.04%
16 Mar 2022,768.85,756.1,776.95,756.1,572420,2.04%
15 Mar 2022,753.5,790,792.85,751.2,682830,-5.03%
14 Mar 2022,793.4,760.9,797,755.55,3300995,5.79%
11 Mar 2022,750,760,762.05,744.1,697058,-1.32%
10 Mar 2022,760,768,772.15,755,431173,0.24%
09 Mar 2022,758.2,775,778.8,748.8,661284,-0.48%
08 Mar 2022,761.85,722.75,777.25,720.05,2481243,6.75%
07 Mar 2022,713.7,712,731,696.3,645139,-0.37%
04 Mar 2022,716.35,723.1,728.35,712,423324,-1.48%
03 Mar 2022,727.1,734,736.55,722.5,364817,0.17%
02 Mar 2022,725.9,725,743.4,720.35,489824,-0.24%
28 Feb 2022,727.65,699,730,690.6,569000,3.67%
25 Feb 2022,701.9,693.95,716.65,690.3,1073132,3.02%
24 Feb 2022,681.3,725,739.5,680,887399,-8.89%
23 Feb 2022,747.75,747.95,756,746.05,221233,0.47%
22 Feb 2022,744.25,752,758.55,740,400588,-2.50%
21 Feb 2022,763.3,766,775,757.05,334614,-0.68%
18 Feb 2022,768.5,774,778.5,766,315234,-1.00%
17 Feb 2022,776.25,790,794.75,775.05,374842,-2.54%
16 Feb 2022,796.45,805,813.8,794,514319,-0.46%
15 Feb 2022,800.15,798.5,810,771.1,547655,1.78%
14 Feb 2022,786.15,795,805.75,763.65,733310,-1.60%
11 Feb 2022,798.9,786,808.95,783.1,1077916,0.71%
10 Feb 2022,793.3,805,805,791.4,584987,-0.75%
09 Feb 2022,799.3,799.95,812,781.05,2253223,-3.57%
08 Feb 2022,828.85,835,836.65,817.3,517859,-0.44%
07 Feb 2022,832.5,848,849.1,830,293792,-1.19%
04 Feb 2022,842.5,852.7,858.9,841,324250,-1.02%
03 Feb 2022,851.15,850,854.95,842.2,300091,0.49%
02 Feb 2022,847,833.05,848.6,832,288392,2.13%
01 Feb 2022,829.3,825,831.85,818,258723,1.21%
31 Jan 2022,819.35,820,828.5,816,272010,0.58%
28 Jan 2022,814.6,813.2,830.7,812,478071,0.70%
27 Jan 2022,808.95,816.7,822.2,796.65,593278,-1.35%
25 Jan 2022,820.05,816,827,793.3,587804,0.47%
24 Jan 2022,816.25,850,852,804,919745,-4.29%
21 Jan 2022,852.8,868.9,873.95,849,534781,-2.04%
20 Jan 2022,870.55,865.9,875,862.05,663065,0.73%
19 Jan 2022,864.2,867,874.9,857.95,604032,-0.27%
18 Jan 2022,866.5,886,893.5,863.25,989219,-1.35%
17 Jan 2022,878.35,885,885.7,870,438416,-0.59%
14 Jan 2022,883.55,885.4,887.7,879.25,304734,-0.21%
13 Jan 2022,885.4,879,888.9,874.95,605231,0.55%
12 Jan 2022,880.6,887,887,874.2,411110,-0.20%
11 Jan 2022,882.35,892,892,876.8,345752,-0.94%
10 Jan 2022,890.7,893.9,893.9,886.45,591369,0.72%
07 Jan 2022,884.3,885.85,891,877.9,923135,0.61%
06 Jan 2022,878.9,879,888,871.3,1171642,0.14%
05 Jan 2022,877.7,874.95,879.1,871,444278,0.72%
04 Jan 2022,871.45,879.25,883.9,868.7,461577,-0.52%
03 Jan 2022,876,863,877.4,863,215283,1.51%
31 Dec 2021,862.95,858,871.55,856.8,299115,0.92%
30 Dec 2021,855.05,861,862,848.8,416229,-0.27%
29 Dec 2021,857.35,857.2,864.8,852.65,343773,-0.17%
28 Dec 2021,858.8,854.7,862.8,847,439530,1.22%
27 Dec 2021,848.45,848.95,849.75,838.1,181362,-0.06%
24 Dec 2021,848.95,859.95,862.75,843.6,272905,-1.08%
23 Dec 2021,858.2,852.9,864.75,852.9,541699,0.85%
22 Dec 2021,850.95,854.7,854.7,847.3,528358,0.51%
21 Dec 2021,846.6,847.25,858,841,613176,0.30%
20 Dec 2021,844.05,872,872,834,1076963,-3.20%
17 Dec 2021,871.95,891.5,891.5,869.3,615615,-2.04%
16 Dec 2021,890.15,903,906.45,886.1,644844,-1.11%
15 Dec 2021,900.1,915.9,918.45,899,402427,-1.50%
14 Dec 2021,913.8,903.1,915.45,897.55,792411,0.63%
13 Dec 2021,908.05,929,929,906,477440,-0.80%
10 Dec 2021,915.35,913.9,921.2,911.55,666253,0.15%
09 Dec 2021,913.95,910.35,922.95,900.8,800672,0.46%
08 Dec 2021,909.8,917,917.7,900,1055910,0.26%
07 Dec 2021,907.45,896,911.15,887.1,854116,1.33%
06 Dec 2021,895.55,918,922,892.1,468282,-2.39%
03 Dec 2021,917.45,925,938,915,713370,-0.40%
02 Dec 2021,921.15,915.95,924,912.85,508133,0.97%
01 Dec 2021,912.3,926.4,931.8,906.05,548661,-0.55%
30 Nov 2021,917.3,918.15,936.95,915.05,278290,-0.09%
29 Nov 2021,918.15,928,934.35,900.9,485527,-0.77%
26 Nov 2021,925.3,932,941.95,921.35,422407,-0.80%
25 Nov 2021,932.8,939.3,941.85,922.65,244224,-0.51%
24 Nov 2021,937.6,940,952.5,935.4,363214,-0.04%
23 Nov 2021,938,941.8,944.8,916.5,1764235,-0.23%
22 Nov 2021,940.2,978.5,978.5,935,553940,-2.44%
18 Nov 2021,963.7,998,1005,959,624685,-3.63%
17 Nov 2021,999.95,1004,1010.85,998,172852,-0.78%
16 Nov 2021,1007.8,1019,1023.6,1004,136437,-1.01%
15 Nov 2021,1018.05,1010,1020.9,1005.8,242548,0.88%
12 Nov 2021,1009.2,1006.95,1017,1004,205848,0.36%
11 Nov 2021,1005.55,1012.35,1023.5,1002.6,350575,-0.67%
10 Nov 2021,1012.35,1024.6,1024.6,1006.2,245569,-0.75%
09 Nov 2021,1020,1008,1023.7,1006,268224,1.17%
08 Nov 2021,1008.25,1018,1018,1000.2,515989,-0.50%
04 Nov 2021,1013.3,1007,1020,1007,45346,0.64%
03 Nov 2021,1006.9,1017,1029.6,1002.2,339233,-0.91%
02 Nov 2021,1016.1,1016.1,1032.4,1012.75,411549,0.04%
01 Nov 2021,1015.65,1018.05,1022,1007.45,296845,1.25%
29 Oct 2021,1003.15,981.8,1009,963.5,498334,2.68%
28 Oct 2021,976.95,1000,1013.2,971.35,504783,-2.00%
27 Oct 2021,996.9,988,1012.6,987.5,556913,-1.10%
26 Oct 2021,1007.95,981.25,1010,976.9,358527,2.76%
25 Oct 2021,980.85,1000,1002.85,976.05,551185,-1.93%
22 Oct 2021,1000.2,1021.6,1025.2,994,560314,-1.92%
21 Oct 2021,1019.8,1043.75,1046.8,1016.6,472550,-2.29%
20 Oct 2021,1043.75,1061,1068.2,1038,454915,-1.80%
19 Oct 2021,1062.9,1072,1088.45,1058.95,626400,-0.60%
18 Oct 2021,1069.35,1070.1,1081.5,1065.75,502488,0.22%
14 Oct 2021,1067.05,1090.1,1092,1065,539067,-0.74%
13 Oct 2021,1075.05,1069.05,1080,1062.1,360757,1.52%
12 Oct 2021,1059,1069,1074.75,1051.1,325260,-1.06%
11 Oct 2021,1070.3,1071.1,1075.5,1066,275676,0.22%
08 Oct 2021,1067.95,1085,1085,1063.8,440440,-0.81%
07 Oct 2021,1076.65,1081.2,1087.5,1074,228548,0.12%
06 Oct 2021,1075.4,1098.5,1098.5,1073,637680,-0.44%
05 Oct 2021,1080.15,1099.5,1107.7,1079,890346,-0.98%
04 Oct 2021,1090.8,1100.05,1102.65,1087.5,275847,-0.81%
01 Oct 2021,1099.7,1082,1109,1070,972509,1.57%
30 Sep 2021,1082.65,1080,1087.8,1066.8,546767,0.70%
29 Sep 2021,1075.1,1075,1080.55,1058.75,558127,-0.42%
28 Sep 2021,1079.6,1080.4,1096.7,1075.1,772425,-0.07%
27 Sep 2021,1080.4,1100,1101,1074.15,407054,-1.52%
24 Sep 2021,1097.05,1116.8,1122.8,1090.05,561328,-0.72%
23 Sep 2021,1105,1101.1,1109,1091.1,521437,0.98%
22 Sep 2021,1094.3,1104.9,1106.9,1090,388010,-0.73%
21 Sep 2021,1102.3,1105,1113,1083.1,408836,-0.47%
20 Sep 2021,1107.55,1130,1143.65,1102,293080,-2.50%
17 Sep 2021,1135.9,1164.1,1172.65,1130,512342,-3.32%
16 Sep 2021,1174.85,1180,1185.2,1166.35,255204,-0.46%
15 Sep 2021,1180.3,1194.7,1206.3,1175.1,406977,-0.74%
14 Sep 2021,1189.05,1185,1195,1183.1,207221,0.63%
13 Sep 2021,1181.65,1166,1187.2,1156.15,308367,1.10%
09 Sep 2021,1168.8,1181.95,1189.9,1166.2,231015,-0.69%
08 Sep 2021,1176.9,1180.95,1189.45,1165.4,200914,-0.34%
07 Sep 2021,1180.95,1195,1201.85,1170.25,407754,-0.56%
06 Sep 2021,1187.6,1173.4,1191.65,1166.8,238876,1.21%
03 Sep 2021,1173.4,1190,1194.9,1162.5,282862,-0.67%
02 Sep 2021,1181.3,1150,1185,1150,476006,2.72%
01 Sep 2021,1150,1146.9,1160.8,1138,224230,0.29%
31 Aug 2021,1146.65,1136.85,1151.7,1134.55,244169,0.86%
30 Aug 2021,1136.85,1143,1143,1129.05,271016,0.44%
27 Aug 2021,1131.9,1116,1135,1110.1,188741,1.24%
26 Aug 2021,1118.05,1128.7,1132,1112.25,258370,-0.60%
25 Aug 2021,1124.75,1128,1129,1108,156919,0.49%
24 Aug 2021,1119.3,1090,1122.75,1084.5,471960,3.26%
23 Aug 2021,1084,1106.9,1117.6,1079.85,876045,-1.36%
20 Aug 2021,1098.95,1126.65,1126.65,1095,302841,-2.46%
18 Aug 2021,1126.65,1130,1138.45,1119,481038,-0.01%
17 Aug 2021,1126.75,1125,1136.85,1116.05,304844,0.03%
16 Aug 2021,1126.45,1135,1140.55,1121,152489,-1.29%
13 Aug 2021,1141.15,1147,1157.5,1137.15,227297,-0.49%
12 Aug 2021,1146.8,1120.9,1151,1117.9,461786,2.59%
11 Aug 2021,1117.85,1131.6,1133,1093.75,645398,-0.69%
10 Aug 2021,1125.65,1135.45,1154,1121.1,297965,-1.43%
09 Aug 2021,1142,1169,1169.85,1139,295336,-2.30%
06 Aug 2021,1168.85,1179.95,1187.8,1166,131276,-0.65%
05 Aug 2021,1176.45,1179.95,1188.8,1166,208065,0.20%
04 Aug 2021,1174.1,1193,1197,1170.05,239882,-1.25%
03 Aug 2021,1188.95,1186,1198,1181.8,310895,0.27%
02 Aug 2021,1185.8,1170,1189,1170,499574,1.58%
30 Jul 2021,1167.35,1119.65,1173.7,1115,1470443,5.28%
29 Jul 2021,1108.8,1185,1185,1102.35,2702433,-0.93%
28 Jul 2021,1119.25,1140,1140.5,1108.35,371128,-1.52%
27 Jul 2021,1136.5,1143,1154.7,1134,277426,-0.23%
26 Jul 2021,1139.1,1144,1150,1136.3,182190,-0.45%
23 Jul 2021,1144.25,1153,1166.5,1140.55,341985,-0.26%
22 Jul 2021,1147.25,1134.9,1149,1131.8,235834,1.37%
20 Jul 2021,1131.8,1143,1156,1128.15,265913,-1.48%
19 Jul 2021,1148.75,1154,1158.7,1138.05,373234,-0.35%
16 Jul 2021,1152.75,1159,1164.9,1146.7,247285,-0.69%
15 Jul 2021,1160.75,1175.9,1178.4,1157.55,304898,-0.77%
14 Jul 2021,1169.75,1193,1212,1166,840989,-1.40%
13 Jul 2021,1186.3,1180,1189.8,1179,372809,0.55%
12 Jul 2021,1179.85,1182.1,1189.5,1169.75,296631,0.34%
09 Jul 2021,1175.9,1167,1178.5,1161.15,325337,0.91%
08 Jul 2021,1165.25,1170,1182.8,1162.3,791180,0.00%
07 Jul 2021,1165.25,1153,1169,1150.5,591766,1.05%
06 Jul 2021,1153.15,1155,1165.45,1148.55,540817,-0.16%
05 Jul 2021,1155,1148.45,1164,1145.55,477735,1.18%
02 Jul 2021,1141.55,1146.95,1146.95,1132.55,250609,0.38%
01 Jul 2021,1137.25,1142.15,1148.95,1133.65,394575,0.07%
30 Jun 2021,1136.5,1162,1165.7,1135,406478,-1.99%
29 Jun 2021,1159.6,1159.7,1171,1146,664622,0.73%
28 Jun 2021,1151.2,1134,1157,1125.4,1216305,2.17%
25 Jun 2021,1126.75,1134.1,1138,1125,593801,-0.99%
24 Jun 2021,1138.05,1168.25,1169.95,1136,447008,-2.59%
23 Jun 2021,1168.25,1190.95,1194.45,1165,352331,-1.50%
22 Jun 2021,1186.05,1195,1203.4,1182,593553,-0.47%
21 Jun 2021,1191.7,1165.5,1196.9,1158.1,372755,0.29%
18 Jun 2021,1188.2,1254.95,1254.95,1160.5,1136427,-4.54%
17 Jun 2021,1244.75,1248,1284.4,1231.3,1085735,-0.32%
16 Jun 2021,1248.75,1270,1277,1244.3,857467,-1.35%
15 Jun 2021,1265.8,1227.8,1278.75,1220,1993785,3.61%
14 Jun 2021,1221.65,1232.95,1234.85,1201.15,469196,-0.43%
11 Jun 2021,1226.9,1190.1,1234.6,1189.3,1577211,3.22%
10 Jun 2021,1188.65,1188.7,1196.8,1171.75,307593,0.52%
09 Jun 2021,1182.45,1191.2,1216.1,1172.45,994580,-0.25%
08 Jun 2021,1185.45,1187,1194.1,1173.6,276879,0.03%
07 Jun 2021,1185.15,1192,1202.4,1179.5,518159,0.26%
04 Jun 2021,1182.1,1187.3,1192.5,1170.45,353619,-0.44%
03 Jun 2021,1187.3,1195,1198,1178.1,280801,0.09%
02 Jun 2021,1186.25,1185,1209.6,1148,452417,0.28%
01 Jun 2021,1182.95,1191.5,1214.65,1176.5,441031,-0.69%
31 May 2021,1191.15,1182,1197.55,1163,539140,1.37%
28 May 2021,1175.1,1215.7,1223.8,1172.1,587871,-2.94%
27 May 2021,1210.7,1189.95,1216.45,1169,1444494,1.71%
26 May 2021,1190.4,1155,1199.7,1142,1798442,4.54%
25 May 2021,1138.65,1139.45,1196.6,1131,2940577,-0.25%
24 May 2021,1141.5,1146.5,1157,1135.5,681804,0.94%
21 May 2021,1130.85,1125,1142.9,1112.2,525963,1.34%
20 May 2021,1115.85,1120,1127.65,1108.05,214954,-0.48%
19 May 2021,1121.25,1132.95,1138.3,1114.9,242705,-0.55%
18 May 2021,1127.45,1108.15,1133.45,1108.15,276987,1.85%
17 May 2021,1106.95,1104,1115,1084.55,569890,1.25%
14 May 2021,1093.25,1137.5,1144,1090.25,473273,-3.55%
12 May 2021,1133.45,1166,1174.85,1127.85,292247,-2.80%
11 May 2021,1166.1,1157.95,1188.9,1143,452899,0.32%
10 May 2021,1162.35,1159.95,1170,1157.25,164921,0.38%
07 May 2021,1157.95,1149,1160.95,1136.5,247037,0.77%
06 May 2021,1149.1,1152.95,1158.6,1138.5,200518,0.30%
05 May 2021,1145.7,1164,1179,1132.8,503803,-0.24%
04 May 2021,1148.5,1143,1165,1138.5,600865,0.93%
03 May 2021,1137.9,1126.25,1152,1117.2,531738,1.12%
30 Apr 2021,1125.35,1097.55,1143.75,1087.6,584164,2.53%
29 Apr 2021,1097.55,1112,1120.2,1094.55,292095,-1.09%
28 Apr 2021,1109.65,1111.4,1123.75,1101,292283,0.15%
27 Apr 2021,1108,1102,1118,1096.5,231310,0.48%
26 Apr 2021,1102.7,1115.85,1120.75,1100,206047,-0.55%
23 Apr 2021,1108.85,1080,1112.7,1080,302773,1.58%
22 Apr 2021,1091.6,1070.55,1096,1066.65,245343,1.42%
20 Apr 2021,1076.35,1092,1109.95,1071.7,517026,-0.49%
19 Apr 2021,1081.65,1070.5,1085,1055.3,199869,-1.99%
16 Apr 2021,1103.65,1089.5,1107,1080.1,288518,1.85%
15 Apr 2021,1083.65,1094.1,1117.75,1074.05,561205,-0.96%
13 Apr 2021,1094.2,1075,1103.15,1063.35,700497,1.24%
12 Apr 2021,1080.85,1126,1126.55,1075,730986,-4.85%
09 Apr 2021,1135.9,1135.95,1144.95,1116.05,536215,0.41%
08 Apr 2021,1131.25,1124.9,1143,1112.2,633745,0.75%
07 Apr 2021,1122.85,1096.95,1130,1094.55,651207,2.66%
06 Apr 2021,1093.8,1135,1143.2,1090,856911,-3.59%
05 Apr 2021,1134.55,1180,1180,1115,555399,-3.97%
01 Apr 2021,1181.5,1183.05,1193.9,1157.1,454224,1.07%
31 Mar 2021,1168.95,1165,1199.9,1160.95,593455,0.70%
30 Mar 2021,1160.8,1137.05,1164.85,1137.05,257210,2.13%
26 Mar 2021,1136.55,1160,1167,1124.25,470938,-0.40%
25 Mar 2021,1141.1,1170,1170,1130.6,636618,-1.71%
24 Mar 2021,1160.95,1157.7,1179.9,1143.05,655534,0.04%
23 Mar 2021,1160.45,1126,1164.5,1125.25,621779,3.28%
22 Mar 2021,1123.6,1122.4,1138.95,1112.8,404991,0.98%
19 Mar 2021,1112.7,1119,1120.4,1078,615891,-0.43%
18 Mar 2021,1117.5,1151.3,1183.55,1106.3,834244,-2.42%
17 Mar 2021,1145.25,1190,1206.45,1141.9,390186,-3.64%
16 Mar 2021,1188.5,1222.75,1230,1183,475352,-2.85%
15 Mar 2021,1223.35,1202.3,1226.4,1182,733114,1.26%
12 Mar 2021,1208.1,1185,1218.5,1175.3,1239058,3.33%
10 Mar 2021,1169.15,1180.95,1197.3,1161.5,447343,-0.92%
09 Mar 2021,1180,1207.95,1214.95,1171.15,421480,-2.04%
08 Mar 2021,1204.6,1229.9,1238,1200.35,638805,-1.19%
05 Mar 2021,1219.05,1197,1257,1194.65,2290987,1.49%
04 Mar 2021,1201.2,1181,1218.9,1175,457325,1.65%
03 Mar 2021,1181.65,1184.25,1214.9,1177.2,496604,-0.22%
02 Mar 2021,1184.2,1163,1202.4,1161.05,593277,2.21%
01 Mar 2021,1158.55,1161,1171.55,1141.7,386954,0.01%
26 Feb 2021,1158.4,1168.2,1204.05,1152,644317,-3.28%
25 Feb 2021,1197.7,1143,1207,1133.6,1251626,5.65%
24 Feb 2021,1133.6,1140,1155,1121,221354,0.40%
23 Feb 2021,1129.05,1152.25,1165.3,1123.2,509328,-1.85%
22 Feb 2021,1150.35,1170,1179.7,1144.4,593322,-2.76%
19 Feb 2021,1183.05,1168,1206,1164.55,1523367,1.58%
18 Feb 2021,1164.7,1159,1234,1148.25,4096352,1.20%
17 Feb 2021,1150.85,1150,1157.9,1129.15,527046,0.49%
16 Feb 2021,1145.25,1129,1149.95,1127,561526,1.45%
15 Feb 2021,1128.85,1141.1,1145.55,1125,314625,-1.03%
12 Feb 2021,1140.55,1163,1178.2,1132.55,789522,-1.99%
11 Feb 2021,1163.65,1128,1184.7,1124,2075301,3.11%
10 Feb 2021,1128.55,1154.8,1154.8,1098.85,1510652,-1.01%
09 Feb 2021,1140.05,1117,1154.65,1103.75,1483268,2.66%
08 Feb 2021,1110.5,1090,1114.1,1090,541994,2.54%
05 Feb 2021,1083,1108,1121,1075.1,556310,-1.66%
04 Feb 2021,1101.25,1083,1105,1076.4,530156,1.54%
03 Feb 2021,1084.55,1080.95,1098.95,1075,400019,0.33%
02 Feb 2021,1080.95,1075.15,1086,1061.2,614642,1.08%
01 Feb 2021,1069.4,1035.1,1074,1022.45,608562,3.31%
29 Jan 2021,1035.1,1065.7,1065.7,1028.2,386722,-1.95%
28 Jan 2021,1055.7,1025.15,1065,1025.15,535036,1.16%
27 Jan 2021,1043.6,1055,1080,1035.05,1264231,-0.83%
25 Jan 2021,1052.3,1046.15,1063,1011.35,916591,1.08%
22 Jan 2021,1041.05,1035,1065.95,1019,1742494,-0.06%
21 Jan 2021,1041.7,1094.95,1095,1037.15,789327,-4.00%
20 Jan 2021,1085.1,1084.9,1094.5,1071.05,468600,0.67%
19 Jan 2021,1077.9,1046,1079.95,1046,497055,3.08%
18 Jan 2021,1045.65,1082.5,1083.25,1038,575516,-4.14%
15 Jan 2021,1090.8,1118,1124.25,1073.3,588418,-1.77%
14 Jan 2021,1110.5,1113.9,1127.7,1097.65,563608,-0.31%
13 Jan 2021,1113.9,1138.75,1139,1094.9,439109,-1.13%
12 Jan 2021,1126.65,1131.2,1146,1123.5,1069239,0.04%
11 Jan 2021,1126.15,1118.1,1130.9,1102.85,592423,0.86%
08 Jan 2021,1116.55,1120.05,1134.3,1112.55,623408,-0.05%
07 Jan 2021,1117.1,1140,1147.35,1113.2,1448924,-1.10%
06 Jan 2021,1129.5,1109.9,1132.7,1100,1462556,3.01%
05 Jan 2021,1096.45,1090,1130,1085.35,3324073,1.21%
04 Jan 2021,1083.35,1065,1084.75,1060.1,617427,2.21%
01 Jan 2021,1059.95,1062.8,1074,1058.05,409774,-0.12%
31 Dec 2020,1061.2,1059.9,1079.1,1058,649905,-0.86%
30 Dec 2020,1070.4,1095,1095,1065.6,1084657,-1.13%
29 Dec 2020,1082.6,1059.7,1086,1049.25,1468432,2.86%
28 Dec 2020,1052.45,1060,1074.4,1048.05,606515,0.14%
24 Dec 2020,1051,1061.9,1072.2,1046.5,384752,-0.51%
23 Dec 2020,1056.35,1041,1064,1037,714102,0.93%
22 Dec 2020,1046.65,1015.2,1058.7,997.25,1338868,3.10%
21 Dec 2020,1015.2,1040,1066.85,989.7,1081347,-2.64%
18 Dec 2020,1042.7,1042,1056.45,1026.1,952355,0.02%
17 Dec 2020,1042.45,1060.05,1066.9,1040.2,445154,-1.90%
16 Dec 2020,1062.6,1060,1072.5,1052.5,603753,0.67%
15 Dec 2020,1055.55,1083,1085.95,1041.5,927781,-1.92%
14 Dec 2020,1076.25,1065,1098.7,1061.6,2660270,1.61%
11 Dec 2020,1059.2,1042,1064.5,1039.35,817204,2.07%
10 Dec 2020,1037.75,1037.5,1050,1030.95,633414,-0.06%
09 Dec 2020,1038.35,1037.05,1062.8,1033.2,1191998,0.04%
08 Dec 2020,1037.9,1041,1044,1020.3,419454,-0.30%
07 Dec 2020,1041.05,1040,1044.9,1026.15,386734,0.34%
04 Dec 2020,1037.55,1047.25,1055.7,1025,522561,-0.35%
03 Dec 2020,1041.15,1050,1051.65,1022,815381,0.09%
02 Dec 2020,1040.25,1055.1,1070.85,1030.05,1212696,-1.80%
01 Dec 2020,1059.35,1063.9,1084.5,1047.6,2269915,-0.43%
27 Nov 2020,1063.9,972,1068.4,972,9103753,14.51%
26 Nov 2020,929.05,927.1,937.9,921.15,488047,-0.16%
25 Nov 2020,930.5,945,950,927.7,568120,-1.06%
24 Nov 2020,940.5,946.95,949.5,932.35,751088,-0.24%
23 Nov 2020,942.75,930,955.45,928,1596108,1.21%
20 Nov 2020,931.45,922.05,939,921.3,930461,1.10%
19 Nov 2020,921.3,909.6,938.8,907,2676032,1.79%
18 Nov 2020,905.1,885,908,882.25,2988744,4.05%
17 Nov 2020,869.9,866,873.55,856.25,656402,0.78%
14 Nov 2020,863.2,865.9,869.85,860,101032,0.38%
13 Nov 2020,859.95,881,892.7,853,2231081,-2.14%
12 Nov 2020,878.8,879,892.7,875,1317587,0.74%
11 Nov 2020,872.35,857.3,874.55,856,1028912,2.32%
10 Nov 2020,852.55,850,863,842.45,792395,0.84%
09 Nov 2020,845.45,843,854.3,838.7,847009,0.94%
06 Nov 2020,837.6,845,848,835,558270,-0.52%
05 Nov 2020,842,824,849.6,821,876930,2.65%
04 Nov 2020,820.3,815.1,825,810.15,473079,0.70%
03 Nov 2020,814.6,817,823,813.05,319146,-0.18%
02 Nov 2020,816.05,816.5,827.3,809.1,377954,0.14%
30 Oct 2020,814.9,813.2,829,807.05,427737,0.21%
29 Oct 2020,813.2,813,824.5,809.1,526186,-0.96%
28 Oct 2020,821.05,848.4,850,817.25,1044702,-2.52%
27 Oct 2020,842.25,820,846.15,813.2,918707,2.72%
26 Oct 2020,819.95,824.7,838,816.6,978162,-0.15%
23 Oct 2020,821.15,831.6,836,819,666038,-0.89%
22 Oct 2020,828.55,819,837.35,812,1053638,0.82%
21 Oct 2020,821.8,830.8,834.8,812.55,847137,-0.93%
20 Oct 2020,829.5,826.1,839.9,825.75,692179,0.36%
19 Oct 2020,826.55,827.9,829.9,812.2,429150,0.69%
16 Oct 2020,820.85,817.65,835.9,797.1,1594477,0.77%
15 Oct 2020,814.6,795.7,828,793,2593337,2.76%
14 Oct 2020,792.7,784.7,797.2,779.65,982053,0.60%
13 Oct 2020,787.95,809.9,809.9,785.75,1325891,-2.73%
12 Oct 2020,810.1,823.95,825.7,804.1,1147214,-1.68%
09 Oct 2020,823.95,836.5,838.25,821.6,994941,-1.66%
08 Oct 2020,837.9,827,844,818,1582922,1.10%
07 Oct 2020,828.8,856.9,856.9,827,1137704,-3.39%
06 Oct 2020,857.9,856,860.65,845,690343,0.42%
05 Oct 2020,854.35,864,872.95,852,547684,-1.12%
01 Oct 2020,864.05,851.25,874.7,839.1,1372140,4.10%
30 Sep 2020,830.05,840,845.75,823.4,571227,-0.71%
29 Sep 2020,836,856,865.5,825.2,826553,-1.61%
28 Sep 2020,849.7,827,854.8,825,908318,3.46%
25 Sep 2020,821.3,821.5,836.25,812.2,1051885,0.40%
24 Sep 2020,818.05,844,846.95,816,837156,-2.95%
23 Sep 2020,842.9,860,865,834.15,666476,-0.99%
22 Sep 2020,851.3,888,889,830.35,3108378,-3.96%
21 Sep 2020,886.4,923.7,941,878.35,1848325,-3.56%
18 Sep 2020,919.15,916,928.75,911.9,1072290,0.82%
17 Sep 2020,911.7,911.6,918,904.05,430542,0.26%
16 Sep 2020,909.3,917,920,905,1016046,-2.91%
15 Sep 2020,936.55,939.45,941,917.5,714646,0.73%
14 Sep 2020,929.75,911,949,911,1350393,2.61%
11 Sep 2020,906.1,898.9,909.8,895.1,867419,1.08%
10 Sep 2020,896.4,900,909.45,885,682944,0.24%
09 Sep 2020,894.25,884.95,900,876.15,775277,0.41%
08 Sep 2020,890.6,905.15,911.5,888,738912,-1.50%
07 Sep 2020,904.15,914.95,923.65,896.6,613955,-0.90%
04 Sep 2020,912.4,918,927.8,900,716437,-1.50%
03 Sep 2020,926.25,918,942,915.7,1070176,1.39%
02 Sep 2020,913.55,919,929.9,906.4,1427130,0.85%
01 Sep 2020,905.85,952,959.95,893.35,2674771,-4.85%
31 Aug 2020,952,999,1009,950,1163989,-4.06%
28 Aug 2020,992.25,999.5,1004.7,987.65,846032,-0.06%
27 Aug 2020,992.8,1016,1020,990,931220,-2.20%
26 Aug 2020,1015.1,1040,1042.1,1011.25,863962,-2.26%
25 Aug 2020,1038.6,1064.95,1072.95,1033.9,854865,-2.02%
24 Aug 2020,1060.05,1049,1074.9,1045.05,1624120,1.62%
21 Aug 2020,1043.1,1021.7,1056,1020.55,2760772,3.05%
20 Aug 2020,1012.25,966.65,1018.9,965.1,2416683,4.45%
19 Aug 2020,969.1,975,975,960.6,616229,-0.15%
18 Aug 2020,970.6,959.5,973.9,959.5,538412,1.35%
17 Aug 2020,957.7,978,978,952,837705,-1.46%
14 Aug 2020,971.85,984,991.75,968,517352,-1.23%
13 Aug 2020,983.95,990.25,1004.8,981,1108782,0.23%
12 Aug 2020,981.65,971.3,986.95,966.1,544636,1.07%
11 Aug 2020,971.25,980,992.1,967.55,1079422,0.35%
10 Aug 2020,967.9,964,970,946,692507,-0.11%
07 Aug 2020,969,985,987.55,959,775997,-1.56%
06 Aug 2020,984.35,991.65,991.95,969.5,576447,-0.29%
05 Aug 2020,987.25,975,991.9,971.5,725975,1.83%
04 Aug 2020,969.55,970.15,977.4,962,667781,-0.28%
03 Aug 2020,972.3,970,983.75,969,319294,-0.22%
31 Jul 2020,974.45,989.2,992.6,970.05,731360,-1.28%
30 Jul 2020,987.1,1009.9,1014.25,985.1,402164,-1.86%
29 Jul 2020,1005.85,1000.7,1015.9,995.35,731289,0.64%
28 Jul 2020,999.5,1001.9,1008.9,990.85,563628,-0.24%
27 Jul 2020,1001.9,1027.9,1032.5,999.8,535939,-2.53%
24 Jul 2020,1027.9,1027,1035.3,1007,573795,-0.01%
23 Jul 2020,1028.05,1002,1036.9,999,1565080,2.47%
22 Jul 2020,1003.25,1000.9,1013.4,986,510513,0.16%
21 Jul 2020,1001.65,1017,1017,985.5,739511,-0.50%
20 Jul 2020,1006.65,998.4,1015,996.05,705363,1.28%
17 Jul 2020,993.9,981,1001.6,974.2,1132274,1.20%
16 Jul 2020,982.15,987,987,959,722731,0.18%
15 Jul 2020,980.4,1000,1003.25,976.35,894344,-0.92%
14 Jul 2020,989.5,969.95,992,967.1,1431269,2.02%
13 Jul 2020,969.95,970.4,983.4,962.9,685399,0.00%
10 Jul 2020,969.95,1012,1019,963.3,1991447,-4.16%
09 Jul 2020,1012,1007.9,1022.45,996,1965498,0.46%
08 Jul 2020,1007.35,1028.55,1032,1001,1576167,-2.06%
07 Jul 2020,1028.55,1060,1079.1,1024.1,1989742,-4.19%
06 Jul 2020,1073.55,1080,1088.15,1068.6,460284,0.21%
03 Jul 2020,1071.25,1058.2,1079.75,1049.05,796618,2.24%
02 Jul 2020,1047.8,1055,1062.95,1046,542838,-0.21%
01 Jul 2020,1050.05,1050,1058.9,1033.6,631653,-0.19%
30 Jun 2020,1052.1,1056,1074,1049.15,656947,0.81%
29 Jun 2020,1043.65,1080,1087,1039,696422,-3.11%
26 Jun 2020,1077.15,1084,1092.2,1071,410500,0.71%
25 Jun 2020,1069.6,1060.9,1073.9,1035,874078,0.63%
24 Jun 2020,1062.95,1067,1112.2,1047.95,1605125,0.47%
23 Jun 2020,1058,1058.7,1066,1041.8,583350,0.42%
22 Jun 2020,1053.55,1077,1089.45,1050.05,1168185,-2.05%
19 Jun 2020,1075.65,1082.65,1094.6,1061,1159154,-0.65%
18 Jun 2020,1082.65,1042.8,1090.45,1033.05,1467632,3.56%
17 Jun 2020,1045.4,1052.75,1068.7,1040.7,720198,-0.33%
16 Jun 2020,1048.85,1075,1084.6,1034.8,2181100,-1.96%
15 Jun 2020,1069.8,1076,1097.4,1062,1682066,-0.41%
12 Jun 2020,1074.2,1004.95,1087.3,1001,2261363,3.66%
11 Jun 2020,1036.3,995,1048.8,993.3,2923939,4.33%
10 Jun 2020,993.3,1010,1010,983,1076796,-0.36%
09 Jun 2020,996.85,998,1013,992,1133170,0.84%
08 Jun 2020,988.55,1020,1042,985.1,1134082,-2.38%
05 Jun 2020,1012.65,1038.25,1038.25,1002,1165374,-1.17%
04 Jun 2020,1024.65,1048,1058,1015.55,2845144,1.07%
03 Jun 2020,1013.85,971.4,1024.4,969.2,1827727,4.91%
02 Jun 2020,966.4,967,979.85,942.5,1102110,0.47%
01 Jun 2020,961.9,982,1001.4,953.35,1041865,-1.10%
29 May 2020,972.6,923,980.05,919.05,1058763,5.18%
28 May 2020,924.7,919,942.7,917,603782,0.76%
27 May 2020,917.7,932,949.3,915,606882,-1.37%
26 May 2020,930.4,895.8,935,894.6,704497,4.00%
22 May 2020,894.6,906.9,909.9,886.35,445497,-1.36%
21 May 2020,906.95,898,916.7,897.1,708809,1.05%
20 May 2020,897.5,885,904.15,880.15,483243,0.97%
19 May 2020,888.85,886.2,910,872.4,641697,0.81%
18 May 2020,881.7,900.1,900.8,872.15,425606,-1.25%
15 May 2020,892.85,902,912.95,887.3,330883,-1.01%
14 May 2020,902,922.8,939.7,891.3,412466,-2.18%
13 May 2020,922.1,928.9,928.9,903.3,495953,1.71%
12 May 2020,906.6,895,915.15,877.65,421098,0.72%
11 May 2020,900.1,865,905,862.8,1013673,4.73%
08 May 2020,859.45,880.5,894,855.6,708735,-1.51%
07 May 2020,872.65,894.25,907.65,863.3,817591,-2.42%
06 May 2020,894.25,900.5,922,881.05,1458669,-1.58%
05 May 2020,908.65,959.9,959.9,905,574404,-3.50%
04 May 2020,941.65,932.1,975.75,932.1,607293,-3.20%
30 Apr 2020,972.75,955,978.1,955,747780,2.81%
29 Apr 2020,946.2,967.7,990,940.25,1211246,-1.37%
28 Apr 2020,959.35,928,965.5,924,678818,3.66%
27 Apr 2020,925.5,927,939.8,916.05,274980,1.36%
24 Apr 2020,913.05,912,936.95,890,718412,0.07%
23 Apr 2020,912.4,937.6,950,908.05,660155,-2.17%
22 Apr 2020,932.6,942,943.55,901.55,687505,-1.79%
21 Apr 2020,949.55,950,959,940.55,675268,-1.07%
20 Apr 2020,959.85,952,986.85,945.8,882069,1.33%
17 Apr 2020,947.25,948.15,968.4,941.65,1364794,0.83%
16 Apr 2020,939.45,939,958,921,780373,-0.16%
15 Apr 2020,940.95,958.95,968.95,925.7,864920,-0.92%
13 Apr 2020,949.65,910,960,872,985520,5.70%
09 Apr 2020,898.45,917,917,882.2,586149,0.88%
08 Apr 2020,890.6,862.6,941.75,859.5,1068870,3.62%
07 Apr 2020,859.5,845,885.5,832.65,677243,4.24%
03 Apr 2020,824.5,819,844.45,801.15,696751,1.18%
01 Apr 2020,814.9,819.95,833.7,801.1,275019,-0.43%
31 Mar 2020,818.45,820,829.8,782.35,537529,3.32%
30 Mar 2020,792.15,800,810,778.05,403182,-2.75%
27 Mar 2020,814.55,890,933.1,801,1037951,-5.42%
26 Mar 2020,861.25,765,872.7,758.7,1197918,15.81%
25 Mar 2020,743.7,700.2,778.65,693.95,780746,4.56%
24 Mar 2020,711.25,730,753.2,682.8,690513,1.67%
23 Mar 2020,699.55,715,791.6,692,407425,-11.77%
20 Mar 2020,792.85,757,818.15,730,691503,6.04%
19 Mar 2020,747.7,700.4,765,663.9,1466609,0.19%
18 Mar 2020,746.3,881.3,891.6,696.3,1519541,-15.00%
17 Mar 2020,878,880,887.85,850,315359,0.94%
16 Mar 2020,869.85,905,909.95,854.1,637576,-7.37%
13 Mar 2020,939.1,840,971.85,780.55,815750,3.17%
12 Mar 2020,910.25,948,951.2,901.25,919508,-6.69%
11 Mar 2020,975.5,958.2,992.45,958.2,615990,1.29%
09 Mar 2020,963.1,980,985,946,440639,-3.59%
06 Mar 2020,999,952,1007.7,952,468282,-2.45%
05 Mar 2020,1024.05,1027.6,1034.05,1010,494916,0.77%
04 Mar 2020,1016.25,1037,1049.45,984,777129,-1.67%
03 Mar 2020,1033.5,1010,1069,1010,1896743,3.30%
02 Mar 2020,1000.45,1020,1032.6,993,577674,-0.48%
28 Feb 2020,1005.3,1049,1049,995,1230192,-5.34%
27 Feb 2020,1062.05,1082,1088.8,1051.75,570114,-1.24%
26 Feb 2020,1075.35,1094,1107,1071.1,636854,-2.20%
25 Feb 2020,1099.55,1101.9,1109.9,1080.2,771325,-0.18%
24 Feb 2020,1101.5,1119,1132.85,1095.8,636816,-2.31%
20 Feb 2020,1127.6,1148,1153,1123.15,731297,-0.89%
19 Feb 2020,1137.75,1150.9,1164.4,1121.95,801261,-0.02%
18 Feb 2020,1138,1134,1174,1117.35,1526981,0.34%
17 Feb 2020,1134.2,1167,1168,1130,799669,-2.30%
14 Feb 2020,1160.95,1185,1194.45,1157,868857,-2.53%
13 Feb 2020,1191.1,1223.95,1234.4,1171.9,2146732,-2.71%
12 Feb 2020,1224.3,1189,1233.8,1175.1,1448109,4.27%
11 Feb 2020,1174.15,1203.5,1204.4,1168.75,688930,-1.78%
10 Feb 2020,1195.45,1175,1212,1155,1219428,-0.25%
07 Feb 2020,1198.5,1198.25,1214.9,1182.55,925426,0.64%
06 Feb 2020,1190.9,1200,1213.9,1183.85,565554,-0.06%
05 Feb 2020,1191.65,1205,1214.25,1186.15,438451,-0.68%
04 Feb 2020,1199.85,1170,1209.9,1170,889718,2.99%
03 Feb 2020,1165.05,1161,1178.9,1151.2,551834,0.22%
01 Feb 2020,1162.55,1174.7,1211.55,1143.95,1442426,-0.94%
31 Jan 2020,1173.55,1239.9,1242.35,1170,1351299,-5.12%
30 Jan 2020,1236.9,1227,1246.2,1208.15,1068514,0.85%
29 Jan 2020,1226.45,1237,1245,1220,1126829,-0.19%
28 Jan 2020,1228.8,1179,1241,1179,1751440,3.63%
27 Jan 2020,1185.75,1180.95,1206.65,1178,968841,0.36%
24 Jan 2020,1181.55,1181.95,1198,1175.1,1018094,0.15%
23 Jan 2020,1179.75,1143,1183.9,1136.15,1923129,3.43%
22 Jan 2020,1140.65,1160,1165,1131.35,907437,-0.49%
21 Jan 2020,1146.3,1125,1161,1125,1018999,1.02%
20 Jan 2020,1134.7,1141,1169.9,1131.15,1483104,-0.20%
17 Jan 2020,1136.95,1124,1172.95,1110.7,2530053,1.00%
16 Jan 2020,1125.65,1102,1148,1094,3794668,2.24%
15 Jan 2020,1101,1019.95,1110.65,1018.5,4483234,8.55%
14 Jan 2020,1014.3,1007,1024,1006.6,598095,0.92%
13 Jan 2020,1005.05,1006,1014,1001.2,334029,-0.05%
10 Jan 2020,1005.6,1029,1029,999,798825,-2.26%
09 Jan 2020,1028.9,1039.95,1042,1023.65,456854,-0.49%
08 Jan 2020,1033.95,1044.9,1044.9,1027.05,839540,-0.65%
07 Jan 2020,1040.75,1052,1063.8,1036.15,416576,-0.84%
